success_rate,collision_rate,mean_min_distance,near_miss_rate,mean_time,mean_episode_reward,distance_warning_cost_mean,distance_warning_cost_p50,distance_warning_cost_p90,distance_warning_cost_p95,distance_warning_cost_max,risk_sum_mean,risk_sum_p50,risk_sum_p90,risk_sum_p95,risk_sum_max,risk_max_mean,risk_max_p50,risk_max_p90,risk_max_p95,risk_max_max,applied_cost_mean,distance_warning_cost_nonzero_rate,scenario_valid_rate,planned_threat_valid_rate,threat_valid_rate,realized_near_miss_rate,predicted_cpa_to_nominal_path_mean
0.9800000190734863,0.019999999552965164,2.1767771244049072,0.05999999865889549,9.820000648498535,21.646326065063477,0.010427542962133884,0.0,0.027089746668934822,0.07167495042085648,2.172783374786377,0.025286173447966576,0.0024604860227555037,0.08793383836746216,0.1392901986837387,1.102123737335205,0.023952467367053032,0.0024110754020512104,0.08272784948348999,0.13064366579055786,0.9001510143280029,0.0,0.34,1.0,1.0,1.0,0.14000000059604645,nan
