success_rate,collision_rate,mean_min_distance,near_miss_rate,mean_time,mean_episode_reward,distance_warning_cost_mean,distance_warning_cost_p50,distance_warning_cost_p90,distance_warning_cost_p95,distance_warning_cost_max,risk_sum_mean,risk_sum_p50,risk_sum_p90,risk_sum_p95,risk_sum_max,risk_max_mean,risk_max_p50,risk_max_p90,risk_max_p95,risk_max_max,applied_cost_mean,distance_warning_cost_nonzero_rate,scenario_valid_rate,planned_threat_valid_rate,threat_valid_rate,realized_near_miss_rate,predicted_cpa_to_nominal_path_mean
0.9599999785423279,0.03999999910593033,1.3689091205596924,0.2199999988079071,10.052000999450684,20.71188735961914,0.08698944747447968,0.031215395778417587,0.24714161455631256,0.38240641355514526,3.0197396278381348,0.09235215187072754,0.04546160623431206,0.2479354292154312,0.33303558826446533,1.1600232124328613,0.08735576272010803,0.042036205530166626,0.23718254268169403,0.31805911660194397,0.9488998055458069,0.0,0.92,1.0,1.0,1.0,0.6800000071525574,nan
