success_rate,collision_rate,mean_min_distance,near_miss_rate,mean_time,mean_episode_reward,distance_warning_cost_mean,distance_warning_cost_p50,distance_warning_cost_p90,distance_warning_cost_p95,distance_warning_cost_max,risk_sum_mean,risk_sum_p50,risk_sum_p90,risk_sum_p95,risk_sum_max,risk_max_mean,risk_max_p50,risk_max_p90,risk_max_p95,risk_max_max,applied_cost_mean,distance_warning_cost_nonzero_rate,scenario_valid_rate,planned_threat_valid_rate,threat_valid_rate,realized_near_miss_rate,predicted_cpa_to_nominal_path_mean
1.0,0.0,2.1682140827178955,0.019999999552965164,9.48799991607666,22.140884399414062,0.00394807942211628,0.0,0.002509619574993849,0.03184359520673752,1.0459890365600586,0.0013127060374245048,8.597844459400626e-16,0.00010917717008851469,0.004289727658033371,0.7732136845588684,0.0013127060374245048,8.473539198017505e-16,0.00010917717008851469,0.004289727658033371,0.7732136845588684,0.0,0.3,1.0,1.0,1.0,0.11999999731779099,nan
