success_rate,collision_rate,mean_min_distance,near_miss_rate,mean_time,mean_episode_reward,distance_warning_cost_mean,distance_warning_cost_p50,distance_warning_cost_p90,distance_warning_cost_p95,distance_warning_cost_max,risk_sum_mean,risk_sum_p50,risk_sum_p90,risk_sum_p95,risk_sum_max,risk_max_mean,risk_max_p50,risk_max_p90,risk_max_p95,risk_max_max,applied_cost_mean,distance_warning_cost_nonzero_rate,scenario_valid_rate,planned_threat_valid_rate,threat_valid_rate,realized_near_miss_rate,predicted_cpa_to_nominal_path_mean
0.8999999761581421,0.10000000149011612,1.0338417291641235,0.46000000834465027,9.315999984741211,18.701444625854492,0.00982733815908432,0.0053234766237437725,0.0230158232152462,0.027879176661372185,0.4206477105617523,0.11260427534580231,0.07014800608158112,0.2478499859571457,0.35217827558517456,0.9321278929710388,0.11070535331964493,0.06968426704406738,0.23933935165405273,0.3433953523635864,0.9321278929710388,0.0,0.46,1.0,1.0,1.0,0.9200000166893005,nan
