success_rate,collision_rate,mean_min_distance,near_miss_rate,mean_time,mean_episode_reward,distance_warning_cost_mean,distance_warning_cost_p50,distance_warning_cost_p90,distance_warning_cost_p95,distance_warning_cost_max,risk_sum_mean,risk_sum_p50,risk_sum_p90,risk_sum_p95,risk_sum_max,risk_max_mean,risk_max_p50,risk_max_p90,risk_max_p95,risk_max_max,applied_cost_mean,distance_warning_cost_nonzero_rate,scenario_valid_rate,planned_threat_valid_rate,threat_valid_rate,realized_near_miss_rate,predicted_cpa_to_nominal_path_mean
0.9800000190734863,0.019999999552965164,1.97945237159729,0.07999999821186066,9.319999694824219,21.839374542236328,0.00038355932338163257,0.0,3.57329954567831e-05,0.0005619842559099197,0.6925681829452515,0.01919783279299736,0.0009102057083509862,0.06750421226024628,0.11820809543132782,0.9670037031173706,0.018405985087156296,0.0009050301741808653,0.06535038352012634,0.11223988234996796,0.9669982194900513,0.0,0.08,1.0,1.0,1.0,0.18000000715255737,nan
