success_rate,collision_rate,mean_min_distance,near_miss_rate,mean_time,mean_episode_reward,distance_warning_cost_mean,distance_warning_cost_p50,distance_warning_cost_p90,distance_warning_cost_p95,distance_warning_cost_max,risk_sum_mean,risk_sum_p50,risk_sum_p90,risk_sum_p95,risk_sum_max,risk_max_mean,risk_max_p50,risk_max_p90,risk_max_p95,risk_max_max,applied_cost_mean,distance_warning_cost_nonzero_rate,scenario_valid_rate,planned_threat_valid_rate,threat_valid_rate,realized_near_miss_rate,predicted_cpa_to_nominal_path_mean
1.0,0.0,1.9873064756393433,0.019999999552965164,8.820000648498535,22.107820510864258,0.004224493633955717,0.0,0.002717356663197279,0.03327468782663345,1.025991678237915,0.0012859641574323177,2.0121833056518197e-15,0.00010288028715876862,0.005144287832081318,0.7668763399124146,0.0012859641574323177,2.0121786469706098e-15,0.00010288020712323487,0.005144287832081318,0.7668763399124146,0.0,0.44,1.0,1.0,1.0,0.10000000149011612,nan
