success_rate,collision_rate,mean_min_distance,near_miss_rate,mean_time,mean_episode_reward,distance_warning_cost_mean,distance_warning_cost_p50,distance_warning_cost_p90,distance_warning_cost_p95,distance_warning_cost_max,risk_sum_mean,risk_sum_p50,risk_sum_p90,risk_sum_p95,risk_sum_max,risk_max_mean,risk_max_p50,risk_max_p90,risk_max_p95,risk_max_max,applied_cost_mean,distance_warning_cost_nonzero_rate,scenario_valid_rate,planned_threat_valid_rate,threat_valid_rate,realized_near_miss_rate,predicted_cpa_to_nominal_path_mean
0.9399999976158142,0.05999999865889549,1.288306713104248,0.23999999463558197,10.496001243591309,20.202913284301758,0.08263826370239258,0.02736438252031803,0.22904886305332184,0.4166983664035797,2.455167770385742,0.0749647244811058,0.029320357367396355,0.2174587845802307,0.3145243525505066,1.4077880382537842,0.06782255321741104,0.027823615819215775,0.19116443395614624,0.2782970368862152,0.9170250296592712,0.0,0.94,1.0,1.0,1.0,0.6800000071525574,nan
