success_rate,collision_rate,mean_min_distance,near_miss_rate,mean_time,mean_episode_reward,distance_warning_cost_mean,distance_warning_cost_p50,distance_warning_cost_p90,distance_warning_cost_p95,distance_warning_cost_max,risk_sum_mean,risk_sum_p50,risk_sum_p90,risk_sum_p95,risk_sum_max,risk_max_mean,risk_max_p50,risk_max_p90,risk_max_p95,risk_max_max,applied_cost_mean,distance_warning_cost_nonzero_rate,scenario_valid_rate,planned_threat_valid_rate,threat_valid_rate,realized_near_miss_rate,predicted_cpa_to_nominal_path_mean
0.9200000166893005,0.07999999821186066,1.2025223970413208,0.3400000035762787,8.880000114440918,19.864931106567383,0.1407104879617691,0.06508410722017288,0.34826919436454773,0.5558128356933594,2.668673276901245,0.10724583268165588,0.059703219681978226,0.256261944770813,0.36129361391067505,1.8975021839141846,0.09917613863945007,0.05765349045395851,0.23323653638362885,0.32487013936042786,0.9293419718742371,0.0,0.94,1.0,1.0,1.0,0.7799999713897705,nan
