success_rate,collision_rate,mean_min_distance,near_miss_rate,mean_time,mean_episode_reward,distance_warning_cost_mean,distance_warning_cost_p50,distance_warning_cost_p90,distance_warning_cost_p95,distance_warning_cost_max,risk_sum_mean,risk_sum_p50,risk_sum_p90,risk_sum_p95,risk_sum_max,risk_max_mean,risk_max_p50,risk_max_p90,risk_max_p95,risk_max_max,applied_cost_mean,distance_warning_cost_nonzero_rate,scenario_valid_rate,planned_threat_valid_rate,threat_valid_rate,realized_near_miss_rate,predicted_cpa_to_nominal_path_mean,mean_reaction_eval_style,mean_reaction_nan_style,nan_reaction_rate,no_response_count,total_episodes,reaction_time,mean_risk_rise_time,mean_min_distance_after_turn
0.9800000190734863,0.019999999552965164,1.6761369705200195,0.11999999731779099,9.823999404907227,21.709758758544922,0.00030578571022488177,0.0,3.089025631197728e-05,0.0009125524666160345,0.426095187664032,0.016567274928092957,0.00036735611502081156,0.05289845913648605,0.10238035023212433,0.968453049659729,0.016178924590349197,0.00036626358632929623,0.05072469636797905,0.09996823966503143,0.9329085946083069,0.0,0.12,1.0,1.0,1.0,0.3199999928474426,nan,0.20000000298023224,0.20000000298023224,0.0,0.0,50.0,0.20000000298023224,35.099998474121094,2.5610153675079346
