success_rate,collision_rate,mean_min_distance,near_miss_rate,mean_time,mean_episode_reward,distance_warning_cost_mean,distance_warning_cost_p50,distance_warning_cost_p90,distance_warning_cost_p95,distance_warning_cost_max,risk_sum_mean,risk_sum_p50,risk_sum_p90,risk_sum_p95,risk_sum_max,risk_max_mean,risk_max_p50,risk_max_p90,risk_max_p95,risk_max_max,applied_cost_mean,distance_warning_cost_nonzero_rate,scenario_valid_rate,planned_threat_valid_rate,threat_valid_rate,realized_near_miss_rate,predicted_cpa_to_nominal_path_mean
0.9800000190734863,0.019999999552965164,1.7129778861999512,0.03999999910593033,8.072000503540039,21.57910919189453,0.0015921421581879258,0.0,0.004692739807069302,0.006524813361465931,0.41784432530403137,0.015035636723041534,0.015291261486709118,0.018845271319150925,0.03653557598590851,0.9317243695259094,0.015028594993054867,0.015291261486709118,0.018828164786100388,0.03651519864797592,0.9317243695259094,0.0,0.04,1.0,1.0,1.0,0.25999999046325684,nan
