success_rate,collision_rate,mean_min_distance,near_miss_rate,mean_time,mean_episode_reward,distance_warning_cost_mean,distance_warning_cost_p50,distance_warning_cost_p90,distance_warning_cost_p95,distance_warning_cost_max,risk_sum_mean,risk_sum_p50,risk_sum_p90,risk_sum_p95,risk_sum_max,risk_max_mean,risk_max_p50,risk_max_p90,risk_max_p95,risk_max_max,applied_cost_mean,distance_warning_cost_nonzero_rate,scenario_valid_rate,planned_threat_valid_rate,threat_valid_rate,realized_near_miss_rate,predicted_cpa_to_nominal_path_mean
0.5400000214576721,0.23999999463558197,0.8743608593940735,0.6200000047683716,16.163999557495117,10.823659896850586,0.014353572390973568,0.005414364859461784,0.030132584273815155,0.040016330778598785,0.5460433959960938,0.17286089062690735,0.10958229750394821,0.35211876034736633,0.5248002409934998,2.0987977981567383,0.16221149265766144,0.10889746993780136,0.32460349798202515,0.4656762182712555,0.949129045009613,0.0,0.62,1.0,1.0,1.0,0.9200000166893005,nan
