success_rate,collision_rate,mean_min_distance,near_miss_rate,mean_time,mean_episode_reward,distance_warning_cost_mean,distance_warning_cost_p50,distance_warning_cost_p90,distance_warning_cost_p95,distance_warning_cost_max,risk_sum_mean,risk_sum_p50,risk_sum_p90,risk_sum_p95,risk_sum_max,risk_max_mean,risk_max_p50,risk_max_p90,risk_max_p95,risk_max_max,applied_cost_mean,distance_warning_cost_nonzero_rate,scenario_valid_rate,planned_threat_valid_rate,threat_valid_rate,realized_near_miss_rate,predicted_cpa_to_nominal_path_mean
0.9399999976158142,0.05999999865889549,1.1368768215179443,0.3400000035762787,9.15999984741211,19.980873107910156,0.005379853770136833,0.002479547867551446,0.012481535784900188,0.01611834205687046,0.4999903738498688,0.07828822731971741,0.03935717046260834,0.1788203865289688,0.2710686922073364,0.9825341701507568,0.07590734213590622,0.03903510794043541,0.1712699681520462,0.2600747346878052,0.9431027770042419,0.0,0.34,1.0,1.0,1.0,0.8799999952316284,nan
