success_rate,collision_rate,mean_min_distance,near_miss_rate,mean_time,mean_episode_reward,distance_warning_cost_mean,distance_warning_cost_p50,distance_warning_cost_p90,distance_warning_cost_p95,distance_warning_cost_max,risk_sum_mean,risk_sum_p50,risk_sum_p90,risk_sum_p95,risk_sum_max,risk_max_mean,risk_max_p50,risk_max_p90,risk_max_p95,risk_max_max,applied_cost_mean,distance_warning_cost_nonzero_rate,scenario_valid_rate,planned_threat_valid_rate,threat_valid_rate,realized_near_miss_rate,predicted_cpa_to_nominal_path_mean
1.0,0.0,2.0098841190338135,0.019999999552965164,8.727999687194824,22.235736846923828,0.007465545553714037,0.0,0.007750794291496277,0.059750813990831375,1.2436199188232422,0.0018162328051403165,3.9323430037381535e-14,0.00015810306649655104,0.0029646409675478935,0.7773783206939697,0.0018162322230637074,3.931996736669316e-14,0.00015810306649655104,0.0029646409675478935,0.7773783206939697,0.0,0.44,1.0,1.0,1.0,0.14000000059604645,nan
