success_rate,collision_rate,mean_min_distance,near_miss_rate,mean_time,mean_episode_reward,distance_warning_cost_mean,distance_warning_cost_p50,distance_warning_cost_p90,distance_warning_cost_p95,distance_warning_cost_max,risk_sum_mean,risk_sum_p50,risk_sum_p90,risk_sum_p95,risk_sum_max,risk_max_mean,risk_max_p50,risk_max_p90,risk_max_p95,risk_max_max,applied_cost_mean,distance_warning_cost_nonzero_rate,scenario_valid_rate,planned_threat_valid_rate,threat_valid_rate,realized_near_miss_rate,predicted_cpa_to_nominal_path_mean
0.9800000190734863,0.019999999552965164,1.9897854328155518,0.03999999910593033,8.584000587463379,21.642372131347656,0.013251452706754208,0.0,0.02005957067012787,0.08811020106077194,2.9939680099487305,0.0064656976610422134,1.2264243878234993e-06,0.016034847125411034,0.022758161649107933,0.9439194798469543,0.0064656976610422134,1.2264243878234993e-06,0.016034847125411034,0.022758161649107933,0.9439194798469543,0.0,0.52,1.0,1.0,1.0,0.18000000715255737,nan
