success_rate,collision_rate,mean_min_distance,near_miss_rate,mean_time,mean_episode_reward,distance_warning_cost_mean,distance_warning_cost_p50,distance_warning_cost_p90,distance_warning_cost_p95,distance_warning_cost_max,risk_sum_mean,risk_sum_p50,risk_sum_p90,risk_sum_p95,risk_sum_max,risk_max_mean,risk_max_p50,risk_max_p90,risk_max_p95,risk_max_max,applied_cost_mean,distance_warning_cost_nonzero_rate,scenario_valid_rate,planned_threat_valid_rate,threat_valid_rate,realized_near_miss_rate,predicted_cpa_to_nominal_path_mean,mean_reaction_eval_style,mean_reaction_nan_style,nan_reaction_rate,no_response_count,total_episodes,reaction_time,mean_risk_rise_time,mean_min_distance_after_turn
0.800000011920929,0.20000000298023224,1.125543236732483,0.5400000214576721,6.251999378204346,13.591034889221191,0.004104648716747761,0.0,0.0004970312584191561,0.01333597768098116,0.7242932319641113,0.05447624996304512,0.0004703596932813525,0.19507081806659698,0.3587587773799896,0.9706501364707947,0.05383677035570145,0.0004688167537096888,0.19209903478622437,0.3540556728839874,0.9706501364707947,0.0,0.54,1.0,0.8199999928474426,0.8199999928474426,0.7599999904632568,9.393232147658637e-08,0.20799998939037323,0.20799998939037323,0.0,0.0,50.0,0.20799998939037323,20.327999114990234,1.166092038154602
