success_rate,collision_rate,mean_min_distance,near_miss_rate,mean_time,mean_episode_reward,distance_warning_cost_mean,distance_warning_cost_p50,distance_warning_cost_p90,distance_warning_cost_p95,distance_warning_cost_max,risk_sum_mean,risk_sum_p50,risk_sum_p90,risk_sum_p95,risk_sum_max,risk_max_mean,risk_max_p50,risk_max_p90,risk_max_p95,risk_max_max,applied_cost_mean,distance_warning_cost_nonzero_rate,scenario_valid_rate,planned_threat_valid_rate,threat_valid_rate,realized_near_miss_rate,predicted_cpa_to_nominal_path_mean,mean_reaction_eval_style,mean_reaction_nan_style,nan_reaction_rate,no_response_count,total_episodes,reaction_time,mean_risk_rise_time,mean_min_distance_after_turn
0.8600000143051147,0.14000000059604645,1.3319096565246582,0.46000000834465027,6.5279998779296875,14.8731050491333,0.08027176558971405,0.0,0.23382554948329926,0.5662568807601929,2.920595407485962,0.04993795230984688,3.379063784336722e-08,0.2151138335466385,0.33869728446006775,0.9434565305709839,0.04993791505694389,3.2289868556745205e-08,0.2151138335466385,0.33869728446006775,0.9434565305709839,0.0,0.76,1.0,0.8199999928474426,0.8199999928474426,0.6800000071525574,9.393232147658637e-08,0.2279999852180481,0.2279999852180481,0.0,0.0,50.0,0.2279999852180481,19.788000106811523,1.3398023843765259
