success_rate,collision_rate,mean_min_distance,near_miss_rate,mean_time,mean_episode_reward,distance_warning_cost_mean,distance_warning_cost_p50,distance_warning_cost_p90,distance_warning_cost_p95,distance_warning_cost_max,risk_sum_mean,risk_sum_p50,risk_sum_p90,risk_sum_p95,risk_sum_max,risk_max_mean,risk_max_p50,risk_max_p90,risk_max_p95,risk_max_max,applied_cost_mean,distance_warning_cost_nonzero_rate,scenario_valid_rate,planned_threat_valid_rate,threat_valid_rate,realized_near_miss_rate,predicted_cpa_to_nominal_path_mean
0.9800000190734863,0.019999999552965164,2.077183485031128,0.03999999910593033,8.248000144958496,17.227890014648438,0.0002744572120718658,0.0,6.275728310356499e-07,0.0013178051449358463,0.31636443734169006,0.007733100559562445,1.6360153267669375e-06,0.03784095123410225,0.048283711075782776,0.9162121415138245,0.007733047474175692,1.6360063455067575e-06,0.037840913981199265,0.04828324913978577,0.9162120819091797,0.0,0.04,1.0,1.0,1.0,0.11999999731779099,nan
