success_rate,collision_rate,mean_min_distance,near_miss_rate,mean_time,mean_episode_reward,distance_warning_cost_mean,distance_warning_cost_p50,distance_warning_cost_p90,distance_warning_cost_p95,distance_warning_cost_max,risk_sum_mean,risk_sum_p50,risk_sum_p90,risk_sum_p95,risk_sum_max,risk_max_mean,risk_max_p50,risk_max_p90,risk_max_p95,risk_max_max,applied_cost_mean,distance_warning_cost_nonzero_rate,scenario_valid_rate,planned_threat_valid_rate,threat_valid_rate,realized_near_miss_rate,predicted_cpa_to_nominal_path_mean,mean_reaction_eval_style,mean_reaction_nan_style,nan_reaction_rate,no_response_count,total_episodes,reaction_time,mean_risk_rise_time,mean_min_distance_after_turn
0.9800000190734863,0.019999999552965164,1.7488688230514526,0.2800000011920929,7.1519999504089355,17.291419982910156,0.0012651985744014382,0.0,0.0010113855823874474,0.005851635709404945,0.22092489898204803,0.031168818473815918,4.429176988196559e-05,0.1306350827217102,0.22300377488136292,0.899429440498352,0.031168466433882713,4.429176988196559e-05,0.13063426315784454,0.2230033129453659,0.899429440498352,0.0,0.28,1.0,0.8199999928474426,0.8199999928474426,0.47999998927116394,9.393232147658637e-08,0.20000000298023224,0.20000000298023224,0.0,0.0,50.0,0.20000000298023224,28.083999633789062,1.8469411134719849
