success_rate,collision_rate,mean_min_distance,near_miss_rate,mean_time,mean_episode_reward,distance_warning_cost_mean,distance_warning_cost_p50,distance_warning_cost_p90,distance_warning_cost_p95,distance_warning_cost_max,risk_sum_mean,risk_sum_p50,risk_sum_p90,risk_sum_p95,risk_sum_max,risk_max_mean,risk_max_p50,risk_max_p90,risk_max_p95,risk_max_max,applied_cost_mean,distance_warning_cost_nonzero_rate,scenario_valid_rate,planned_threat_valid_rate,threat_valid_rate,realized_near_miss_rate,predicted_cpa_to_nominal_path_mean
0.2199999988079071,0.07999999821186066,1.309934139251709,0.20000000298023224,34.3640022277832,4.350960731506348,0.02703678421676159,0.0,0.055705830454826355,0.1692807823419571,2.34633469581604,0.04002269357442856,0.001080597983673215,0.1232391819357872,0.24865224957466125,1.770412564277649,0.034914497286081314,0.000985615188255906,0.11350178718566895,0.22106824815273285,0.9106059670448303,0.0,0.96,1.0,1.0,1.0,0.6399999856948853,nan
