success_rate,collision_rate,mean_min_distance,near_miss_rate,mean_time,mean_episode_reward,distance_warning_cost_mean,distance_warning_cost_p50,distance_warning_cost_p90,distance_warning_cost_p95,distance_warning_cost_max,risk_sum_mean,risk_sum_p50,risk_sum_p90,risk_sum_p95,risk_sum_max,risk_max_mean,risk_max_p50,risk_max_p90,risk_max_p95,risk_max_max,applied_cost_mean,distance_warning_cost_nonzero_rate,scenario_valid_rate,planned_threat_valid_rate,threat_valid_rate,realized_near_miss_rate,predicted_cpa_to_nominal_path_mean
0.9599999785423279,0.019999999552965164,1.344541072845459,0.10000000149011612,9.0600004196167,16.650123596191406,0.0002020112005993724,0.0,8.82859603734687e-06,0.0001255796232726425,0.3187529146671295,0.012871290557086468,0.0003478104481473565,0.03815092891454697,0.07094864547252655,1.0022788047790527,0.012090367265045643,0.00033474111114628613,0.0351017601788044,0.06651732325553894,0.9166004657745361,0.0,0.1,1.0,1.0,1.0,0.699999988079071,nan
