success_rate,collision_rate,mean_min_distance,near_miss_rate,mean_time,mean_episode_reward,distance_warning_cost_mean,distance_warning_cost_p50,distance_warning_cost_p90,distance_warning_cost_p95,distance_warning_cost_max,risk_sum_mean,risk_sum_p50,risk_sum_p90,risk_sum_p95,risk_sum_max,risk_max_mean,risk_max_p50,risk_max_p90,risk_max_p95,risk_max_max,applied_cost_mean,distance_warning_cost_nonzero_rate,scenario_valid_rate,planned_threat_valid_rate,threat_valid_rate,realized_near_miss_rate,predicted_cpa_to_nominal_path_mean,mean_reaction_eval_style,mean_reaction_nan_style,nan_reaction_rate,no_response_count,total_episodes,reaction_time,mean_risk_rise_time,mean_min_distance_after_turn
0.9200000166893005,0.019999999552965164,1.9323341846466064,0.03999999910593033,15.967999458312988,16.06224250793457,0.0035357349552214146,0.0,0.0033407986629754305,0.008436533622443676,3.259010076522827,0.001893032225780189,8.531719686288852e-07,0.0026519738603383303,0.005042070057243109,0.9618031978607178,0.001892182044684887,8.531716844117909e-07,0.0026519717648625374,0.00503242202103138,0.9618031978607178,0.0,0.52,1.0,1.0,1.0,0.18000000715255737,nan,0.20000000298023224,0.20000000298023224,0.0,0.0,50.0,0.20000000298023224,36.624000549316406,2.791614055633545
