success_rate,collision_rate,mean_min_distance,near_miss_rate,mean_time,mean_episode_reward,distance_warning_cost_mean,distance_warning_cost_p50,distance_warning_cost_p90,distance_warning_cost_p95,distance_warning_cost_max,risk_sum_mean,risk_sum_p50,risk_sum_p90,risk_sum_p95,risk_sum_max,risk_max_mean,risk_max_p50,risk_max_p90,risk_max_p95,risk_max_max,applied_cost_mean,distance_warning_cost_nonzero_rate,scenario_valid_rate,planned_threat_valid_rate,threat_valid_rate,realized_near_miss_rate,predicted_cpa_to_nominal_path_mean
0.6000000238418579,0.2800000011920929,1.0742827653884888,0.5,16.899999618530273,9.224250793457031,0.0020784572698175907,0.0,0.00018606206867843866,0.005411510355770588,0.4804854393005371,0.08163788914680481,0.00483540678396821,0.30122891068458557,0.46221622824668884,1.8585323095321655,0.06979282200336456,0.004090872593224049,0.2648065984249115,0.39433905482292175,0.9404790997505188,0.0,0.5,1.0,1.0,1.0,0.7200000286102295,nan
