success_rate,collision_rate,mean_min_distance,near_miss_rate,mean_time,mean_episode_reward,distance_warning_cost_mean,distance_warning_cost_p50,distance_warning_cost_p90,distance_warning_cost_p95,distance_warning_cost_max,risk_sum_mean,risk_sum_p50,risk_sum_p90,risk_sum_p95,risk_sum_max,risk_max_mean,risk_max_p50,risk_max_p90,risk_max_p95,risk_max_max,applied_cost_mean,distance_warning_cost_nonzero_rate,scenario_valid_rate,planned_threat_valid_rate,threat_valid_rate,realized_near_miss_rate,predicted_cpa_to_nominal_path_mean,mean_reaction_eval_style,mean_reaction_nan_style,nan_reaction_rate,no_response_count,total_episodes,reaction_time,mean_risk_rise_time,mean_min_distance_after_turn
0.9399999976158142,0.019999999552965164,2.294106960296631,0.07999999821186066,10.555999755859375,16.575294494628906,0.022451816126704216,0.0,0.08498342335224152,0.15181013941764832,2.355020761489868,0.012387501075863838,4.7971878205932406e-12,0.046314869076013565,0.08595594763755798,0.9111220240592957,0.012386899441480637,4.797183050103682e-12,0.04631486535072327,0.08595489710569382,0.9111220240592957,0.0,0.34,1.0,0.8199999928474426,0.8199999928474426,0.25999999046325684,9.393232147658637e-08,0.20000000298023224,0.20000000298023224,0.0,0.0,50.0,0.20000000298023224,32.38800048828125,2.346337080001831
