success_rate,collision_rate,mean_min_distance,near_miss_rate,mean_time,mean_episode_reward,distance_warning_cost_mean,distance_warning_cost_p50,distance_warning_cost_p90,distance_warning_cost_p95,distance_warning_cost_max,risk_sum_mean,risk_sum_p50,risk_sum_p90,risk_sum_p95,risk_sum_max,risk_max_mean,risk_max_p50,risk_max_p90,risk_max_p95,risk_max_max,applied_cost_mean,distance_warning_cost_nonzero_rate,scenario_valid_rate,planned_threat_valid_rate,threat_valid_rate,realized_near_miss_rate,predicted_cpa_to_nominal_path_mean
1.0,0.0,1.5109665393829346,0.07999999821186066,8.48799991607666,17.348247528076172,0.037208788096904755,0.003609759733080864,0.11841267347335815,0.22019986808300018,1.6670054197311401,0.015597125515341759,0.00169573281891644,0.04204846918582916,0.08649703115224838,1.158410906791687,0.014325283467769623,0.0016637350199744105,0.04029545933008194,0.07731080800294876,0.8678166270256042,0.0,0.96,1.0,1.0,1.0,0.4399999976158142,nan
