success_rate,collision_rate,mean_min_distance,near_miss_rate,mean_time,mean_episode_reward,distance_warning_cost_mean,distance_warning_cost_p50,distance_warning_cost_p90,distance_warning_cost_p95,distance_warning_cost_max,risk_sum_mean,risk_sum_p50,risk_sum_p90,risk_sum_p95,risk_sum_max,risk_max_mean,risk_max_p50,risk_max_p90,risk_max_p95,risk_max_max,applied_cost_mean,distance_warning_cost_nonzero_rate,scenario_valid_rate,planned_threat_valid_rate,threat_valid_rate,realized_near_miss_rate,predicted_cpa_to_nominal_path_mean
1.0,0.0,2.0541486740112305,0.019999999552965164,6.992000102996826,17.68404769897461,0.0039056444074958563,0.0,0.007777071092277765,0.02213645912706852,1.1229954957962036,0.0016502693761140108,4.891191110800719e-06,0.004751582629978657,0.007147067692130804,0.8215339183807373,0.0016476864693686366,4.888979674433358e-06,0.0047357166185975075,0.007134850136935711,0.8215335607528687,0.0,0.36,1.0,1.0,1.0,0.10000000149011612,nan
