success_rate,collision_rate,mean_min_distance,near_miss_rate,mean_time,mean_episode_reward,distance_warning_cost_mean,distance_warning_cost_p50,distance_warning_cost_p90,distance_warning_cost_p95,distance_warning_cost_max,risk_sum_mean,risk_sum_p50,risk_sum_p90,risk_sum_p95,risk_sum_max,risk_max_mean,risk_max_p50,risk_max_p90,risk_max_p95,risk_max_max,applied_cost_mean,distance_warning_cost_nonzero_rate,scenario_valid_rate,planned_threat_valid_rate,threat_valid_rate,realized_near_miss_rate,predicted_cpa_to_nominal_path_mean,mean_reaction_eval_style,mean_reaction_nan_style,nan_reaction_rate,no_response_count,total_episodes,reaction_time,mean_risk_rise_time,mean_min_distance_after_turn
0.8799999952316284,0.11999999731779099,1.2367521524429321,0.4399999976158142,6.252000331878662,15.236872673034668,0.0029367641545832157,0.0,0.00227599055506289,0.013005951419472694,0.38729313015937805,0.0523587130010128,0.0005249007954262197,0.18737030029296875,0.31576842069625854,1.4016412496566772,0.05005749687552452,0.000524442526511848,0.18351861834526062,0.3023015260696411,0.9272480010986328,0.0,0.44,1.0,0.8199999928474426,0.8199999928474426,0.7200000286102295,9.393232147658637e-08,0.20399999618530273,0.20399999618530273,0.0,0.0,50.0,0.20399999618530273,22.399999618530273,1.2880009412765503
