success_rate,collision_rate,mean_min_distance,near_miss_rate,mean_time,mean_episode_reward,distance_warning_cost_mean,distance_warning_cost_p50,distance_warning_cost_p90,distance_warning_cost_p95,distance_warning_cost_max,risk_sum_mean,risk_sum_p50,risk_sum_p90,risk_sum_p95,risk_sum_max,risk_max_mean,risk_max_p50,risk_max_p90,risk_max_p95,risk_max_max,applied_cost_mean,distance_warning_cost_nonzero_rate,scenario_valid_rate,planned_threat_valid_rate,threat_valid_rate,realized_near_miss_rate,predicted_cpa_to_nominal_path_mean,mean_reaction_eval_style,mean_reaction_nan_style,nan_reaction_rate,no_response_count,total_episodes,reaction_time,mean_risk_rise_time,mean_min_distance_after_turn
0.9599999785423279,0.03999999910593033,1.8162026405334473,0.23999999463558197,8.180000305175781,16.84929847717285,0.0008608798962086439,0.0,0.0002234322892036289,0.0018108549993485212,0.3765718340873718,0.036661986261606216,0.00014478627417702228,0.15576137602329254,0.22358638048171997,0.9256407022476196,0.0363011471927166,0.00014478615776170045,0.1540706306695938,0.2223549485206604,0.9256407022476196,0.0,0.24,1.0,0.8199999928474426,0.8199999928474426,0.5,9.393232147658637e-08,0.20000000298023224,0.20000000298023224,0.0,0.0,50.0,0.20000000298023224,29.647998809814453,1.8944740295410156
