success_rate,collision_rate,mean_min_distance,near_miss_rate,mean_time,mean_episode_reward,distance_warning_cost_mean,distance_warning_cost_p50,distance_warning_cost_p90,distance_warning_cost_p95,distance_warning_cost_max,risk_sum_mean,risk_sum_p50,risk_sum_p90,risk_sum_p95,risk_sum_max,risk_max_mean,risk_max_p50,risk_max_p90,risk_max_p95,risk_max_max,applied_cost_mean,distance_warning_cost_nonzero_rate,scenario_valid_rate,planned_threat_valid_rate,threat_valid_rate,realized_near_miss_rate,predicted_cpa_to_nominal_path_mean,mean_reaction_eval_style,mean_reaction_nan_style,nan_reaction_rate,no_response_count,total_episodes,reaction_time,mean_risk_rise_time,mean_min_distance_after_turn
0.8600000143051147,0.14000000059604645,1.2567058801651,0.4000000059604645,7.016000270843506,14.74113655090332,0.08750568330287933,0.004571717232465744,0.2670634388923645,0.5610359311103821,2.8119986057281494,0.047434139996767044,0.0002770823484752327,0.1997387856245041,0.31147366762161255,0.9374238848686218,0.04692435264587402,0.0002763214579317719,0.19664724171161652,0.3089143633842468,0.9374238848686218,0.0,0.86,1.0,0.8199999928474426,0.8199999928474426,0.6399999856948853,9.393232147658637e-08,0.20399999618530273,0.20399999618530273,0.0,0.0,50.0,0.20399999618530273,23.087997436523438,1.3303427696228027
