success_rate,collision_rate,mean_min_distance,near_miss_rate,mean_time,mean_episode_reward,distance_warning_cost_mean,distance_warning_cost_p50,distance_warning_cost_p90,distance_warning_cost_p95,distance_warning_cost_max,risk_sum_mean,risk_sum_p50,risk_sum_p90,risk_sum_p95,risk_sum_max,risk_max_mean,risk_max_p50,risk_max_p90,risk_max_p95,risk_max_max,applied_cost_mean,distance_warning_cost_nonzero_rate,scenario_valid_rate,planned_threat_valid_rate,threat_valid_rate,realized_near_miss_rate,predicted_cpa_to_nominal_path_mean,mean_reaction_eval_style,mean_reaction_nan_style,nan_reaction_rate,no_response_count,total_episodes,reaction_time,mean_risk_rise_time,mean_min_distance_after_turn
0.9800000190734863,0.0,2.217759609222412,0.10000000149011612,14.196000099182129,17.093772888183594,0.01545291393995285,0.0,0.05115839093923569,0.11031880974769592,1.9129194021224976,0.012383885681629181,1.3350944527701358e-06,0.04305405914783478,0.08091051876544952,0.8788636922836304,0.012381818145513535,1.3324275869308622e-06,0.04305290803313255,0.08091040700674057,0.8788636922836304,0.0,0.42,1.0,0.8199999928474426,0.8199999928474426,0.23999999463558197,9.393232147658637e-08,0.20000000298023224,0.20000000298023224,0.0,0.0,50.0,0.20000000298023224,35.0,2.2658743858337402
