success_rate,collision_rate,mean_min_distance,near_miss_rate,mean_time,mean_episode_reward,distance_warning_cost_mean,distance_warning_cost_p50,distance_warning_cost_p90,distance_warning_cost_p95,distance_warning_cost_max,risk_sum_mean,risk_sum_p50,risk_sum_p90,risk_sum_p95,risk_sum_max,risk_max_mean,risk_max_p50,risk_max_p90,risk_max_p95,risk_max_max,applied_cost_mean,distance_warning_cost_nonzero_rate,scenario_valid_rate,planned_threat_valid_rate,threat_valid_rate,realized_near_miss_rate,predicted_cpa_to_nominal_path_mean,mean_reaction_eval_style,mean_reaction_nan_style,nan_reaction_rate,no_response_count,total_episodes,reaction_time,mean_risk_rise_time,mean_min_distance_after_turn
0.8600000143051147,0.14000000059604645,1.1805514097213745,0.41999998688697815,6.707999229431152,14.810133934020996,0.10331535339355469,0.002091187285259366,0.3053485155105591,0.6236499547958374,3.392102003097534,0.04593348875641823,4.820657068194123e-06,0.1845262348651886,0.3029490113258362,0.968848705291748,0.04589472711086273,4.81424331155722e-06,0.18452610075473785,0.302948921918869,0.968848705291748,0.0,0.9,1.0,0.8199999928474426,0.8199999928474426,0.7599999904632568,9.393232147658637e-08,0.20000000298023224,0.20000000298023224,0.0,0.0,50.0,0.20000000298023224,21.695999145507812,1.2599540948867798
