success_rate,collision_rate,mean_min_distance,near_miss_rate,mean_time,mean_episode_reward,distance_warning_cost_mean,distance_warning_cost_p50,distance_warning_cost_p90,distance_warning_cost_p95,distance_warning_cost_max,risk_sum_mean,risk_sum_p50,risk_sum_p90,risk_sum_p95,risk_sum_max,risk_max_mean,risk_max_p50,risk_max_p90,risk_max_p95,risk_max_max,applied_cost_mean,distance_warning_cost_nonzero_rate,scenario_valid_rate,planned_threat_valid_rate,threat_valid_rate,realized_near_miss_rate,predicted_cpa_to_nominal_path_mean,mean_reaction_eval_style,mean_reaction_nan_style,nan_reaction_rate,no_response_count,total_episodes,reaction_time,mean_risk_rise_time,mean_min_distance_after_turn
0.8600000143051147,0.14000000059604645,1.4437390565872192,0.3400000035762787,6.863998889923096,14.86828327178955,0.06840064376592636,0.0,0.19434967637062073,0.46111607551574707,3.1337645053863525,0.04669277369976044,5.4995966820570175e-06,0.19614845514297485,0.2972959578037262,1.64503812789917,0.04542519152164459,5.499591225088807e-06,0.19395601749420166,0.2874378263950348,0.9550886154174805,0.0,0.76,1.0,0.8199999928474426,0.8199999928474426,0.6000000238418579,9.393232147658637e-08,0.2279999852180481,0.2279999852180481,0.0,0.0,50.0,0.2279999852180481,20.524002075195312,1.4471406936645508
