success_rate,collision_rate,mean_min_distance,near_miss_rate,mean_time,mean_episode_reward,distance_warning_cost_mean,distance_warning_cost_p50,distance_warning_cost_p90,distance_warning_cost_p95,distance_warning_cost_max,risk_sum_mean,risk_sum_p50,risk_sum_p90,risk_sum_p95,risk_sum_max,risk_max_mean,risk_max_p50,risk_max_p90,risk_max_p95,risk_max_max,applied_cost_mean,distance_warning_cost_nonzero_rate,scenario_valid_rate,planned_threat_valid_rate,threat_valid_rate,realized_near_miss_rate,predicted_cpa_to_nominal_path_mean
0.9599999785423279,0.0,2.2294046878814697,0.0,15.695998191833496,16.704309463500977,0.0010233691427856684,0.0,0.0006974001880735159,0.004134400747716427,0.30265745520591736,0.0007867297390475869,5.891561016824198e-09,0.0015279549406841397,0.005490937270224094,0.29160788655281067,0.0007706294418312609,5.817045067857407e-09,0.0015257474733516574,0.0054768156260252,0.2915967106819153,0.0,0.3,1.0,1.0,1.0,0.07999999821186066,nan
