success_rate,collision_rate,mean_min_distance,near_miss_rate,mean_time,mean_episode_reward,distance_warning_cost_mean,distance_warning_cost_p50,distance_warning_cost_p90,distance_warning_cost_p95,distance_warning_cost_max,risk_sum_mean,risk_sum_p50,risk_sum_p90,risk_sum_p95,risk_sum_max,risk_max_mean,risk_max_p50,risk_max_p90,risk_max_p95,risk_max_max,applied_cost_mean,distance_warning_cost_nonzero_rate,scenario_valid_rate,planned_threat_valid_rate,threat_valid_rate,realized_near_miss_rate,predicted_cpa_to_nominal_path_mean,mean_reaction_eval_style,mean_reaction_nan_style,nan_reaction_rate,no_response_count,total_episodes,reaction_time,mean_risk_rise_time,mean_min_distance_after_turn
0.8600000143051147,0.14000000059604645,1.2066832780838013,0.5799999833106995,6.071999549865723,14.845190048217773,0.0027499613352119923,0.0,0.0007119777728803456,0.00969651248306036,0.349679172039032,0.05024918168783188,0.00109789427369833,0.17912231385707855,0.3292863368988037,0.9215183258056641,0.05024908483028412,0.00109789427369833,0.17912214994430542,0.3292860686779022,0.9215183258056641,0.0,0.58,1.0,0.8199999928474426,0.8199999928474426,0.7400000095367432,9.393232147658637e-08,0.20000000298023224,0.20000000298023224,0.0,0.0,50.0,0.20000000298023224,18.888002395629883,1.2597792148590088
