success_rate,collision_rate,mean_min_distance,near_miss_rate,mean_time,mean_episode_reward,distance_warning_cost_mean,distance_warning_cost_p50,distance_warning_cost_p90,distance_warning_cost_p95,distance_warning_cost_max,risk_sum_mean,risk_sum_p50,risk_sum_p90,risk_sum_p95,risk_sum_max,risk_max_mean,risk_max_p50,risk_max_p90,risk_max_p95,risk_max_max,applied_cost_mean,distance_warning_cost_nonzero_rate,scenario_valid_rate,planned_threat_valid_rate,threat_valid_rate,realized_near_miss_rate,predicted_cpa_to_nominal_path_mean
0.9599999785423279,0.03999999910593033,1.2708011865615845,0.10000000149011612,7.0360002517700195,16.622657775878906,0.0007101803785189986,0.0,0.0009628331172280014,0.003971148747950792,0.2829488515853882,0.018574286252260208,0.0033907752949744463,0.05930963158607483,0.09064344316720963,1.600005865097046,0.01673441007733345,0.0033833952620625496,0.051363106817007065,0.08463677763938904,0.9106341004371643,0.0,0.1,1.0,1.0,1.0,0.8199999928474426,nan
