success_rate,collision_rate,mean_min_distance,near_miss_rate,mean_time,mean_episode_reward,distance_warning_cost_mean,distance_warning_cost_p50,distance_warning_cost_p90,distance_warning_cost_p95,distance_warning_cost_max,risk_sum_mean,risk_sum_p50,risk_sum_p90,risk_sum_p95,risk_sum_max,risk_max_mean,risk_max_p50,risk_max_p90,risk_max_p95,risk_max_max,applied_cost_mean,distance_warning_cost_nonzero_rate,scenario_valid_rate,planned_threat_valid_rate,threat_valid_rate,realized_near_miss_rate,predicted_cpa_to_nominal_path_mean
0.9599999785423279,0.0,1.5330963134765625,0.05999999865889549,9.5600004196167,16.755037307739258,0.027310945093631744,0.001043406780809164,0.08121377974748611,0.19163423776626587,2.098094940185547,0.010148946195840836,0.0006464023026637733,0.028253646567463875,0.04844863340258598,0.9618375301361084,0.009701111353933811,0.0005797496996819973,0.02712070755660534,0.045041270554065704,0.8796461224555969,0.0,0.98,1.0,1.0,1.0,0.4000000059604645,nan
