success_rate,collision_rate,mean_min_distance,near_miss_rate,mean_time,mean_episode_reward,distance_warning_cost_mean,distance_warning_cost_p50,distance_warning_cost_p90,distance_warning_cost_p95,distance_warning_cost_max,risk_sum_mean,risk_sum_p50,risk_sum_p90,risk_sum_p95,risk_sum_max,risk_max_mean,risk_max_p50,risk_max_p90,risk_max_p95,risk_max_max,applied_cost_mean,distance_warning_cost_nonzero_rate,scenario_valid_rate,planned_threat_valid_rate,threat_valid_rate,realized_near_miss_rate,predicted_cpa_to_nominal_path_mean,mean_reaction_eval_style,mean_reaction_nan_style,nan_reaction_rate,no_response_count,total_episodes,reaction_time,mean_risk_rise_time,mean_min_distance_after_turn
0.7799999713897705,0.2199999988079071,1.0956978797912598,0.5799999833106995,5.952000141143799,13.234559059143066,0.004676731303334236,0.0,0.0004171872860752046,0.016787653788924217,0.8440268635749817,0.057797130197286606,5.771307405666448e-05,0.23343834280967712,0.3967134952545166,0.9838733077049255,0.05778619274497032,4.8560279537923634e-05,0.23343616724014282,0.3966550827026367,0.9838733077049255,0.0,0.58,1.0,0.8199999928474426,0.8199999928474426,0.7599999904632568,9.393232147658637e-08,0.20799998939037323,0.20799998939037323,0.0,0.0,50.0,0.20799998939037323,17.428001403808594,1.1584924459457397
