success_rate,collision_rate,mean_min_distance,near_miss_rate,mean_time,mean_episode_reward,distance_warning_cost_mean,distance_warning_cost_p50,distance_warning_cost_p90,distance_warning_cost_p95,distance_warning_cost_max,risk_sum_mean,risk_sum_p50,risk_sum_p90,risk_sum_p95,risk_sum_max,risk_max_mean,risk_max_p50,risk_max_p90,risk_max_p95,risk_max_max,applied_cost_mean,distance_warning_cost_nonzero_rate,scenario_valid_rate,threat_valid_rate
0.44999998807907104,0.550000011920929,0.585224449634552,1.0,6.53000020980835,5.79982852935791,0.018677683547139168,0.0,0.036090802401304245,0.10736493766307831,0.47740471363067627,0.32953497767448425,0.28184399008750916,0.7444291710853577,0.8529011607170105,1.636077880859375,0.3193938732147217,0.2777259349822998,0.7258611917495728,0.8133851885795593,0.9400604963302612,0.0,1.0,1.0,1.0
