success_rate,collision_rate,mean_min_distance,near_miss_rate,mean_time,mean_episode_reward,distance_warning_cost_mean,distance_warning_cost_p50,distance_warning_cost_p90,distance_warning_cost_p95,distance_warning_cost_max,risk_sum_mean,risk_sum_p50,risk_sum_p90,risk_sum_p95,risk_sum_max,risk_max_mean,risk_max_p50,risk_max_p90,risk_max_p95,risk_max_max,applied_cost_mean,distance_warning_cost_nonzero_rate,scenario_valid_rate,threat_valid_rate
0.3499999940395355,0.6499999761581421,0.6652454733848572,0.8999999761581421,5.250000476837158,2.3107223510742188,0.040532756596803665,0.004532947670668364,0.11045123636722565,0.15106162428855896,0.4695042669773102,0.4640727937221527,0.46376729011535645,0.7971786856651306,0.909808337688446,2.50669527053833,0.4297345280647278,0.4606848359107971,0.6781677007675171,0.7629209756851196,0.9389817714691162,0.0,0.9,1.0,1.0
