success_rate,collision_rate,mean_min_distance,near_miss_rate,mean_time,mean_episode_reward,distance_warning_cost_mean,distance_warning_cost_p50,distance_warning_cost_p90,distance_warning_cost_p95,distance_warning_cost_max,risk_sum_mean,risk_sum_p50,risk_sum_p90,risk_sum_p95,risk_sum_max,risk_max_mean,risk_max_p50,risk_max_p90,risk_max_p95,risk_max_max,applied_cost_mean,distance_warning_cost_nonzero_rate,scenario_valid_rate,threat_valid_rate,mean_reaction_eval_style,mean_reaction_nan_style,nan_reaction_rate,no_response_count,total_episodes,reaction_time,mean_risk_rise_time,mean_min_distance_after_turn
0.800000011920929,0.20000000298023224,0.8582919836044312,0.550000011920929,9.100000381469727,16.267333984375,0.006024287547916174,0.0,0.01274573802947998,0.03301123529672623,0.29086512327194214,0.14651274681091309,0.02376524731516838,0.4836200773715973,0.6649571657180786,1.7774059772491455,0.13018040359020233,0.023743800818920135,0.42513465881347656,0.6037498116493225,0.911980926990509,0.0,0.55,1.0,0.75,4.855556011199951,0.8374999761581421,0.2,2.0,20.0,4.855556011199951,32.988887786865234,0.9665595293045044
