success_rate,collision_rate,mean_min_distance,near_miss_rate,mean_time,mean_episode_reward,distance_warning_cost_mean,distance_warning_cost_p50,distance_warning_cost_p90,distance_warning_cost_p95,distance_warning_cost_max,risk_sum_mean,risk_sum_p50,risk_sum_p90,risk_sum_p95,risk_sum_max,risk_max_mean,risk_max_p50,risk_max_p90,risk_max_p95,risk_max_max,applied_cost_mean,distance_warning_cost_nonzero_rate,scenario_valid_rate,threat_valid_rate
0.3499999940395355,0.6499999761581421,0.5369937419891357,1.0,4.78000020980835,1.9455350637435913,0.04082800820469856,0.004015042446553707,0.11870481818914413,0.1737479418516159,0.5537441372871399,0.4806482791900635,0.43883609771728516,0.865770161151886,0.9450766444206238,1.503928780555725,0.46635109186172485,0.43383732438087463,0.8157020807266235,0.8541567921638489,0.9501152038574219,0.0,1.0,1.0,1.0
