success_rate,collision_rate,mean_min_distance,near_miss_rate,mean_time,mean_episode_reward,distance_warning_cost_mean,distance_warning_cost_p50,distance_warning_cost_p90,distance_warning_cost_p95,distance_warning_cost_max,risk_sum_mean,risk_sum_p50,risk_sum_p90,risk_sum_p95,risk_sum_max,risk_max_mean,risk_max_p50,risk_max_p90,risk_max_p95,risk_max_max,applied_cost_mean,distance_warning_cost_nonzero_rate,scenario_valid_rate,threat_valid_rate
0.550000011920929,0.44999998807907104,0.6225374937057495,1.0,6.800000190734863,8.299714088439941,0.0265896525233984,0.003659249749034643,0.07096578180789948,0.10526809841394424,0.4177493751049042,0.34759971499443054,0.3138321042060852,0.6647874116897583,0.8413562774658203,1.5504224300384521,0.32934635877609253,0.3135776221752167,0.6239575147628784,0.784062385559082,0.9317106604576111,0.0,1.0,1.0,1.0
