method,seed,episode,episode_seed,step,time,turn_step,has_turned,turning_obstacle_id,success,collision,min_distance,episode_min_distance,R_max,R_sum,R_bar,risk_turn,sigma_turn_x,sigma_turn_y,sigma_turn_z,sigma_turn_trace,mu_turn_x,mu_turn_y,mu_turn_z,dist_turn,rel_speed_turn,w_risk_turn,risk_rank_turn,action_x,action_y,action_z,v_des_norm,deviation_lateral
risk,0,29,1029,1,0.2,15,False,-1,0,0,1.756890058517456,1.756890058517456,0.8028308153152466,0.8028308153152466,0.6656163786859866,nan,nan,nan,nan,nan,nan,nan,nan,nan,nan,nan,nan,-1.0,0.15417557954788208,-0.06527114659547806,2.027836561203003,0.2585177421569824
risk,0,29,1029,2,0.4,15,False,-1,0,0,1.4420639276504517,1.4420639276504517,0.8350547552108765,0.8350547552108765,0.6831808423816685,nan,nan,nan,nan,nan,nan,nan,nan,nan,nan,nan,nan,-0.49816152453422546,-0.06340216100215912,-0.20537906885147095,1.0851088762283325,0.574730634689331
risk,0,29,1029,3,0.6000000000000001,15,False,-1,0,0,1.1455844640731812,1.1455844640731812,0.8665823936462402,0.8665823936462402,0.6996335674952466,nan,nan,nan,nan,nan,nan,nan,nan,nan,nan,nan,nan,-0.5253485441207886,-0.13988521695137024,-0.2874617576599121,1.2299482822418213,0.8160675764083862
risk,0,29,1029,4,0.8,15,False,-1,0,0,0.8558086156845093,0.8558086156845093,0.8985471725463867,0.8985471725463867,0.7155897268528555,nan,nan,nan,nan,nan,nan,nan,nan,nan,nan,nan,nan,-0.5239815711975098,-0.1769074648618698,-0.32610929012298584,1.2840564250946045,0.933756947517395
risk,0,29,1029,5,1.0,15,False,-1,0,0,0.5710731744766235,0.5710731744766235,0.9311041235923767,0.9311041235923767,0.7311082593355228,nan,nan,nan,nan,nan,nan,nan,nan,nan,nan,nan,nan,-0.5199126601219177,-0.19239294528961182,-0.33592894673347473,1.2964142560958862,0.9802160263061523
risk,0,29,1029,6,1.2000000000000002,15,False,-1,0,1,0.29374563694000244,0.29374563694000244,0.9639477133750916,0.9639477133750916,0.7460325848347554,nan,nan,nan,nan,nan,nan,nan,nan,nan,nan,nan,nan,-0.5153016448020935,-0.19622521102428436,-0.3257179856300354,1.2808314561843872,0.9816408157348633
