success_rate,collision_rate,mean_min_distance,near_miss_rate,mean_time,mean_episode_reward,distance_warning_cost_mean,distance_warning_cost_p50,distance_warning_cost_p90,distance_warning_cost_p95,distance_warning_cost_max,risk_sum_mean,risk_sum_p50,risk_sum_p90,risk_sum_p95,risk_sum_max,risk_max_mean,risk_max_p50,risk_max_p90,risk_max_p95,risk_max_max,applied_cost_mean
0.8999999761581421,0.10000000149011612,0.7433682084083557,0.9800000190734863,6.072000026702881,18.990440368652344,0.016328122466802597,0.010503623634576797,0.03308030590415001,0.048743635416030884,0.37470561265945435,0.18047195672988892,0.09376855194568634,0.40072402358055115,0.65473473072052,1.2096376419067383,0.16853664815425873,0.08874496817588806,0.3658027946949005,0.6083261370658875,0.9253588914871216,0.0
