success_rate,collision_rate,mean_min_distance,near_miss_rate,mean_time,mean_episode_reward,distance_warning_cost_mean,distance_warning_cost_p50,distance_warning_cost_p90,distance_warning_cost_p95,distance_warning_cost_max,risk_sum_mean,risk_sum_p50,risk_sum_p90,risk_sum_p95,risk_sum_max,risk_max_mean,risk_max_p50,risk_max_p90,risk_max_p95,risk_max_max,applied_cost_mean,mean_reaction_eval_style,mean_reaction_nan_style,nan_reaction_rate,no_response_count,total_episodes,reaction_time,mean_risk_rise_time,mean_min_distance_after_turn
1.0,0.0,0.8991445302963257,0.7799999713897705,6.663999557495117,22.344837188720703,0.001210194663144648,0.0,0.0009046164923347533,0.005868451204150915,0.1598948985338211,0.08323284983634949,0.006892244331538677,0.26994988322257996,0.4215830862522125,0.8976951837539673,0.08054163306951523,0.006423314101994038,0.25879767537117004,0.41231483221054077,0.8868971467018127,0.0,16.136001586914062,1.0275862216949463,0.42,21.0,50.0,16.136001586914062,31.831998825073242,1.3573733568191528
