success_rate,collision_rate,mean_min_distance,near_miss_rate,mean_time,mean_episode_reward,distance_warning_cost_mean,distance_warning_cost_p50,distance_warning_cost_p90,distance_warning_cost_p95,distance_warning_cost_max,risk_sum_mean,risk_sum_p50,risk_sum_p90,risk_sum_p95,risk_sum_max,risk_max_mean,risk_max_p50,risk_max_p90,risk_max_p95,risk_max_max,applied_cost_mean,mean_reaction_eval_style,mean_reaction_nan_style,nan_reaction_rate,no_response_count,total_episodes,reaction_time,mean_risk_rise_time,mean_min_distance_after_turn
1.0,0.0,1.333646535873413,0.10000000149011612,7.204000949859619,22.318906784057617,2.0556784875225276e-05,0.0,0.0,3.266720159444958e-05,0.010699054226279259,0.02036341279745102,0.0003911727399099618,0.050463102757930756,0.09683407098054886,0.7744706273078918,0.020307261496782303,0.00038700466393493116,0.050352469086647034,0.09648501127958298,0.7611005902290344,0.0,0.20799998939037323,0.20799998939037323,0.0,0.0,50.0,0.20799998939037323,36.263999938964844,1.8546711206436157
