success_rate,collision_rate,mean_min_distance,near_miss_rate,mean_time,mean_episode_reward,distance_warning_cost_mean,distance_warning_cost_p50,distance_warning_cost_p90,distance_warning_cost_p95,distance_warning_cost_max,risk_sum_mean,risk_sum_p50,risk_sum_p90,risk_sum_p95,risk_sum_max,risk_max_mean,risk_max_p50,risk_max_p90,risk_max_p95,risk_max_max,applied_cost_mean
1.0,0.0,1.0551782846450806,0.5799999833106995,6.751999378204346,22.42416763305664,0.0010441836202517152,0.0,0.002745893318206072,0.006316868122667074,0.12747806310653687,0.09191696345806122,0.005113982129842043,0.3217867612838745,0.4344813823699951,0.9670892953872681,0.08920151740312576,0.0050142244435846806,0.3142665922641754,0.4267449975013733,0.8519217371940613,0.0
