success_rate,collision_rate,mean_min_distance,near_miss_rate,mean_time,mean_episode_reward,distance_warning_cost_mean,distance_warning_cost_p50,distance_warning_cost_p90,distance_warning_cost_p95,distance_warning_cost_max,risk_sum_mean,risk_sum_p50,risk_sum_p90,risk_sum_p95,risk_sum_max,risk_max_mean,risk_max_p50,risk_max_p90,risk_max_p95,risk_max_max,applied_cost_mean
1.0,0.0,1.0542325973510742,0.6000000238418579,6.739999294281006,22.43802261352539,0.0007212422788143158,0.0,0.0016321241855621338,0.004351317882537842,0.11411207914352417,0.0736381933093071,0.007616691756993532,0.2460353672504425,0.3688305616378784,0.8934000730514526,0.07208755612373352,0.006468591280281544,0.2413400113582611,0.3633369207382202,0.8573566675186157,0.0
