success_rate,collision_rate,mean_min_distance,near_miss_rate,mean_time,mean_episode_reward,distance_warning_cost_mean,distance_warning_cost_p50,distance_warning_cost_p90,distance_warning_cost_p95,distance_warning_cost_max,risk_sum_mean,risk_sum_p50,risk_sum_p90,risk_sum_p95,risk_sum_max,risk_max_mean,risk_max_p50,risk_max_p90,risk_max_p95,risk_max_max,applied_cost_mean,mean_reaction_eval_style,mean_reaction_nan_style,nan_reaction_rate,no_response_count,total_episodes,reaction_time,mean_risk_rise_time,mean_min_distance_after_turn
1.0,0.0,0.9503074884414673,0.6800000071525574,6.835999965667725,22.28500747680664,0.0017777748871594667,0.0,0.005355806555598974,0.011703039519488811,0.15841776132583618,0.12447814643383026,0.050274524837732315,0.3619723618030548,0.4627709984779358,1.297702431678772,0.1214817687869072,0.04835609346628189,0.35348811745643616,0.4518037736415863,0.8865687847137451,0.0,0.984000027179718,0.984000027179718,0.0,0.0,50.0,0.984000027179718,37.0,0.9574942588806152
