success_rate,collision_rate,mean_min_distance,near_miss_rate,mean_time,mean_episode_reward,distance_warning_cost_mean,distance_warning_cost_p50,distance_warning_cost_p90,distance_warning_cost_p95,distance_warning_cost_max,risk_sum_mean,risk_sum_p50,risk_sum_p90,risk_sum_p95,risk_sum_max,risk_max_mean,risk_max_p50,risk_max_p90,risk_max_p95,risk_max_max,applied_cost_mean
0.8999999761581421,0.10000000149011612,0.7549388408660889,0.9800000190734863,6.0279998779296875,18.957565307617188,0.015951257199048996,0.010599932633340359,0.03204406797885895,0.04631432145833969,0.38811901211738586,0.18256287276744843,0.09737229347229004,0.3999713659286499,0.631498396396637,1.2521567344665527,0.1701899915933609,0.0920310690999031,0.36996352672576904,0.5868560671806335,0.9273709654808044,0.0
