success_rate,collision_rate,mean_min_distance,near_miss_rate,mean_time,mean_episode_reward,distance_warning_cost_mean,distance_warning_cost_p50,distance_warning_cost_p90,distance_warning_cost_p95,distance_warning_cost_max,risk_sum_mean,risk_sum_p50,risk_sum_p90,risk_sum_p95,risk_sum_max,risk_max_mean,risk_max_p50,risk_max_p90,risk_max_p95,risk_max_max,applied_cost_mean,mean_reaction_eval_style,mean_reaction_nan_style,nan_reaction_rate,no_response_count,total_episodes,reaction_time,mean_risk_rise_time,mean_min_distance_after_turn
1.0,0.0,0.9317051768302917,0.699999988079071,6.731999397277832,22.345361709594727,0.0010805384954437613,0.0,0.0010519307106733322,0.005566086620092392,0.1873554140329361,0.08118714392185211,0.005509806331247091,0.26728811860084534,0.4109748899936676,0.8927659392356873,0.07813882827758789,0.005410256329923868,0.2497379332780838,0.39778339862823486,0.8927659392356873,0.0,4.771999835968018,0.3772727847099304,0.12,6.0,50.0,4.771999835968018,36.2599983215332,1.501292109489441
