success_rate,collision_rate,mean_min_distance,near_miss_rate,mean_time,mean_episode_reward,distance_warning_cost_mean,distance_warning_cost_p50,distance_warning_cost_p90,distance_warning_cost_p95,distance_warning_cost_max,risk_sum_mean,risk_sum_p50,risk_sum_p90,risk_sum_p95,risk_sum_max,risk_max_mean,risk_max_p50,risk_max_p90,risk_max_p95,risk_max_max,applied_cost_mean,mean_reaction_eval_style,mean_reaction_nan_style,nan_reaction_rate,no_response_count,total_episodes,reaction_time,mean_risk_rise_time,mean_min_distance_after_turn
0.9399999976158142,0.05999999865889549,0.887420654296875,0.7400000095367432,6.776000499725342,20.980863571166992,0.004398989491164684,0.0,0.011753508821129799,0.024789953604340553,0.38891515135765076,0.1562005877494812,0.06708943098783493,0.4740193486213684,0.5915481448173523,1.5684826374053955,0.15077947080135345,0.06577335298061371,0.463699609041214,0.566011905670166,0.9274894595146179,0.0,0.2879999876022339,0.2879999876022339,0.0,0.0,50.0,0.2879999876022339,37.0,0.8890024423599243
