success_rate,collision_rate,mean_min_distance,near_miss_rate,mean_time,mean_episode_reward,distance_warning_cost_mean,distance_warning_cost_p50,distance_warning_cost_p90,distance_warning_cost_p95,distance_warning_cost_max,risk_sum_mean,risk_sum_p50,risk_sum_p90,risk_sum_p95,risk_sum_max,risk_max_mean,risk_max_p50,risk_max_p90,risk_max_p95,risk_max_max,applied_cost_mean,mean_reaction_eval_style,mean_reaction_nan_style,nan_reaction_rate,no_response_count,total_episodes,reaction_time,mean_risk_rise_time,mean_min_distance_after_turn
1.0,0.0,1.1668943166732788,0.2199999988079071,7.047999858856201,22.300928115844727,0.00012488767970353365,0.0,0.0,0.0002647830406203866,0.05787120386958122,0.029288189485669136,0.001456362777389586,0.07313593477010727,0.151116743683815,0.7532753348350525,0.029030298814177513,0.0014416900230571628,0.0718098133802414,0.14966034889221191,0.7532753348350525,0.0,1.8600000143051147,0.3958333432674408,0.04,2.0,50.0,1.8600000143051147,35.52399826049805,1.613391399383545
