success_rate,collision_rate,mean_min_distance,near_miss_rate,mean_time,mean_episode_reward,distance_warning_cost_mean,distance_warning_cost_p50,distance_warning_cost_p90,distance_warning_cost_p95,distance_warning_cost_max,risk_sum_mean,risk_sum_p50,risk_sum_p90,risk_sum_p95,risk_sum_max,risk_max_mean,risk_max_p50,risk_max_p90,risk_max_p95,risk_max_max,applied_cost_mean,mean_reaction_eval_style,mean_reaction_nan_style,nan_reaction_rate,no_response_count,total_episodes,reaction_time,mean_risk_rise_time,mean_min_distance_after_turn
0.9800000190734863,0.019999999552965164,0.9911728501319885,0.5,6.812000274658203,21.891864776611328,0.0012467815540730953,0.0,0.003295798785984516,0.00749755185097456,0.3166573941707611,0.08798789232969284,0.027149105444550514,0.2680138945579529,0.36437296867370605,0.916259765625,0.08714021742343903,0.026987994089722633,0.2667067050933838,0.3609628975391388,0.916259765625,0.0,0.5360000133514404,0.5360000133514404,0.0,0.0,50.0,0.5360000133514404,37.0,0.994893491268158
