success_rate,collision_rate,mean_min_distance,near_miss_rate,mean_time,mean_episode_reward,distance_warning_cost_mean,distance_warning_cost_p50,distance_warning_cost_p90,distance_warning_cost_p95,distance_warning_cost_max,risk_sum_mean,risk_sum_p50,risk_sum_p90,risk_sum_p95,risk_sum_max,risk_max_mean,risk_max_p50,risk_max_p90,risk_max_p95,risk_max_max,applied_cost_mean,mean_reaction_eval_style,mean_reaction_nan_style,nan_reaction_rate,no_response_count,total_episodes,reaction_time,mean_risk_rise_time,mean_min_distance_after_turn
0.9800000190734863,0.019999999552965164,0.8857772350311279,0.8199999928474426,6.5360002517700195,21.680147171020508,0.0021300464868545532,0.0,0.0044250781647861,0.00944938138127327,0.2308371663093567,0.10788653045892715,0.0222888495773077,0.30864202976226807,0.49001622200012207,0.9237861037254333,0.10470937937498093,0.022017715498805046,0.29779815673828125,0.4755479395389557,0.9013073444366455,0.0,12.0,0.970588207244873,0.32,15.0,50.0,12.0,30.979591369628906,1.3461483716964722
