success_rate,collision_rate,mean_min_distance,near_miss_rate,mean_time,mean_episode_reward,distance_warning_cost_mean,distance_warning_cost_p50,distance_warning_cost_p90,distance_warning_cost_p95,distance_warning_cost_max,risk_sum_mean,risk_sum_p50,risk_sum_p90,risk_sum_p95,risk_sum_max,risk_max_mean,risk_max_p50,risk_max_p90,risk_max_p95,risk_max_max,applied_cost_mean,mean_reaction_eval_style,mean_reaction_nan_style,nan_reaction_rate,no_response_count,total_episodes,reaction_time,mean_risk_rise_time,mean_min_distance_after_turn
0.9800000190734863,0.019999999552965164,0.86689293384552,0.8399999737739563,6.539999961853027,21.657445907592773,0.003558427095413208,0.0006643136730417609,0.007653142791241407,0.015264137648046017,0.28922078013420105,0.125414177775383,0.024895336478948593,0.38744300603866577,0.5328845977783203,1.1031889915466309,0.11975730210542679,0.024446791037917137,0.3747418224811554,0.5166999697685242,0.911702573299408,0.0,3.3428571224212646,0.35111114382743835,0.1,4.0,50.0,3.3428571224212646,33.2326545715332,1.3059446811676025
