success_rate,collision_rate,mean_min_distance,near_miss_rate,mean_time,mean_episode_reward,distance_warning_cost_mean,distance_warning_cost_p50,distance_warning_cost_p90,distance_warning_cost_p95,distance_warning_cost_max,risk_sum_mean,risk_sum_p50,risk_sum_p90,risk_sum_p95,risk_sum_max,risk_max_mean,risk_max_p50,risk_max_p90,risk_max_p95,risk_max_max,applied_cost_mean
1.0,0.0,1.1767278909683228,0.23999999463558197,6.824000358581543,22.44198989868164,0.00018536265997681767,0.0,0.0003081331087742001,0.0010707015171647072,0.06526926159858704,0.03661562502384186,0.0013543113600462675,0.10598812997341156,0.1944863349199295,0.854088306427002,0.03619919717311859,0.0012992344563826919,0.10470407456159592,0.19386163353919983,0.854088306427002,0.0
