success_rate,collision_rate,mean_min_distance,near_miss_rate,mean_time,mean_episode_reward,distance_warning_cost_mean,distance_warning_cost_p50,distance_warning_cost_p90,distance_warning_cost_p95,distance_warning_cost_max,risk_sum_mean,risk_sum_p50,risk_sum_p90,risk_sum_p95,risk_sum_max,risk_max_mean,risk_max_p50,risk_max_p90,risk_max_p95,risk_max_max,applied_cost_mean
0.9599999785423279,0.03999999910593033,0.9433984160423279,0.5799999833106995,6.832000255584717,20.787076950073242,0.005315467249602079,0.0028615244664251804,0.011176167987287045,0.016074642539024353,0.2617439329624176,0.07914326339960098,0.042337704449892044,0.1382012516260147,0.2656683921813965,0.9111466407775879,0.07706234604120255,0.04156562313437462,0.13128207623958588,0.254302054643631,0.906940758228302,0.0
