success_rate,collision_rate,mean_min_distance,near_miss_rate,mean_time,mean_episode_reward,distance_warning_cost_mean,distance_warning_cost_p50,distance_warning_cost_p90,distance_warning_cost_p95,distance_warning_cost_max,risk_sum_mean,risk_sum_p50,risk_sum_p90,risk_sum_p95,risk_sum_max,risk_max_mean,risk_max_p50,risk_max_p90,risk_max_p95,risk_max_max,applied_cost_mean,mean_reaction_eval_style,mean_reaction_nan_style,nan_reaction_rate,no_response_count,total_episodes,reaction_time,mean_risk_rise_time,mean_min_distance_after_turn
0.9599999785423279,0.03999999910593033,0.9927810430526733,0.4399999976158142,6.767999649047852,21.522584915161133,0.0012768707238137722,0.0,0.002103758743032813,0.008822974748909473,0.21729053556919098,0.07149053364992142,0.010042804293334484,0.26160749793052673,0.3394845128059387,0.8987313508987427,0.07055649161338806,0.009271036833524704,0.26027655601501465,0.33690306544303894,0.8987313508987427,0.0,1.6039999723434448,0.8816326856613159,0.02,1.0,50.0,1.6039999723434448,37.0,0.9992697238922119
