success_rate,collision_rate,mean_min_distance,near_miss_rate,mean_time,mean_episode_reward,distance_warning_cost_mean,distance_warning_cost_p50,distance_warning_cost_p90,distance_warning_cost_p95,distance_warning_cost_max,risk_sum_mean,risk_sum_p50,risk_sum_p90,risk_sum_p95,risk_sum_max,risk_max_mean,risk_max_p50,risk_max_p90,risk_max_p95,risk_max_max,applied_cost_mean,mean_reaction_eval_style,mean_reaction_nan_style,nan_reaction_rate,no_response_count,total_episodes,reaction_time,mean_risk_rise_time,mean_min_distance_after_turn
0.9200000166893005,0.07999999821186066,0.9696304202079773,0.6000000238418579,7.052000045776367,20.67713165283203,0.002172177191823721,0.0,0.0010552076855674386,0.011929349973797798,0.29274889826774597,0.07654406875371933,0.0023991574998944998,0.31994470953941345,0.4413141906261444,1.2825034856796265,0.07563765347003937,0.002397727919742465,0.3179749846458435,0.43965914845466614,0.9122990369796753,0.0,0.3360000252723694,0.3360000252723694,0.0,0.0,50.0,0.3360000252723694,37.0,0.9699642062187195
