success_rate,collision_rate,mean_min_distance,near_miss_rate,mean_time,mean_episode_reward,distance_warning_cost_mean,distance_warning_cost_p50,distance_warning_cost_p90,distance_warning_cost_p95,distance_warning_cost_max,risk_sum_mean,risk_sum_p50,risk_sum_p90,risk_sum_p95,risk_sum_max,risk_max_mean,risk_max_p50,risk_max_p90,risk_max_p95,risk_max_max,applied_cost_mean
0.9200000166893005,0.07999999821186066,0.7299310564994812,1.0,6.179999828338623,19.594112396240234,0.015447055920958519,0.00956913735717535,0.03161623328924179,0.04990125820040703,0.3728894591331482,0.18334518373012543,0.08288688957691193,0.4787557125091553,0.6732431650161743,1.0982996225357056,0.1702018529176712,0.07828240841627121,0.4331527650356293,0.6328809261322021,0.9250840544700623,0.0
