success_rate,collision_rate,mean_min_distance,near_miss_rate,mean_time,mean_episode_reward,distance_warning_cost_mean,distance_warning_cost_p50,distance_warning_cost_p90,distance_warning_cost_p95,distance_warning_cost_max,risk_sum_mean,risk_sum_p50,risk_sum_p90,risk_sum_p95,risk_sum_max,risk_max_mean,risk_max_p50,risk_max_p90,risk_max_p95,risk_max_max,applied_cost_mean
1.0,0.0,1.081459879875183,0.4399999976158142,6.824000358581543,22.4580020904541,0.0006717023788951337,0.0,0.001232248730957508,0.004087861627340317,0.12438353896141052,0.06773877888917923,0.006336892955005169,0.22702066600322723,0.34572046995162964,1.0669080018997192,0.06626126170158386,0.00535998959094286,0.2232469767332077,0.3422014117240906,0.8654332756996155,0.0
