success_rate,collision_rate,mean_min_distance,near_miss_rate,mean_time,mean_episode_reward,distance_warning_cost_mean,distance_warning_cost_p50,distance_warning_cost_p90,distance_warning_cost_p95,distance_warning_cost_max,risk_sum_mean,risk_sum_p50,risk_sum_p90,risk_sum_p95,risk_sum_max,risk_max_mean,risk_max_p50,risk_max_p90,risk_max_p95,risk_max_max,applied_cost_mean,mean_reaction_eval_style,mean_reaction_nan_style,nan_reaction_rate,no_response_count,total_episodes,reaction_time,mean_risk_rise_time,mean_min_distance_after_turn
0.9599999785423279,0.03999999910593033,1.0143309831619263,0.5199999809265137,6.7920002937316895,21.490188598632812,0.0016905931988731027,0.0,0.004730959422886372,0.009291084483265877,0.39653411507606506,0.08583435416221619,0.013618070632219315,0.28546270728111267,0.40062642097473145,1.165710210800171,0.08375665545463562,0.012943005189299583,0.28103265166282654,0.39257335662841797,0.9286177754402161,0.0,1.2560001611709595,0.5265306234359741,0.02,1.0,50.0,1.2560001611709595,37.0,1.0170634984970093
