success_rate,collision_rate,mean_min_distance,near_miss_rate,mean_time,mean_episode_reward,distance_warning_cost_mean,distance_warning_cost_p50,distance_warning_cost_p90,distance_warning_cost_p95,distance_warning_cost_max,risk_sum_mean,risk_sum_p50,risk_sum_p90,risk_sum_p95,risk_sum_max,risk_max_mean,risk_max_p50,risk_max_p90,risk_max_p95,risk_max_max,applied_cost_mean
1.0,0.0,1.0613421201705933,0.6000000238418579,6.735999584197998,22.438426971435547,0.0006769401370547712,0.0,0.0016333161620423198,0.0038030105642974377,0.07569105923175812,0.07870412617921829,0.0045632789842784405,0.27478817105293274,0.39810898900032043,0.8553438782691956,0.07707596570253372,0.004493686370551586,0.2682223618030548,0.3928118944168091,0.8529112935066223,0.0
