success_rate,collision_rate,mean_min_distance,near_miss_rate,mean_time,mean_episode_reward,distance_warning_cost_mean,distance_warning_cost_p50,distance_warning_cost_p90,distance_warning_cost_p95,distance_warning_cost_max,risk_sum_mean,risk_sum_p50,risk_sum_p90,risk_sum_p95,risk_sum_max,risk_max_mean,risk_max_p50,risk_max_p90,risk_max_p95,risk_max_max,applied_cost_mean,mean_reaction_eval_style,mean_reaction_nan_style,nan_reaction_rate,no_response_count,total_episodes,reaction_time,mean_risk_rise_time,mean_min_distance_after_turn
1.0,0.0,0.9459956884384155,0.6000000238418579,6.747999668121338,22.2878475189209,0.0018896147375926375,0.0,0.006767535116523504,0.012474089860916138,0.16324383020401,0.12044182419776917,0.027063099667429924,0.4002426862716675,0.5079476833343506,1.1021960973739624,0.1177508533000946,0.02574673481285572,0.39114561676979065,0.4995400905609131,0.8876363635063171,0.0,3.483999729156494,1.344680905342102,0.06,3.0,50.0,3.483999729156494,37.0,0.9520593881607056
