success_rate,collision_rate,mean_min_distance,near_miss_rate,mean_time,mean_episode_reward,distance_warning_cost_mean,distance_warning_cost_p50,distance_warning_cost_p90,distance_warning_cost_p95,distance_warning_cost_max,risk_sum_mean,risk_sum_p50,risk_sum_p90,risk_sum_p95,risk_sum_max,risk_max_mean,risk_max_p50,risk_max_p90,risk_max_p95,risk_max_max,applied_cost_mean
0.8999999761581421,0.10000000149011612,0.7810114026069641,0.9800000190734863,6.0960001945495605,18.987808227539062,0.015237022191286087,0.00982246920466423,0.031147567555308342,0.04258577525615692,0.3542745113372803,0.17191541194915771,0.09535416960716248,0.35613712668418884,0.5746315717697144,1.0795116424560547,0.16426080465316772,0.09306962788105011,0.33891382813453674,0.5433403849601746,0.9222323298454285,0.0
