success_rate,collision_rate,mean_min_distance,near_miss_rate,mean_time,mean_episode_reward,distance_warning_cost_mean,distance_warning_cost_p50,distance_warning_cost_p90,distance_warning_cost_p95,distance_warning_cost_max,risk_sum_mean,risk_sum_p50,risk_sum_p90,risk_sum_p95,risk_sum_max,risk_max_mean,risk_max_p50,risk_max_p90,risk_max_p95,risk_max_max,applied_cost_mean
0.8999999761581421,0.10000000149011612,0.7490519881248474,0.9800000190734863,6.095999717712402,18.960012435913086,0.016787001863121986,0.009839829057455063,0.03492436930537224,0.047793079167604446,0.45413315296173096,0.17676378786563873,0.09642340987920761,0.37180274724960327,0.5966874361038208,1.2063666582107544,0.16833367943763733,0.09342514723539352,0.34894293546676636,0.5599626302719116,0.936860203742981,0.0
