success_rate,collision_rate,mean_min_distance,near_miss_rate,mean_time,mean_episode_reward,distance_warning_cost_mean,distance_warning_cost_p50,distance_warning_cost_p90,distance_warning_cost_p95,distance_warning_cost_max,risk_sum_mean,risk_sum_p50,risk_sum_p90,risk_sum_p95,risk_sum_max,risk_max_mean,risk_max_p50,risk_max_p90,risk_max_p95,risk_max_max,applied_cost_mean,mean_reaction_eval_style,mean_reaction_nan_style,nan_reaction_rate,no_response_count,total_episodes,reaction_time,mean_risk_rise_time,mean_min_distance_after_turn
0.9599999785423279,0.03999999910593033,0.8870623707771301,0.8399999737739563,6.567999839782715,21.535198211669922,0.0023431063164025545,0.0,0.006407727487385273,0.014392443001270294,0.21970303356647491,0.13773800432682037,0.03571521118283272,0.45279648900032043,0.557664155960083,1.1000969409942627,0.13643334805965424,0.03447920083999634,0.44959738850593567,0.5557026863098145,0.9357476830482483,0.0,0.8600000143051147,0.8600000143051147,0.0,0.0,50.0,0.8600000143051147,37.0,0.9017829298973083
