success_rate,collision_rate,mean_min_distance,near_miss_rate,mean_time,mean_episode_reward,distance_warning_cost_mean,distance_warning_cost_p50,distance_warning_cost_p90,distance_warning_cost_p95,distance_warning_cost_max,risk_sum_mean,risk_sum_p50,risk_sum_p90,risk_sum_p95,risk_sum_max,risk_max_mean,risk_max_p50,risk_max_p90,risk_max_p95,risk_max_max,applied_cost_mean,mean_reaction_eval_style,mean_reaction_nan_style,nan_reaction_rate,no_response_count,total_episodes,reaction_time,mean_risk_rise_time,mean_min_distance_after_turn
1.0,0.0,1.0003376007080078,0.6000000238418579,6.78000020980835,22.341476440429688,0.0006285329000093043,0.0,0.0004247402830515057,0.003042276483029127,0.13020671904087067,0.0643959641456604,0.0032006469555199146,0.19872663915157318,0.3430810868740082,0.9220485091209412,0.06295917183160782,0.0031529036350548267,0.19231869280338287,0.33553752303123474,0.9177805185317993,0.0,9.816000938415527,0.26486483216285706,0.26,13.0,50.0,9.816000938415527,34.784000396728516,1.63494074344635
