success_rate,collision_rate,mean_min_distance,near_miss_rate,mean_time,mean_episode_reward,distance_warning_cost_mean,distance_warning_cost_p50,distance_warning_cost_p90,distance_warning_cost_p95,distance_warning_cost_max,risk_sum_mean,risk_sum_p50,risk_sum_p90,risk_sum_p95,risk_sum_max,risk_max_mean,risk_max_p50,risk_max_p90,risk_max_p95,risk_max_max,applied_cost_mean
1.0,0.0,1.0631800889968872,0.3799999952316284,7.568000316619873,22.0346736907959,0.0013242507120594382,0.0,0.0033215112052857876,0.008066823706030846,0.15111294388771057,0.05057906731963158,0.012242373079061508,0.11672618240118027,0.21338829398155212,0.9242334961891174,0.04946368187665939,0.012232840061187744,0.11025823652744293,0.20410975813865662,0.9242334365844727,0.0
