success_rate,collision_rate,mean_min_distance,near_miss_rate,mean_time,mean_episode_reward,distance_warning_cost_mean,distance_warning_cost_p50,distance_warning_cost_p90,distance_warning_cost_p95,distance_warning_cost_max,risk_sum_mean,risk_sum_p50,risk_sum_p90,risk_sum_p95,risk_sum_max,risk_max_mean,risk_max_p50,risk_max_p90,risk_max_p95,risk_max_max,applied_cost_mean
1.0,0.0,1.4035873413085938,0.10000000149011612,6.979999542236328,22.410123825073242,0.00028040489996783435,0.0,0.0004877678584307432,0.0014712210977450013,0.07834642380475998,0.0273453276604414,0.0010463697835803032,0.0755205824971199,0.12735608220100403,0.9139202237129211,0.026795804500579834,0.0010419221362099051,0.07334806770086288,0.12583357095718384,0.9139202237129211,0.0
