success_rate,collision_rate,mean_min_distance,near_miss_rate,mean_time,mean_episode_reward,distance_warning_cost_mean,distance_warning_cost_p50,distance_warning_cost_p90,distance_warning_cost_p95,distance_warning_cost_max,risk_sum_mean,risk_sum_p50,risk_sum_p90,risk_sum_p95,risk_sum_max,risk_max_mean,risk_max_p50,risk_max_p90,risk_max_p95,risk_max_max,applied_cost_mean,mean_reaction_eval_style,mean_reaction_nan_style,nan_reaction_rate,no_response_count,total_episodes,reaction_time,mean_risk_rise_time,mean_min_distance_after_turn
0.9800000190734863,0.019999999552965164,0.8342845439910889,0.9800000190734863,6.5360002517700195,21.712343215942383,0.002937068697065115,0.0,0.006360407453030348,0.015621439553797245,0.3029005527496338,0.14198832213878632,0.027760354802012444,0.4480782747268677,0.6320441961288452,1.2533057928085327,0.13543133437633514,0.026934536173939705,0.4258045256137848,0.6085467338562012,0.9453458189964294,0.0,8.893878936767578,0.75789475440979,0.24,11.0,50.0,8.893878936767578,32.481632232666016,1.3743008375167847
