success_rate,collision_rate,mean_min_distance,near_miss_rate,mean_time,mean_episode_reward,distance_warning_cost_mean,distance_warning_cost_p50,distance_warning_cost_p90,distance_warning_cost_p95,distance_warning_cost_max,risk_sum_mean,risk_sum_p50,risk_sum_p90,risk_sum_p95,risk_sum_max,risk_max_mean,risk_max_p50,risk_max_p90,risk_max_p95,risk_max_max,applied_cost_mean,mean_reaction_eval_style,mean_reaction_nan_style,nan_reaction_rate,no_response_count,total_episodes,reaction_time,mean_risk_rise_time,mean_min_distance_after_turn
0.9399999976158142,0.05999999865889549,0.878536581993103,0.8199999928474426,6.783999443054199,21.060617446899414,0.002624706132337451,0.0,0.0058431196957826614,0.01585903950035572,0.38372617959976196,0.13752755522727966,0.022029945626854897,0.49446776509284973,0.6489658355712891,1.6060590744018555,0.13393409550189972,0.021698029711842537,0.4856306314468384,0.6348167061805725,0.9535456895828247,0.0,1.3920000791549683,0.6653061509132385,0.02,1.0,50.0,1.3920000791549683,37.0,0.8991129994392395
