success_rate,collision_rate,mean_min_distance,near_miss_rate,mean_time,mean_episode_reward,distance_warning_cost_mean,distance_warning_cost_p50,distance_warning_cost_p90,distance_warning_cost_p95,distance_warning_cost_max,risk_sum_mean,risk_sum_p50,risk_sum_p90,risk_sum_p95,risk_sum_max,risk_max_mean,risk_max_p50,risk_max_p90,risk_max_p95,risk_max_max,applied_cost_mean
1.0,0.0,0.9810941219329834,0.699999988079071,6.711999893188477,22.45476722717285,0.0011726772645488381,0.0,0.002527213655412197,0.00774646271020174,0.1265147477388382,0.09859731793403625,0.005449491553008556,0.3507206439971924,0.4894847869873047,1.3193467855453491,0.0960630476474762,0.005367992911487818,0.34151381254196167,0.4787152111530304,0.9210620522499084,0.0
