success_rate,collision_rate,mean_min_distance,near_miss_rate,mean_time,mean_episode_reward,distance_warning_cost_mean,distance_warning_cost_p50,distance_warning_cost_p90,distance_warning_cost_p95,distance_warning_cost_max,risk_sum_mean,risk_sum_p50,risk_sum_p90,risk_sum_p95,risk_sum_max,risk_max_mean,risk_max_p50,risk_max_p90,risk_max_p95,risk_max_max,applied_cost_mean
0.9599999785423279,0.03999999910593033,0.956260085105896,0.8199999928474426,6.5279998779296875,21.32297134399414,0.0028013386763632298,0.0,0.006678905338048935,0.015497343614697456,0.31467586755752563,0.12949177622795105,0.01992005854845047,0.4596390426158905,0.5937507748603821,1.5392422676086426,0.12296740710735321,0.019051464274525642,0.43901869654655457,0.5741292834281921,0.9465987086296082,0.0
