success_rate,collision_rate,mean_min_distance,near_miss_rate,mean_time,mean_episode_reward,distance_warning_cost_mean,distance_warning_cost_p50,distance_warning_cost_p90,distance_warning_cost_p95,distance_warning_cost_max,risk_sum_mean,risk_sum_p50,risk_sum_p90,risk_sum_p95,risk_sum_max,risk_max_mean,risk_max_p50,risk_max_p90,risk_max_p95,risk_max_max,applied_cost_mean
0.8799999952316284,0.11999999731779099,0.769612729549408,0.9800000190734863,5.920000076293945,18.35558319091797,0.014865037053823471,0.007043351419270039,0.03218794986605644,0.04659159108996391,0.3051764965057373,0.20692110061645508,0.11571091413497925,0.45455166697502136,0.6470317244529724,1.2380015850067139,0.1964414268732071,0.11251948028802872,0.42438992857933044,0.5982862114906311,0.9455897212028503,0.0
