success_rate,collision_rate,mean_min_distance,near_miss_rate,mean_time,mean_episode_reward,distance_warning_cost_mean,distance_warning_cost_p50,distance_warning_cost_p90,distance_warning_cost_p95,distance_warning_cost_max,risk_sum_mean,risk_sum_p50,risk_sum_p90,risk_sum_p95,risk_sum_max,risk_max_mean,risk_max_p50,risk_max_p90,risk_max_p95,risk_max_max,applied_cost_mean
1.0,0.0,0.9343788027763367,0.7599999904632568,6.6800007820129395,22.46120834350586,0.0017257012659683824,0.0,0.004220582544803619,0.01058395579457283,0.10509399324655533,0.11398709565401077,0.009280657395720482,0.41829222440719604,0.5716227293014526,1.1634341478347778,0.11100032180547714,0.008632879704236984,0.4109959304332733,0.5540193915367126,0.9155556559562683,0.0
