success_rate,collision_rate,mean_min_distance,near_miss_rate,mean_time,mean_episode_reward,distance_warning_cost_mean,distance_warning_cost_p50,distance_warning_cost_p90,distance_warning_cost_p95,distance_warning_cost_max,risk_sum_mean,risk_sum_p50,risk_sum_p90,risk_sum_p95,risk_sum_max,risk_max_mean,risk_max_p50,risk_max_p90,risk_max_p95,risk_max_max,applied_cost_mean,mean_reaction_eval_style,mean_reaction_nan_style,nan_reaction_rate,no_response_count,total_episodes,reaction_time,mean_risk_rise_time,mean_min_distance_after_turn
0.9800000190734863,0.019999999552965164,0.8848075270652771,0.8399999737739563,6.539999961853027,21.725261688232422,0.0021445835009217262,0.0,0.004547241143882275,0.010029788129031658,0.33512207865715027,0.10657840967178345,0.02295113168656826,0.3135928213596344,0.4875951111316681,1.338170051574707,0.10346812009811401,0.022536415606737137,0.2999773919582367,0.47366663813591003,0.948723554611206,0.0,21.395915985107422,0.5904761552810669,0.58,28.0,50.0,21.395915985107422,34.73469543457031,1.4097187519073486
