success_rate,collision_rate,mean_min_distance,near_miss_rate,mean_time,mean_episode_reward,distance_warning_cost_mean,distance_warning_cost_p50,distance_warning_cost_p90,distance_warning_cost_p95,distance_warning_cost_max,risk_sum_mean,risk_sum_p50,risk_sum_p90,risk_sum_p95,risk_sum_max,risk_max_mean,risk_max_p50,risk_max_p90,risk_max_p95,risk_max_max,applied_cost_mean
0.9800000190734863,0.019999999552965164,0.8861974477767944,0.7799999713897705,7.039999961853027,21.487037658691406,0.0043344153091311455,0.0010158218210563064,0.013637086376547813,0.02174200303852558,0.2680819630622864,0.11334878951311111,0.03910054266452789,0.30936941504478455,0.4808041453361511,1.2483797073364258,0.11039707064628601,0.038508180528879166,0.30386149883270264,0.46722546219825745,0.9415016174316406,0.0
