success_rate,collision_rate,mean_min_distance,near_miss_rate,mean_time,mean_episode_reward,distance_warning_cost_mean,distance_warning_cost_p50,distance_warning_cost_p90,distance_warning_cost_p95,distance_warning_cost_max,risk_sum_mean,risk_sum_p50,risk_sum_p90,risk_sum_p95,risk_sum_max,risk_max_mean,risk_max_p50,risk_max_p90,risk_max_p95,risk_max_max,applied_cost_mean,mean_reaction_eval_style,mean_reaction_nan_style,nan_reaction_rate,no_response_count,total_episodes,reaction_time,mean_risk_rise_time,mean_min_distance_after_turn
0.9399999976158142,0.05999999865889549,0.8363770246505737,0.9599999785423279,6.679999351501465,21.035484313964844,0.003845418803393841,0.0,0.015178816393017769,0.023753376677632332,0.28523173928260803,0.20379573106765747,0.07433430850505829,0.5909496545791626,0.7280707359313965,1.7126619815826416,0.19825369119644165,0.07236147671937943,0.5843114256858826,0.7097589373588562,0.9434224367141724,0.0,2.760000228881836,1.3333332538604736,0.04,2.0,50.0,2.760000228881836,37.0,0.8496121168136597
