success_rate,collision_rate,mean_min_distance,near_miss_rate,mean_time,mean_episode_reward,distance_warning_cost_mean,distance_warning_cost_p50,distance_warning_cost_p90,distance_warning_cost_p95,distance_warning_cost_max,risk_sum_mean,risk_sum_p50,risk_sum_p90,risk_sum_p95,risk_sum_max,risk_max_mean,risk_max_p50,risk_max_p90,risk_max_p95,risk_max_max,applied_cost_mean,mean_reaction_eval_style,mean_reaction_nan_style,nan_reaction_rate,no_response_count,total_episodes,reaction_time,mean_risk_rise_time,mean_min_distance_after_turn
0.9200000166893005,0.07999999821186066,1.039172649383545,0.4399999976158142,6.8520002365112305,20.709087371826172,0.0013144677504897118,0.0,0.0009231086587533355,0.005659706424921751,0.32428503036499023,0.05166741460561752,0.0011617394629865885,0.19357749819755554,0.30544859170913696,0.9476050734519958,0.0516170933842659,0.0011371828150004148,0.19355474412441254,0.3051704466342926,0.9476050734519958,0.0,1.2799999713897705,0.5510204434394836,0.02,1.0,50.0,1.2799999713897705,37.0,1.0522127151489258
