success_rate,collision_rate,mean_min_distance,near_miss_rate,mean_time,mean_episode_reward,distance_warning_cost_mean,distance_warning_cost_p50,distance_warning_cost_p90,distance_warning_cost_p95,distance_warning_cost_max,risk_sum_mean,risk_sum_p50,risk_sum_p90,risk_sum_p95,risk_sum_max,risk_max_mean,risk_max_p50,risk_max_p90,risk_max_p95,risk_max_max,applied_cost_mean
1.0,0.0,1.66872239112854,0.05999999865889549,7.631999492645264,22.350751876831055,1.6203846826101653e-05,0.0,2.9065016860840842e-05,6.0689602833008394e-05,0.014008197002112865,0.01161037664860487,0.00021136488066986203,0.026149338111281395,0.05110161006450653,0.7598099708557129,0.011602260172367096,0.00020076349028386176,0.026144983246922493,0.0510902963578701,0.7598099708557129,0.0
