success_rate,collision_rate,mean_min_distance,near_miss_rate,mean_time,mean_episode_reward,distance_warning_cost_mean,distance_warning_cost_p50,distance_warning_cost_p90,distance_warning_cost_p95,distance_warning_cost_max,risk_sum_mean,risk_sum_p50,risk_sum_p90,risk_sum_p95,risk_sum_max,risk_max_mean,risk_max_p50,risk_max_p90,risk_max_p95,risk_max_max,applied_cost_mean
0.8999999761581421,0.10000000149011612,0.9041213393211365,0.6600000262260437,6.260000705718994,18.969974517822266,0.013126327656209469,0.0084599070250988,0.025894619524478912,0.03225652873516083,0.3308619260787964,0.14025776088237762,0.09327609091997147,0.216690793633461,0.34990474581718445,1.1549906730651855,0.13677279651165009,0.09219371527433395,0.20734219253063202,0.3343730866909027,0.9482858777046204,0.0
