success_rate,collision_rate,mean_min_distance,near_miss_rate,mean_time,mean_episode_reward,distance_warning_cost_mean,distance_warning_cost_p50,distance_warning_cost_p90,distance_warning_cost_p95,distance_warning_cost_max,risk_sum_mean,risk_sum_p50,risk_sum_p90,risk_sum_p95,risk_sum_max,risk_max_mean,risk_max_p50,risk_max_p90,risk_max_p95,risk_max_max,applied_cost_mean
0.9800000190734863,0.019999999552965164,1.009019136428833,0.6000000238418579,6.5879998207092285,21.8499698638916,0.0023391833528876305,0.0003320292744319886,0.00557726388797164,0.009597264230251312,0.22639934718608856,0.09569554030895233,0.021009325981140137,0.30965325236320496,0.4451873302459717,1.3435091972351074,0.09350036829710007,0.020512573421001434,0.3021720349788666,0.4364258646965027,0.936577320098877,0.0
