success_rate,collision_rate,mean_min_distance,near_miss_rate,mean_time,mean_episode_reward,distance_warning_cost_mean,distance_warning_cost_p50,distance_warning_cost_p90,distance_warning_cost_p95,distance_warning_cost_max,risk_sum_mean,risk_sum_p50,risk_sum_p90,risk_sum_p95,risk_sum_max,risk_max_mean,risk_max_p50,risk_max_p90,risk_max_p95,risk_max_max,applied_cost_mean,mean_reaction_eval_style,mean_reaction_nan_style,nan_reaction_rate,no_response_count,total_episodes,reaction_time,mean_risk_rise_time,mean_min_distance_after_turn
0.9800000190734863,0.019999999552965164,0.904896080493927,0.7599999904632568,6.5879998207092285,21.952774047851562,0.0017507226439192891,0.0,0.004571934696286917,0.011629355140030384,0.20261737704277039,0.13348005712032318,0.046465810388326645,0.4060182273387909,0.49852779507637024,1.5797119140625,0.1309220790863037,0.045788560062646866,0.40249085426330566,0.4905520975589752,0.9335752725601196,0.0,3.1879994869232178,1.0297871828079224,0.06,3.0,50.0,3.1879994869232178,37.0,0.9188152551651001
