success_rate,collision_rate,mean_min_distance,near_miss_rate,mean_time,mean_episode_reward,distance_warning_cost_mean,distance_warning_cost_p50,distance_warning_cost_p90,distance_warning_cost_p95,distance_warning_cost_max,risk_sum_mean,risk_sum_p50,risk_sum_p90,risk_sum_p95,risk_sum_max,risk_max_mean,risk_max_p50,risk_max_p90,risk_max_p95,risk_max_max,applied_cost_mean
0.8600000143051147,0.14000000059604645,0.7194178700447083,1.0,5.804000377655029,17.746389389038086,0.01752389967441559,0.00773052079603076,0.038773905485868454,0.057898521423339844,0.2918434739112854,0.23859131336212158,0.1316777765750885,0.5773534178733826,0.7551727294921875,1.3043479919433594,0.22346296906471252,0.12719948589801788,0.527840793132782,0.6946534514427185,0.9441484808921814,0.0
