success_rate,collision_rate,mean_min_distance,near_miss_rate,mean_time,mean_episode_reward,distance_warning_cost_mean,distance_warning_cost_p50,distance_warning_cost_p90,distance_warning_cost_p95,distance_warning_cost_max,risk_sum_mean,risk_sum_p50,risk_sum_p90,risk_sum_p95,risk_sum_max,risk_max_mean,risk_max_p50,risk_max_p90,risk_max_p95,risk_max_max,applied_cost_mean
0.8999999761581421,0.10000000149011612,0.7666217684745789,0.9800000190734863,6.0879998207092285,18.967966079711914,0.012714216485619545,0.00457026669755578,0.031428296118974686,0.045306771993637085,0.2826431691646576,0.20258337259292603,0.1096334382891655,0.4729309380054474,0.667219877243042,1.298166275024414,0.1907457560300827,0.10642342269420624,0.4336545467376709,0.6209973096847534,0.9431360363960266,0.0
