success_rate,collision_rate,mean_min_distance,near_miss_rate,mean_time,mean_episode_reward,distance_warning_cost_mean,distance_warning_cost_p50,distance_warning_cost_p90,distance_warning_cost_p95,distance_warning_cost_max,risk_sum_mean,risk_sum_p50,risk_sum_p90,risk_sum_p95,risk_sum_max,risk_max_mean,risk_max_p50,risk_max_p90,risk_max_p95,risk_max_max,applied_cost_mean,mean_reaction_eval_style,mean_reaction_nan_style,nan_reaction_rate,no_response_count,total_episodes,reaction_time,mean_risk_rise_time,mean_min_distance_after_turn
0.8799999952316284,0.11999999731779099,0.9206758737564087,0.7200000286102295,7.651999473571777,19.674043655395508,0.003706148359924555,0.0,0.006914428435266018,0.01663941890001297,0.3417567014694214,0.09170497953891754,0.0017334745498374104,0.38350293040275574,0.5568417310714722,1.782947063446045,0.08839091658592224,0.0017190614016726613,0.3763708472251892,0.5436999797821045,0.949400007724762,0.0,0.23999999463558197,0.23999999463558197,0.0,0.0,50.0,0.23999999463558197,36.2599983215332,0.9206758737564087
