success_rate,collision_rate,mean_min_distance,near_miss_rate,mean_time,mean_episode_reward,distance_warning_cost_mean,distance_warning_cost_p50,distance_warning_cost_p90,distance_warning_cost_p95,distance_warning_cost_max,risk_sum_mean,risk_sum_p50,risk_sum_p90,risk_sum_p95,risk_sum_max,risk_max_mean,risk_max_p50,risk_max_p90,risk_max_p95,risk_max_max,applied_cost_mean,mean_reaction_eval_style,mean_reaction_nan_style,nan_reaction_rate,no_response_count,total_episodes,reaction_time,mean_risk_rise_time,mean_min_distance_after_turn
0.9800000190734863,0.019999999552965164,0.8609201312065125,0.8399999737739563,6.555999279022217,21.70172882080078,0.0023468979634344578,0.0,0.004193255212157965,0.012309495359659195,0.24322772026062012,0.12602059543132782,0.024529006332159042,0.3729022741317749,0.5484669208526611,1.5798017978668213,0.12018340080976486,0.024507679045200348,0.35564732551574707,0.5188568234443665,0.938612699508667,0.0,4.587754726409912,0.9045455455780029,0.12,5.0,50.0,4.587754726409912,33.22856903076172,1.3141876459121704
