success_rate,collision_rate,mean_min_distance,near_miss_rate,mean_time,mean_episode_reward,distance_warning_cost_mean,distance_warning_cost_p50,distance_warning_cost_p90,distance_warning_cost_p95,distance_warning_cost_max,risk_sum_mean,risk_sum_p50,risk_sum_p90,risk_sum_p95,risk_sum_max,risk_max_mean,risk_max_p50,risk_max_p90,risk_max_p95,risk_max_max,applied_cost_mean
0.9599999785423279,0.03999999910593033,0.8453729152679443,0.7400000095367432,6.547999858856201,20.8663387298584,0.009163337759673595,0.005488074384629726,0.018943659961223602,0.03002345748245716,0.36332258582115173,0.12277794629335403,0.04280628263950348,0.30713343620300293,0.4758107364177704,1.267175555229187,0.117247074842453,0.04236410930752754,0.29011109471321106,0.447018027305603,0.9515579342842102,0.0
