success_rate,collision_rate,mean_min_distance,near_miss_rate,mean_time,mean_episode_reward,distance_warning_cost_mean,distance_warning_cost_p50,distance_warning_cost_p90,distance_warning_cost_p95,distance_warning_cost_max,risk_sum_mean,risk_sum_p50,risk_sum_p90,risk_sum_p95,risk_sum_max,risk_max_mean,risk_max_p50,risk_max_p90,risk_max_p95,risk_max_max,applied_cost_mean,mean_reaction_eval_style,mean_reaction_nan_style,nan_reaction_rate,no_response_count,total_episodes,reaction_time,mean_risk_rise_time,mean_min_distance_after_turn
0.9399999976158142,0.05999999865889549,0.8451071977615356,0.8799999952316284,6.631999969482422,21.11536407470703,0.004601805936545134,0.0,0.015247556380927563,0.027368606999516487,0.3275052309036255,0.16074378788471222,0.03897565230727196,0.5125953555107117,0.6104924082756042,1.7170610427856445,0.15798893570899963,0.03753029182553291,0.50814288854599,0.6030539870262146,0.9479392170906067,0.0,0.8759999871253967,0.8759999871253967,0.0,0.0,50.0,0.8759999871253967,37.0,0.8604897260665894
