success_rate,collision_rate,mean_min_distance,near_miss_rate,mean_time,mean_episode_reward,distance_warning_cost_mean,distance_warning_cost_p50,distance_warning_cost_p90,distance_warning_cost_p95,distance_warning_cost_max,risk_sum_mean,risk_sum_p50,risk_sum_p90,risk_sum_p95,risk_sum_max,risk_max_mean,risk_max_p50,risk_max_p90,risk_max_p95,risk_max_max,applied_cost_mean
1.0,0.0,1.1065975427627563,0.5400000214576721,7.003999710083008,22.448928833007812,0.0009344728314317763,0.0,0.002587956143543124,0.005594732239842415,0.18764854967594147,0.07859530299901962,0.0034941937774419785,0.27656450867652893,0.38317281007766724,0.9787492752075195,0.0767940804362297,0.0034403055906295776,0.27156516909599304,0.37984204292297363,0.9315997958183289,0.0
