success_rate,collision_rate,mean_min_distance,near_miss_rate,mean_time,mean_episode_reward,distance_warning_cost_mean,distance_warning_cost_p50,distance_warning_cost_p90,distance_warning_cost_p95,distance_warning_cost_max,risk_sum_mean,risk_sum_p50,risk_sum_p90,risk_sum_p95,risk_sum_max,risk_max_mean,risk_max_p50,risk_max_p90,risk_max_p95,risk_max_max,applied_cost_mean
0.8999999761581421,0.10000000149011612,0.7496240735054016,0.9800000190734863,6.032000541687012,18.99279022216797,0.013382448814809322,0.006319029256701469,0.029479730874300003,0.04656039550900459,0.26993685960769653,0.1968400925397873,0.0955086499452591,0.49219322204589844,0.6997146010398865,1.368328332901001,0.18238243460655212,0.09117145836353302,0.44321131706237793,0.6456089019775391,0.9417120814323425,0.0
