success_rate,collision_rate,mean_min_distance,near_miss_rate,mean_time,mean_episode_reward,distance_warning_cost_mean,distance_warning_cost_p50,distance_warning_cost_p90,distance_warning_cost_p95,distance_warning_cost_max,risk_sum_mean,risk_sum_p50,risk_sum_p90,risk_sum_p95,risk_sum_max,risk_max_mean,risk_max_p50,risk_max_p90,risk_max_p95,risk_max_max,applied_cost_mean
1.0,0.0,1.1122157573699951,0.46000000834465027,6.820000171661377,22.44485855102539,0.0007998704095371068,0.0,0.00155680684838444,0.004435797221958637,0.10686072707176208,0.06638216227293015,0.003078897949308157,0.22046253085136414,0.32713955640792847,1.074713945388794,0.06443791091442108,0.003074425971135497,0.21158786118030548,0.31793245673179626,0.9193043112754822,0.0
