success_rate,collision_rate,mean_min_distance,near_miss_rate,mean_time,mean_episode_reward,distance_warning_cost_mean,distance_warning_cost_p50,distance_warning_cost_p90,distance_warning_cost_p95,distance_warning_cost_max,risk_sum_mean,risk_sum_p50,risk_sum_p90,risk_sum_p95,risk_sum_max,risk_max_mean,risk_max_p50,risk_max_p90,risk_max_p95,risk_max_max,applied_cost_mean,mean_reaction_eval_style,mean_reaction_nan_style,nan_reaction_rate,no_response_count,total_episodes,reaction_time,mean_risk_rise_time,mean_min_distance_after_turn
0.9200000166893005,0.07999999821186066,0.9707739949226379,0.6399999856948853,6.711999893188477,20.725343704223633,0.001454436220228672,0.0,0.002401222474873066,0.009640862233936787,0.2676217555999756,0.07982232421636581,0.011060720309615135,0.2928329408168793,0.3760441839694977,0.9414492845535278,0.07942675799131393,0.010825051926076412,0.29054898023605347,0.37603119015693665,0.9414492845535278,0.0,2.1479997634887695,0.6958333849906921,0.04,2.0,50.0,2.1479997634887695,37.0,0.9962171912193298
