success_rate,collision_rate,mean_min_distance,near_miss_rate,mean_time,mean_episode_reward,distance_warning_cost_mean,distance_warning_cost_p50,distance_warning_cost_p90,distance_warning_cost_p95,distance_warning_cost_max,risk_sum_mean,risk_sum_p50,risk_sum_p90,risk_sum_p95,risk_sum_max,risk_max_mean,risk_max_p50,risk_max_p90,risk_max_p95,risk_max_max,applied_cost_mean,mean_reaction_eval_style,mean_reaction_nan_style,nan_reaction_rate,no_response_count,total_episodes,reaction_time,mean_risk_rise_time,mean_min_distance_after_turn
1.0,0.0,1.346735954284668,0.1599999964237213,7.579999923706055,22.274686813354492,0.0001427826500730589,0.0,5.7555269449949265e-05,0.000553871737793088,0.06761840730905533,0.02103245258331299,2.6312491172575392e-05,0.05544417351484299,0.09956805408000946,0.9054639935493469,0.020727798342704773,2.6251735107507557e-05,0.05424993857741356,0.0987262949347496,0.9054639935493469,0.0,0.24799999594688416,0.24799999594688416,0.0,0.0,50.0,0.24799999594688416,36.263999938964844,1.9044569730758667
