success_rate,collision_rate,mean_min_distance,near_miss_rate,mean_time,mean_episode_reward,distance_warning_cost_mean,distance_warning_cost_p50,distance_warning_cost_p90,distance_warning_cost_p95,distance_warning_cost_max,risk_sum_mean,risk_sum_p50,risk_sum_p90,risk_sum_p95,risk_sum_max,risk_max_mean,risk_max_p50,risk_max_p90,risk_max_p95,risk_max_max,applied_cost_mean,mean_reaction_eval_style,mean_reaction_nan_style,nan_reaction_rate,no_response_count,total_episodes,reaction_time,mean_risk_rise_time,mean_min_distance_after_turn
1.0,0.0,0.8425903916358948,0.9399999976158142,6.655999660491943,22.365510940551758,0.001998826628550887,0.0,0.0031971815042197704,0.010753091424703598,0.09794566035270691,0.12204646319150925,0.00812339037656784,0.4116295874118805,0.5886680483818054,1.461332082748413,0.11657324433326721,0.007354022469371557,0.39155033230781555,0.5667568445205688,0.9144346117973328,0.0,12.920000076293945,1.5882352590560913,0.32,16.0,50.0,12.920000076293945,29.62799835205078,1.3804905414581299
