success_rate,collision_rate,mean_min_distance,near_miss_rate,mean_time,mean_episode_reward,distance_warning_cost_mean,distance_warning_cost_p50,distance_warning_cost_p90,distance_warning_cost_p95,distance_warning_cost_max,risk_sum_mean,risk_sum_p50,risk_sum_p90,risk_sum_p95,risk_sum_max,risk_max_mean,risk_max_p50,risk_max_p90,risk_max_p95,risk_max_max,applied_cost_mean,mean_reaction_eval_style,mean_reaction_nan_style,nan_reaction_rate,no_response_count,total_episodes,reaction_time,mean_risk_rise_time,mean_min_distance_after_turn
0.9800000190734863,0.019999999552965164,1.2122467756271362,0.18000000715255737,6.799999237060547,21.686521530151367,0.0015290281735360622,0.0,0.004164696671068668,0.007032756693661213,0.4237496256828308,0.04163794964551926,0.0171114020049572,0.07216615974903107,0.1562613546848297,0.9573081731796265,0.04138702526688576,0.017110520973801613,0.07175836712121964,0.1545858234167099,0.9573081731796265,0.0,7.767347812652588,0.271794855594635,0.22,10.0,50.0,7.767347812652588,37.0,1.6814165115356445
