success_rate,collision_rate,mean_min_distance,near_miss_rate,mean_time,mean_episode_reward,distance_warning_cost_mean,distance_warning_cost_p50,distance_warning_cost_p90,distance_warning_cost_p95,distance_warning_cost_max,risk_sum_mean,risk_sum_p50,risk_sum_p90,risk_sum_p95,risk_sum_max,risk_max_mean,risk_max_p50,risk_max_p90,risk_max_p95,risk_max_max,applied_cost_mean,mean_reaction_eval_style,mean_reaction_nan_style,nan_reaction_rate,no_response_count,total_episodes,reaction_time,mean_risk_rise_time,mean_min_distance_after_turn
0.9800000190734863,0.019999999552965164,0.9878599047660828,0.6200000047683716,6.9079999923706055,21.7764949798584,0.0009829936316236854,0.0,0.0008465200080536306,0.004459054674953222,0.21415159106254578,0.08151903003454208,0.0026041821110993624,0.25905317068099976,0.4161095917224884,1.533484935760498,0.07919090986251831,0.0025931140407919884,0.25451740622520447,0.4067037105560303,0.9350508451461792,0.0,0.41200006008148193,0.41200006008148193,0.0,0.0,50.0,0.41200006008148193,32.56800079345703,1.6073569059371948
