success_rate,collision_rate,mean_min_distance,near_miss_rate,mean_time,mean_episode_reward,distance_warning_cost_mean,distance_warning_cost_p50,distance_warning_cost_p90,distance_warning_cost_p95,distance_warning_cost_max,risk_sum_mean,risk_sum_p50,risk_sum_p90,risk_sum_p95,risk_sum_max,risk_max_mean,risk_max_p50,risk_max_p90,risk_max_p95,risk_max_max,applied_cost_mean,distance_warning_cost_nonzero_rate,scenario_valid_rate,planned_threat_valid_rate,threat_valid_rate,realized_near_miss_rate,predicted_cpa_to_nominal_path_mean,mean_reaction_eval_style,mean_reaction_nan_style,nan_reaction_rate,no_response_count,total_episodes,reaction_time,mean_risk_rise_time,mean_min_distance_after_turn
0.9800000190734863,0.019999999552965164,1.4610322713851929,0.3400000035762787,7.372000217437744,21.828516006469727,0.0007228434551507235,0.0,4.0591425204183906e-05,0.0037291841581463814,0.2069290429353714,0.02835141494870186,2.291207890081637e-09,0.11360900849103928,0.19090841710567474,0.896711528301239,0.028351392596960068,2.2891539774860803e-09,0.11360900104045868,0.19090838730335236,0.896711528301239,0.0,0.34,1.0,1.0,1.0,0.6200000047683716,3.696071075864893e-07,0.2160000056028366,0.2160000056028366,0.0,0.0,50.0,0.2160000056028366,25.796001434326172,1.5173722505569458
