success_rate,collision_rate,mean_min_distance,near_miss_rate,mean_time,mean_episode_reward,distance_warning_cost_mean,distance_warning_cost_p50,distance_warning_cost_p90,distance_warning_cost_p95,distance_warning_cost_max,risk_sum_mean,risk_sum_p50,risk_sum_p90,risk_sum_p95,risk_sum_max,risk_max_mean,risk_max_p50,risk_max_p90,risk_max_p95,risk_max_max,applied_cost_mean,distance_warning_cost_nonzero_rate,scenario_valid_rate,planned_threat_valid_rate,threat_valid_rate,realized_near_miss_rate,predicted_cpa_to_nominal_path_mean,mean_reaction_eval_style,mean_reaction_nan_style,nan_reaction_rate,no_response_count,total_episodes,reaction_time,mean_risk_rise_time,mean_min_distance_after_turn
0.9800000190734863,0.019999999552965164,1.2281285524368286,0.46000000834465027,6.992000102996826,21.789567947387695,0.0006699436344206333,0.0,5.793113086838275e-05,0.0035966720897704363,0.21156537532806396,0.03729740530252457,0.0002738293551374227,0.12596313655376434,0.23293745517730713,0.8976213932037354,0.03718509152531624,0.0002704156213440001,0.12555719912052155,0.23277321457862854,0.8976208567619324,0.0,0.46,1.0,1.0,1.0,0.699999988079071,3.696071075864893e-07,0.5280000567436218,0.5280000567436218,0.0,0.0,50.0,0.5280000567436218,24.219999313354492,1.2717812061309814
