success_rate,collision_rate,mean_min_distance,near_miss_rate,mean_time,mean_episode_reward,distance_warning_cost_mean,distance_warning_cost_p50,distance_warning_cost_p90,distance_warning_cost_p95,distance_warning_cost_max,risk_sum_mean,risk_sum_p50,risk_sum_p90,risk_sum_p95,risk_sum_max,risk_max_mean,risk_max_p50,risk_max_p90,risk_max_p95,risk_max_max,applied_cost_mean,distance_warning_cost_nonzero_rate,scenario_valid_rate,planned_threat_valid_rate,threat_valid_rate,realized_near_miss_rate,predicted_cpa_to_nominal_path_mean
1.0,0.0,1.3756508827209473,0.10000000149011612,8.472000122070312,21.904848098754883,0.00015486271877307445,0.0,0.00011840835213661194,0.0013410922838374972,0.07721027731895447,0.00901931244879961,0.00023810783750377595,0.03134644776582718,0.05593603476881981,1.107231855392456,0.00812080129981041,0.00022250266920309514,0.028923314064741135,0.04944272339344025,0.6967035531997681,0.0,0.1,1.0,1.0,1.0,0.699999988079071,nan
