success_rate,collision_rate,mean_min_distance,near_miss_rate,mean_time,mean_episode_reward,distance_warning_cost_mean,distance_warning_cost_p50,distance_warning_cost_p90,distance_warning_cost_p95,distance_warning_cost_max,risk_sum_mean,risk_sum_p50,risk_sum_p90,risk_sum_p95,risk_sum_max,risk_max_mean,risk_max_p50,risk_max_p90,risk_max_p95,risk_max_max,applied_cost_mean,distance_warning_cost_nonzero_rate,scenario_valid_rate,planned_threat_valid_rate,threat_valid_rate,realized_near_miss_rate,predicted_cpa_to_nominal_path_mean
0.9800000190734863,0.019999999552965164,1.9491066932678223,0.03999999910593033,7.832000255584717,21.81842803955078,0.00022734608501195908,0.0,0.0,0.001401714631356299,0.22727733850479126,0.004321349319070578,8.597611419461013e-15,0.016264013946056366,0.023016631603240967,0.9006372094154358,0.004321346990764141,8.597611419461013e-15,0.01626400277018547,0.02301662415266037,0.9006372094154358,0.0,0.04,1.0,1.0,1.0,0.14000000059604645,nan
