success_rate,collision_rate,mean_min_distance,near_miss_rate,mean_time,mean_episode_reward,distance_warning_cost_mean,distance_warning_cost_p50,distance_warning_cost_p90,distance_warning_cost_p95,distance_warning_cost_max,risk_sum_mean,risk_sum_p50,risk_sum_p90,risk_sum_p95,risk_sum_max,risk_max_mean,risk_max_p50,risk_max_p90,risk_max_p95,risk_max_max,applied_cost_mean,distance_warning_cost_nonzero_rate,scenario_valid_rate,planned_threat_valid_rate,threat_valid_rate,realized_near_miss_rate,predicted_cpa_to_nominal_path_mean
1.0,0.0,1.7218416929244995,0.019999999552965164,8.992000579833984,21.955141067504883,0.01215089950710535,0.0,0.03545162081718445,0.08876312524080276,1.1036258935928345,0.003475349862128496,0.00018217708566226065,0.01088646613061428,0.019192637875676155,0.38447821140289307,0.0034593974705785513,0.00017497001681476831,0.010866477154195309,0.019182346761226654,0.38447821140289307,0.0,0.86,1.0,1.0,1.0,0.23999999463558197,nan
