success_rate,collision_rate,mean_min_distance,near_miss_rate,mean_time,mean_episode_reward,distance_warning_cost_mean,distance_warning_cost_p50,distance_warning_cost_p90,distance_warning_cost_p95,distance_warning_cost_max,risk_sum_mean,risk_sum_p50,risk_sum_p90,risk_sum_p95,risk_sum_max,risk_max_mean,risk_max_p50,risk_max_p90,risk_max_p95,risk_max_max,applied_cost_mean,distance_warning_cost_nonzero_rate,scenario_valid_rate,planned_threat_valid_rate,threat_valid_rate,realized_near_miss_rate,predicted_cpa_to_nominal_path_mean
0.9599999785423279,0.019999999552965164,1.6454315185546875,0.03999999910593033,9.851999282836914,21.012022018432617,0.01734757050871849,0.0,0.045888785272836685,0.12560006976127625,2.2015042304992676,0.007256501354277134,9.808445611270145e-05,0.026373298838734627,0.049095507711172104,1.1477140188217163,0.006763144861906767,8.888673619367182e-05,0.02633548341691494,0.04469434916973114,0.9019008874893188,0.0,0.92,1.0,1.0,1.0,0.3199999928474426,nan
