success_rate,collision_rate,mean_min_distance,near_miss_rate,mean_time,mean_episode_reward,distance_warning_cost_mean,distance_warning_cost_p50,distance_warning_cost_p90,distance_warning_cost_p95,distance_warning_cost_max,risk_sum_mean,risk_sum_p50,risk_sum_p90,risk_sum_p95,risk_sum_max,risk_max_mean,risk_max_p50,risk_max_p90,risk_max_p95,risk_max_max,applied_cost_mean,distance_warning_cost_nonzero_rate,scenario_valid_rate,planned_threat_valid_rate,threat_valid_rate,realized_near_miss_rate,predicted_cpa_to_nominal_path_mean,mean_reaction_eval_style,mean_reaction_nan_style,nan_reaction_rate,no_response_count,total_episodes,reaction_time,mean_risk_rise_time,mean_min_distance_after_turn
0.8999999761581421,0.10000000149011612,1.3532707691192627,0.36000001430511475,7.248000621795654,19.808988571166992,0.0019402531906962395,0.0,0.0016372264362871647,0.010253754444420338,0.3105815052986145,0.03740007430315018,0.0002259802568005398,0.13800805807113647,0.22075387835502625,0.915266215801239,0.037366755306720734,0.00022594351321458817,0.13799546658992767,0.22074806690216064,0.915266215801239,0.0,0.36,1.0,1.0,1.0,0.6600000262260437,3.696071075864893e-07,0.2120000123977661,0.2120000123977661,0.0,0.0,50.0,0.2120000123977661,25.079999923706055,1.399165391921997
