success_rate,collision_rate,mean_min_distance,near_miss_rate,mean_time,mean_episode_reward,distance_warning_cost_mean,distance_warning_cost_p50,distance_warning_cost_p90,distance_warning_cost_p95,distance_warning_cost_max,risk_sum_mean,risk_sum_p50,risk_sum_p90,risk_sum_p95,risk_sum_max,risk_max_mean,risk_max_p50,risk_max_p90,risk_max_p95,risk_max_max,applied_cost_mean,distance_warning_cost_nonzero_rate,scenario_valid_rate,planned_threat_valid_rate,threat_valid_rate,realized_near_miss_rate,predicted_cpa_to_nominal_path_mean
1.0,0.0,1.4746158123016357,0.10000000149011612,7.284000396728516,22.287607192993164,0.00012444882304407656,0.0,0.00030456605600193143,0.0006974217249080539,0.03922109678387642,0.01876438781619072,0.0006698782672174275,0.04657360538840294,0.09462454915046692,0.8249706625938416,0.018758194521069527,0.0006698782672174275,0.04656815528869629,0.09461860358715057,0.8249706625938416,0.0,0.1,1.0,1.0,1.0,0.5199999809265137,nan
