success_rate,collision_rate,mean_min_distance,near_miss_rate,mean_time,mean_episode_reward,distance_warning_cost_mean,distance_warning_cost_p50,distance_warning_cost_p90,distance_warning_cost_p95,distance_warning_cost_max,risk_sum_mean,risk_sum_p50,risk_sum_p90,risk_sum_p95,risk_sum_max,risk_max_mean,risk_max_p50,risk_max_p90,risk_max_p95,risk_max_max,applied_cost_mean,distance_warning_cost_nonzero_rate,scenario_valid_rate,planned_threat_valid_rate,threat_valid_rate,realized_near_miss_rate,predicted_cpa_to_nominal_path_mean,mean_reaction_eval_style,mean_reaction_nan_style,nan_reaction_rate,no_response_count,total_episodes,reaction_time,mean_risk_rise_time,mean_min_distance_after_turn
0.9800000190734863,0.019999999552965164,2.630598783493042,0.019999999552965164,8.279999732971191,21.878454208374023,0.00019568344578146935,0.0,0.0,0.00010812955588335171,0.3357548117637634,0.0027268168050795794,1.8552031924629926e-16,0.013402581214904785,0.021772850304841995,0.9193289279937744,0.0027268168050795794,1.8552031924629926e-16,0.013402581214904785,0.021772850304841995,0.9193289279937744,0.0,0.02,1.0,1.0,1.0,0.07999999821186066,3.696071075864893e-07,0.20000000298023224,0.20000000298023224,0.0,0.0,50.0,0.20000000298023224,37.0,2.9246129989624023
