success_rate,collision_rate,mean_min_distance,near_miss_rate,mean_time,mean_episode_reward,distance_warning_cost_mean,distance_warning_cost_p50,distance_warning_cost_p90,distance_warning_cost_p95,distance_warning_cost_max,risk_sum_mean,risk_sum_p50,risk_sum_p90,risk_sum_p95,risk_sum_max,risk_max_mean,risk_max_p50,risk_max_p90,risk_max_p95,risk_max_max,applied_cost_mean,distance_warning_cost_nonzero_rate,scenario_valid_rate,planned_threat_valid_rate,threat_valid_rate,realized_near_miss_rate,predicted_cpa_to_nominal_path_mean
0.9800000190734863,0.019999999552965164,1.8862038850784302,0.03999999910593033,7.567999839782715,21.83660125732422,0.00024590949760749936,0.0,1.7526924693811452e-06,0.001028538099490106,0.30240049958229065,0.005234941840171814,3.38929301291202e-11,0.01867658458650112,0.0244738832116127,0.9139146208763123,0.005234937649220228,3.389289543465068e-11,0.018676571547985077,0.024473877623677254,0.9139146208763123,0.0,0.04,1.0,1.0,1.0,0.10000000149011612,nan
