success_rate,collision_rate,mean_min_distance,near_miss_rate,mean_time,mean_episode_reward,distance_warning_cost_mean,distance_warning_cost_p50,distance_warning_cost_p90,distance_warning_cost_p95,distance_warning_cost_max,risk_sum_mean,risk_sum_p50,risk_sum_p90,risk_sum_p95,risk_sum_max,risk_max_mean,risk_max_p50,risk_max_p90,risk_max_p95,risk_max_max,applied_cost_mean,distance_warning_cost_nonzero_rate,scenario_valid_rate,planned_threat_valid_rate,threat_valid_rate,realized_near_miss_rate,predicted_cpa_to_nominal_path_mean,mean_reaction_eval_style,mean_reaction_nan_style,nan_reaction_rate,no_response_count,total_episodes,reaction_time,mean_risk_rise_time,mean_min_distance_after_turn
0.9800000190734863,0.019999999552965164,1.000955581665039,0.6200000047683716,6.748000621795654,21.845996856689453,0.0010569123551249504,0.0,0.0005109986523166299,0.006822476163506508,0.3607964813709259,0.06994608044624329,0.004695408511906862,0.24779270589351654,0.3773544728755951,0.9235748648643494,0.06926801800727844,0.004599385429173708,0.24300812184810638,0.37467917799949646,0.9232388138771057,0.0,0.62,1.0,1.0,1.0,0.9599999785423279,3.696071075864893e-07,0.7200000286102295,0.7200000286102295,0.0,0.0,50.0,0.7200000286102295,18.475997924804688,1.031041145324707
