success_rate,collision_rate,mean_min_distance,near_miss_rate,mean_time,mean_episode_reward,distance_warning_cost_mean,distance_warning_cost_p50,distance_warning_cost_p90,distance_warning_cost_p95,distance_warning_cost_max,risk_sum_mean,risk_sum_p50,risk_sum_p90,risk_sum_p95,risk_sum_max,risk_max_mean,risk_max_p50,risk_max_p90,risk_max_p95,risk_max_max,applied_cost_mean,distance_warning_cost_nonzero_rate,scenario_valid_rate,planned_threat_valid_rate,threat_valid_rate,realized_near_miss_rate,predicted_cpa_to_nominal_path_mean
0.9800000190734863,0.019999999552965164,1.4611510038375854,0.07999999821186066,7.372000217437744,21.876588821411133,0.0011920803226530552,0.0,0.002578581217676401,0.004068173002451658,0.7453430891036987,0.02448817901313305,0.0032584553118795156,0.06286036223173141,0.10830947011709213,0.9730367064476013,0.0243538711220026,0.003257673466578126,0.0622594989836216,0.10724256187677383,0.9730367064476013,0.0,0.08,1.0,1.0,1.0,0.6200000047683716,nan
