success_rate,collision_rate,mean_min_distance,near_miss_rate,mean_time,mean_episode_reward,distance_warning_cost_mean,distance_warning_cost_p50,distance_warning_cost_p90,distance_warning_cost_p95,distance_warning_cost_max,risk_sum_mean,risk_sum_p50,risk_sum_p90,risk_sum_p95,risk_sum_max,risk_max_mean,risk_max_p50,risk_max_p90,risk_max_p95,risk_max_max,applied_cost_mean,distance_warning_cost_nonzero_rate,scenario_valid_rate,planned_threat_valid_rate,threat_valid_rate,realized_near_miss_rate,predicted_cpa_to_nominal_path_mean
0.8999999761581421,0.10000000149011612,0.9358500838279724,0.6600000262260437,6.59999942779541,18.931507110595703,0.009294512681663036,0.004808892495930195,0.019413026049733162,0.02582947537302971,0.31478258967399597,0.11765923351049423,0.07467538863420486,0.21409940719604492,0.32297325134277344,1.747878909111023,0.11252588033676147,0.07348352670669556,0.1960017830133438,0.29539287090301514,0.9159541130065918,0.0,0.66,1.0,1.0,1.0,1.0,nan
