success_rate,collision_rate,mean_min_distance,near_miss_rate,mean_time,mean_episode_reward,distance_warning_cost_mean,distance_warning_cost_p50,distance_warning_cost_p90,distance_warning_cost_p95,distance_warning_cost_max,risk_sum_mean,risk_sum_p50,risk_sum_p90,risk_sum_p95,risk_sum_max,risk_max_mean,risk_max_p50,risk_max_p90,risk_max_p95,risk_max_max,applied_cost_mean,distance_warning_cost_nonzero_rate,scenario_valid_rate,planned_threat_valid_rate,threat_valid_rate,realized_near_miss_rate,predicted_cpa_to_nominal_path_mean
0.9800000190734863,0.019999999552965164,1.9743083715438843,0.03999999910593033,8.191999435424805,21.81231689453125,0.00871953647583723,0.0,0.023649567738175392,0.06496001034975052,2.1798343658447266,0.003998712170869112,8.633028408084557e-15,0.016454068943858147,0.028108743950724602,0.9005813598632812,0.0039987037889659405,8.633017396656242e-15,0.0164540633559227,0.028108743950724602,0.9005813598632812,0.0,0.38,1.0,1.0,1.0,0.03999999910593033,nan
