success_rate,collision_rate,mean_min_distance,near_miss_rate,mean_time,mean_episode_reward,distance_warning_cost_mean,distance_warning_cost_p50,distance_warning_cost_p90,distance_warning_cost_p95,distance_warning_cost_max,risk_sum_mean,risk_sum_p50,risk_sum_p90,risk_sum_p95,risk_sum_max,risk_max_mean,risk_max_p50,risk_max_p90,risk_max_p95,risk_max_max,applied_cost_mean,distance_warning_cost_nonzero_rate,scenario_valid_rate,planned_threat_valid_rate,threat_valid_rate,realized_near_miss_rate,predicted_cpa_to_nominal_path_mean
0.9800000190734863,0.019999999552965164,2.045600175857544,0.03999999910593033,8.119998931884766,21.80901336669922,0.0064055053517222404,0.0,0.01574558950960636,0.04672880098223686,2.108485698699951,0.003163241082802415,3.0652652758969643e-15,0.01554145198315382,0.01817907765507698,0.8962037563323975,0.0031632366590201855,3.0652652758969643e-15,0.015541448257863522,0.018179066479206085,0.8962037563323975,0.0,0.3,1.0,1.0,1.0,0.05999999865889549,nan
