success_rate,collision_rate,mean_min_distance,near_miss_rate,mean_time,mean_episode_reward,distance_warning_cost_mean,distance_warning_cost_p50,distance_warning_cost_p90,distance_warning_cost_p95,distance_warning_cost_max,risk_sum_mean,risk_sum_p50,risk_sum_p90,risk_sum_p95,risk_sum_max,risk_max_mean,risk_max_p50,risk_max_p90,risk_max_p95,risk_max_max,applied_cost_mean,distance_warning_cost_nonzero_rate,scenario_valid_rate,planned_threat_valid_rate,threat_valid_rate,realized_near_miss_rate,predicted_cpa_to_nominal_path_mean,mean_reaction_eval_style,mean_reaction_nan_style,nan_reaction_rate,no_response_count,total_episodes,reaction_time,mean_risk_rise_time,mean_min_distance_after_turn
0.9800000190734863,0.019999999552965164,1.7403286695480347,0.1599999964237213,7.5360002517700195,21.837635040283203,0.0004850076511502266,0.0,3.7196819903329015e-05,0.0023251143284142017,0.23324061930179596,0.014471334405243397,3.6148288927506655e-05,0.05427993834018707,0.0946962833404541,0.9017571806907654,0.01446762215346098,3.614828528952785e-05,0.054279670119285583,0.09469308704137802,0.9017571806907654,0.0,0.16,1.0,1.0,1.0,0.4399999976158142,3.696071075864893e-07,0.2639999985694885,0.2639999985694885,0.0,0.0,50.0,0.2639999985694885,32.104000091552734,1.8105746507644653
