success_rate,collision_rate,mean_min_distance,near_miss_rate,mean_time,mean_episode_reward,distance_warning_cost_mean,distance_warning_cost_p50,distance_warning_cost_p90,distance_warning_cost_p95,distance_warning_cost_max,risk_sum_mean,risk_sum_p50,risk_sum_p90,risk_sum_p95,risk_sum_max,risk_max_mean,risk_max_p50,risk_max_p90,risk_max_p95,risk_max_max,applied_cost_mean,distance_warning_cost_nonzero_rate,scenario_valid_rate,planned_threat_valid_rate,threat_valid_rate,realized_near_miss_rate,predicted_cpa_to_nominal_path_mean
1.0,0.0,1.6890654563903809,0.11999999731779099,7.492000102996826,22.419885635375977,0.0001748920913087204,0.0,0.0004452387220226228,0.0007119536167010665,0.1368390917778015,0.015490999445319176,0.0006973589188419282,0.05056070163846016,0.08254699409008026,1.0501141548156738,0.014432600699365139,0.0006720615783706307,0.04576459527015686,0.076523058116436,0.8816003203392029,0.0,0.12,1.0,1.0,1.0,0.4000000059604645,nan
