success_rate,collision_rate,mean_min_distance,near_miss_rate,mean_time,mean_episode_reward,distance_warning_cost_mean,distance_warning_cost_p50,distance_warning_cost_p90,distance_warning_cost_p95,distance_warning_cost_max,risk_sum_mean,risk_sum_p50,risk_sum_p90,risk_sum_p95,risk_sum_max,risk_max_mean,risk_max_p50,risk_max_p90,risk_max_p95,risk_max_max,applied_cost_mean,distance_warning_cost_nonzero_rate,scenario_valid_rate,planned_threat_valid_rate,threat_valid_rate,realized_near_miss_rate,predicted_cpa_to_nominal_path_mean
0.8999999761581421,0.10000000149011612,0.7943248748779297,0.8999999761581421,6.235999584197998,19.067102432250977,0.015285476110875607,0.009356840513646603,0.03103356994688511,0.0442102774977684,0.4126519560813904,0.1547165811061859,0.0872366651892662,0.32065078616142273,0.5119750499725342,1.1556658744812012,0.1472494751214981,0.08388485759496689,0.29801979660987854,0.47857940196990967,0.9309739470481873,0.0,0.9,1.0,1.0,1.0,1.0,nan
