success_rate,collision_rate,mean_min_distance,near_miss_rate,mean_time,mean_episode_reward,distance_warning_cost_mean,distance_warning_cost_p50,distance_warning_cost_p90,distance_warning_cost_p95,distance_warning_cost_max,risk_sum_mean,risk_sum_p50,risk_sum_p90,risk_sum_p95,risk_sum_max,risk_max_mean,risk_max_p50,risk_max_p90,risk_max_p95,risk_max_max,applied_cost_mean,distance_warning_cost_nonzero_rate,scenario_valid_rate,planned_threat_valid_rate,threat_valid_rate,realized_near_miss_rate,predicted_cpa_to_nominal_path_mean,mean_reaction_eval_style,mean_reaction_nan_style,nan_reaction_rate,no_response_count,total_episodes,reaction_time,mean_risk_rise_time,mean_min_distance_after_turn
0.9800000190734863,0.019999999552965164,2.2468018531799316,0.03999999910593033,8.06399917602539,21.8373966217041,0.012976233847439289,0.0,0.04042573273181915,0.09815220534801483,2.2058677673339844,0.004709798377007246,3.965228752983441e-12,0.017708122730255127,0.031833235174417496,0.9021660089492798,0.004709798377007246,3.965228752983441e-12,0.017708122730255127,0.031833235174417496,0.9021660089492798,0.0,0.4,1.0,1.0,1.0,0.14000000059604645,3.696071075864893e-07,0.20000000298023224,0.20000000298023224,0.0,0.0,50.0,0.20000000298023224,36.323997497558594,2.5725150108337402
