success_rate,collision_rate,mean_min_distance,near_miss_rate,mean_time,mean_episode_reward,distance_warning_cost_mean,distance_warning_cost_p50,distance_warning_cost_p90,distance_warning_cost_p95,distance_warning_cost_max,risk_sum_mean,risk_sum_p50,risk_sum_p90,risk_sum_p95,risk_sum_max,risk_max_mean,risk_max_p50,risk_max_p90,risk_max_p95,risk_max_max,applied_cost_mean,distance_warning_cost_nonzero_rate,scenario_valid_rate,planned_threat_valid_rate,threat_valid_rate,realized_near_miss_rate,predicted_cpa_to_nominal_path_mean
0.9800000190734863,0.019999999552965164,1.453881859779358,0.07999999821186066,8.739999771118164,21.427501678466797,0.0002544584567658603,0.0,0.00017070132889784873,0.001332261599600315,0.21796521544456482,0.010736968368291855,6.569325341843069e-05,0.03577851131558418,0.07017093896865845,1.5635290145874023,0.009733960963785648,6.454813410528004e-05,0.033747587352991104,0.06046565994620323,0.8988613486289978,0.0,0.08,1.0,1.0,1.0,0.47999998927116394,nan
