success_rate,collision_rate,mean_min_distance,near_miss_rate,mean_time,mean_episode_reward,distance_warning_cost_mean,distance_warning_cost_p50,distance_warning_cost_p90,distance_warning_cost_p95,distance_warning_cost_max,risk_sum_mean,risk_sum_p50,risk_sum_p90,risk_sum_p95,risk_sum_max,risk_max_mean,risk_max_p50,risk_max_p90,risk_max_p95,risk_max_max,applied_cost_mean,distance_warning_cost_nonzero_rate,scenario_valid_rate,planned_threat_valid_rate,threat_valid_rate,realized_near_miss_rate,predicted_cpa_to_nominal_path_mean
0.8999999761581421,0.10000000149011612,0.866417646408081,0.8399999737739563,6.360000133514404,19.002256393432617,0.013096056878566742,0.006634098943322897,0.028384624049067497,0.03780876845121384,0.40722835063934326,0.13971088826656342,0.09144642949104309,0.27244412899017334,0.42167147994041443,1.7001550197601318,0.13126499950885773,0.08674487471580505,0.25025442242622375,0.3848448693752289,0.9301856160163879,0.0,0.84,1.0,1.0,1.0,1.0,nan
