success_rate,collision_rate,mean_min_distance,near_miss_rate,mean_time,mean_episode_reward,distance_warning_cost_mean,distance_warning_cost_p50,distance_warning_cost_p90,distance_warning_cost_p95,distance_warning_cost_max,risk_sum_mean,risk_sum_p50,risk_sum_p90,risk_sum_p95,risk_sum_max,risk_max_mean,risk_max_p50,risk_max_p90,risk_max_p95,risk_max_max,applied_cost_mean,distance_warning_cost_nonzero_rate,scenario_valid_rate,planned_threat_valid_rate,threat_valid_rate,realized_near_miss_rate,predicted_cpa_to_nominal_path_mean
0.9800000190734863,0.019999999552965164,1.6747180223464966,0.03999999910593033,8.699999809265137,21.444425582885742,0.02364283800125122,0.0,0.08087191730737686,0.14689597487449646,2.3237314224243164,0.005761825479567051,0.0001826648076530546,0.019188769161701202,0.033794041723012924,1.1561493873596191,0.00547201931476593,0.00017737974121700972,0.018952127546072006,0.030825188383460045,0.9092599749565125,0.0,0.88,1.0,1.0,1.0,0.2800000011920929,nan
