success_rate,collision_rate,mean_min_distance,near_miss_rate,mean_time,mean_episode_reward,distance_warning_cost_mean,distance_warning_cost_p50,distance_warning_cost_p90,distance_warning_cost_p95,distance_warning_cost_max,risk_sum_mean,risk_sum_p50,risk_sum_p90,risk_sum_p95,risk_sum_max,risk_max_mean,risk_max_p50,risk_max_p90,risk_max_p95,risk_max_max,applied_cost_mean,distance_warning_cost_nonzero_rate,scenario_valid_rate,planned_threat_valid_rate,threat_valid_rate,realized_near_miss_rate,predicted_cpa_to_nominal_path_mean,mean_reaction_eval_style,mean_reaction_nan_style,nan_reaction_rate,no_response_count,total_episodes,reaction_time,mean_risk_rise_time,mean_min_distance_after_turn
0.9800000190734863,0.019999999552965164,2.464034080505371,0.03999999910593033,8.044000625610352,21.855430603027344,0.000190747989108786,0.0,0.0,0.00019006796355824918,0.253811776638031,0.003371354890987277,1.414851152903296e-10,0.014918573200702667,0.02886876091361046,0.9055248498916626,0.003371354890987277,1.414851152903296e-10,0.014918573200702667,0.02886876091361046,0.9055248498916626,0.0,0.04,1.0,1.0,1.0,0.07999999821186066,3.696071075864893e-07,0.23200000822544098,0.23200000822544098,0.0,0.0,50.0,0.23200000822544098,36.327999114990234,2.6892778873443604
