success_rate,collision_rate,mean_min_distance,near_miss_rate,mean_time,mean_episode_reward,distance_warning_cost_mean,distance_warning_cost_p50,distance_warning_cost_p90,distance_warning_cost_p95,distance_warning_cost_max,risk_sum_mean,risk_sum_p50,risk_sum_p90,risk_sum_p95,risk_sum_max,risk_max_mean,risk_max_p50,risk_max_p90,risk_max_p95,risk_max_max,applied_cost_mean,distance_warning_cost_nonzero_rate,scenario_valid_rate,planned_threat_valid_rate,threat_valid_rate,realized_near_miss_rate,predicted_cpa_to_nominal_path_mean
1.0,0.0,1.0587104558944702,0.5600000023841858,6.7639994621276855,22.308547973632812,0.0003513081755954772,0.0,0.00037623930256813765,0.0018219475168734789,0.11594191193580627,0.04845689237117767,0.0009537831647321582,0.15746638178825378,0.29061973094940186,1.5720324516296387,0.04746263846755028,0.0009537831065244973,0.15589091181755066,0.28593939542770386,0.8747802376747131,0.0,0.56,1.0,1.0,1.0,0.9399999976158142,nan
