success_rate,collision_rate,mean_min_distance,near_miss_rate,mean_time,mean_episode_reward,distance_warning_cost_mean,distance_warning_cost_p50,distance_warning_cost_p90,distance_warning_cost_p95,distance_warning_cost_max,risk_sum_mean,risk_sum_p50,risk_sum_p90,risk_sum_p95,risk_sum_max,risk_max_mean,risk_max_p50,risk_max_p90,risk_max_p95,risk_max_max,applied_cost_mean,distance_warning_cost_nonzero_rate,scenario_valid_rate,planned_threat_valid_rate,threat_valid_rate,realized_near_miss_rate,predicted_cpa_to_nominal_path_mean,mean_reaction_eval_style,mean_reaction_nan_style,nan_reaction_rate,no_response_count,total_episodes,reaction_time,mean_risk_rise_time,mean_min_distance_after_turn
0.9800000190734863,0.019999999552965164,1.8294386863708496,0.2800000011920929,7.5839996337890625,21.862085342407227,0.0003866394981741905,0.0,0.00016173141193576157,0.001135274418629706,0.4233973026275635,0.010455949231982231,2.2844942951238956e-11,0.02665102481842041,0.06720297038555145,0.9325224757194519,0.010455949231982231,2.2844942951238956e-11,0.02665102481842041,0.06720297038555145,0.9325224757194519,0.0,0.28,1.0,1.0,1.0,0.4000000059604645,3.696071075864893e-07,0.2120000123977661,0.2120000123977661,0.0,0.0,50.0,0.2120000123977661,33.53200149536133,2.0635290145874023
