success_rate,collision_rate,mean_min_distance,near_miss_rate,mean_time,mean_episode_reward,distance_warning_cost_mean,distance_warning_cost_p50,distance_warning_cost_p90,distance_warning_cost_p95,distance_warning_cost_max,risk_sum_mean,risk_sum_p50,risk_sum_p90,risk_sum_p95,risk_sum_max,risk_max_mean,risk_max_p50,risk_max_p90,risk_max_p95,risk_max_max,applied_cost_mean,distance_warning_cost_nonzero_rate,scenario_valid_rate,planned_threat_valid_rate,threat_valid_rate,realized_near_miss_rate,predicted_cpa_to_nominal_path_mean
0.9399999976158142,0.05999999865889549,1.8433594703674316,0.10000000149011612,10.807999610900879,20.61252212524414,0.00043490438838489354,0.0,0.0,2.8244916393305175e-05,0.5786888003349304,0.009160049259662628,1.785952554200776e-05,0.02296132594347,0.06788767129182816,1.6997432708740234,0.007593266200274229,1.7551939890836366e-05,0.02250370755791664,0.06179480254650116,0.9532702565193176,0.0,0.1,1.0,1.0,1.0,0.23999999463558197,nan
