success_rate,collision_rate,mean_min_distance,near_miss_rate,mean_time,mean_episode_reward,distance_warning_cost_mean,distance_warning_cost_p50,distance_warning_cost_p90,distance_warning_cost_p95,distance_warning_cost_max,risk_sum_mean,risk_sum_p50,risk_sum_p90,risk_sum_p95,risk_sum_max,risk_max_mean,risk_max_p50,risk_max_p90,risk_max_p95,risk_max_max,applied_cost_mean,distance_warning_cost_nonzero_rate,scenario_valid_rate,planned_threat_valid_rate,threat_valid_rate,realized_near_miss_rate,predicted_cpa_to_nominal_path_mean
1.0,0.0,2.0161421298980713,0.019999999552965164,7.967999458312988,22.283493041992188,5.0999558879993856e-05,0.0,1.2376804647828976e-07,0.00022589022410102189,0.04934152588248253,0.003488423302769661,2.7934235480309155e-10,0.01618146523833275,0.021145902574062347,0.8559236526489258,0.0034884221386164427,2.7934235480309155e-10,0.01618146151304245,0.021145902574062347,0.8559236526489258,0.0,0.02,1.0,1.0,1.0,0.18000000715255737,nan
