success_rate,collision_rate,mean_min_distance,near_miss_rate,mean_time,mean_episode_reward,distance_warning_cost_mean,distance_warning_cost_p50,distance_warning_cost_p90,distance_warning_cost_p95,distance_warning_cost_max,risk_sum_mean,risk_sum_p50,risk_sum_p90,risk_sum_p95,risk_sum_max,risk_max_mean,risk_max_p50,risk_max_p90,risk_max_p95,risk_max_max,applied_cost_mean,distance_warning_cost_nonzero_rate,scenario_valid_rate,planned_threat_valid_rate,threat_valid_rate,realized_near_miss_rate,predicted_cpa_to_nominal_path_mean
1.0,0.0,1.7066256999969482,0.019999999552965164,7.288000106811523,22.318220138549805,4.6111163101159036e-05,0.0,3.904264303855598e-05,0.00022556021576747298,0.051633287221193314,0.003886104328557849,3.1478134587814566e-06,0.011890768073499203,0.027475856244564056,0.8567971587181091,0.0038859464693814516,3.1478134587814566e-06,0.011890590190887451,0.027475832030177116,0.8567971587181091,0.0,0.02,1.0,1.0,1.0,0.2800000011920929,nan
