success_rate,collision_rate,mean_min_distance,near_miss_rate,mean_time,mean_episode_reward,distance_warning_cost_mean,distance_warning_cost_p50,distance_warning_cost_p90,distance_warning_cost_p95,distance_warning_cost_max,risk_sum_mean,risk_sum_p50,risk_sum_p90,risk_sum_p95,risk_sum_max,risk_max_mean,risk_max_p50,risk_max_p90,risk_max_p95,risk_max_max,applied_cost_mean,distance_warning_cost_nonzero_rate,scenario_valid_rate,planned_threat_valid_rate,threat_valid_rate,realized_near_miss_rate,predicted_cpa_to_nominal_path_mean,mean_reaction_eval_style,mean_reaction_nan_style,nan_reaction_rate,no_response_count,total_episodes,reaction_time,mean_risk_rise_time,mean_min_distance_after_turn
0.9800000190734863,0.019999999552965164,2.1431527137756348,0.14000000059604645,8.576000213623047,21.65863800048828,0.000647470005787909,0.0,7.722108421148732e-06,0.0012564114294946194,0.5847592353820801,0.011854666285216808,3.5582495456765173e-06,0.032409392297267914,0.08621944487094879,0.9540293216705322,0.01185255404561758,3.5565055895858677e-06,0.032365284860134125,0.08620238304138184,0.9540293216705322,0.0,0.14,1.0,1.0,1.0,0.2800000011920929,3.696071075864893e-07,0.20000000298023224,0.20000000298023224,0.0,0.0,50.0,0.20000000298023224,32.30799865722656,2.2593417167663574
