success_rate,collision_rate,mean_min_distance,near_miss_rate,mean_time,mean_episode_reward,distance_warning_cost_mean,distance_warning_cost_p50,distance_warning_cost_p90,distance_warning_cost_p95,distance_warning_cost_max,risk_sum_mean,risk_sum_p50,risk_sum_p90,risk_sum_p95,risk_sum_max,risk_max_mean,risk_max_p50,risk_max_p90,risk_max_p95,risk_max_max,applied_cost_mean,distance_warning_cost_nonzero_rate,scenario_valid_rate,planned_threat_valid_rate,threat_valid_rate,realized_near_miss_rate,predicted_cpa_to_nominal_path_mean
0.9800000190734863,0.019999999552965164,1.370180368423462,0.11999999731779099,9.492000579833984,21.24163055419922,0.0004283463931642473,0.0,0.0004789696540683508,0.002124768914654851,0.2493094801902771,0.01219046488404274,0.00038502999814227223,0.03984787315130234,0.07363156229257584,1.6974201202392578,0.010990999639034271,0.00036783289397135377,0.03595062717795372,0.0702940970659256,0.878396213054657,0.0,0.12,1.0,1.0,1.0,0.6399999856948853,nan
