success_rate,collision_rate,mean_min_distance,near_miss_rate,mean_time,mean_episode_reward,distance_warning_cost_mean,distance_warning_cost_p50,distance_warning_cost_p90,distance_warning_cost_p95,distance_warning_cost_max,risk_sum_mean,risk_sum_p50,risk_sum_p90,risk_sum_p95,risk_sum_max,risk_max_mean,risk_max_p50,risk_max_p90,risk_max_p95,risk_max_max,applied_cost_mean,distance_warning_cost_nonzero_rate,scenario_valid_rate,planned_threat_valid_rate,threat_valid_rate,realized_near_miss_rate,predicted_cpa_to_nominal_path_mean,mean_reaction_eval_style,mean_reaction_nan_style,nan_reaction_rate,no_response_count,total_episodes,reaction_time,mean_risk_rise_time,mean_min_distance_after_turn
0.9800000190734863,0.019999999552965164,3.1351277828216553,0.03999999910593033,9.656000137329102,21.673603057861328,0.0004006230738013983,0.0,0.0,0.00016653882630635053,0.5981696248054504,0.0025928455870598555,7.258109662596291e-28,0.009454605169594288,0.022871559485793114,0.955694317817688,0.0025928455870598555,7.258109662596291e-28,0.009454605169594288,0.022871559485793114,0.955694317817688,0.0,0.04,1.0,1.0,1.0,0.07999999821186066,3.696071075864893e-07,0.20000000298023224,0.20000000298023224,0.0,0.0,50.0,0.20000000298023224,36.35200119018555,3.3618175983428955
