success_rate,collision_rate,mean_min_distance,near_miss_rate,mean_time,mean_episode_reward,distance_warning_cost_mean,distance_warning_cost_p50,distance_warning_cost_p90,distance_warning_cost_p95,distance_warning_cost_max,risk_sum_mean,risk_sum_p50,risk_sum_p90,risk_sum_p95,risk_sum_max,risk_max_mean,risk_max_p50,risk_max_p90,risk_max_p95,risk_max_max,applied_cost_mean,distance_warning_cost_nonzero_rate,scenario_valid_rate,planned_threat_valid_rate,threat_valid_rate,realized_near_miss_rate,predicted_cpa_to_nominal_path_mean
1.0,0.0,1.983778715133667,0.019999999552965164,8.2160005569458,22.175434112548828,0.00022235896904021502,0.0,0.0010780621087178588,0.001807298162020743,0.11431682109832764,0.003953953273594379,6.1496489324464054e-12,0.012897479347884655,0.021111855283379555,0.8760094046592712,0.003953935578465462,6.1496489324464054e-12,0.012897294946014881,0.021111853420734406,0.8760094046592712,0.0,0.02,1.0,1.0,1.0,0.18000000715255737,nan
