success_rate,collision_rate,mean_min_distance,near_miss_rate,mean_time,mean_episode_reward,distance_warning_cost_mean,distance_warning_cost_p50,distance_warning_cost_p90,distance_warning_cost_p95,distance_warning_cost_max,risk_sum_mean,risk_sum_p50,risk_sum_p90,risk_sum_p95,risk_sum_max,risk_max_mean,risk_max_p50,risk_max_p90,risk_max_p95,risk_max_max,applied_cost_mean,distance_warning_cost_nonzero_rate,scenario_valid_rate,planned_threat_valid_rate,threat_valid_rate,realized_near_miss_rate,predicted_cpa_to_nominal_path_mean,mean_reaction_eval_style,mean_reaction_nan_style,nan_reaction_rate,no_response_count,total_episodes,reaction_time,mean_risk_rise_time,mean_min_distance_after_turn
0.9399999976158142,0.05999999865889549,1.9799668788909912,0.18000000715255737,7.719999313354492,21.0366268157959,0.001039310242049396,0.0,0.00014335395826492459,0.0034466180950403214,0.41605547070503235,0.01700052246451378,7.771139287626738e-10,0.07925570756196976,0.11480032652616501,0.931466281414032,0.01672454923391342,7.770886156777124e-10,0.07832954078912735,0.11466661095619202,0.931466281414032,0.0,0.18,1.0,1.0,1.0,0.3199999928474426,3.696071075864893e-07,0.20000000298023224,0.20000000298023224,0.0,0.0,50.0,0.20000000298023224,31.447999954223633,2.1980345249176025
