success_rate,collision_rate,mean_min_distance,near_miss_rate,mean_time,mean_episode_reward,distance_warning_cost_mean,distance_warning_cost_p50,distance_warning_cost_p90,distance_warning_cost_p95,distance_warning_cost_max,risk_sum_mean,risk_sum_p50,risk_sum_p90,risk_sum_p95,risk_sum_max,risk_max_mean,risk_max_p50,risk_max_p90,risk_max_p95,risk_max_max,applied_cost_mean,distance_warning_cost_nonzero_rate,scenario_valid_rate,planned_threat_valid_rate,threat_valid_rate,realized_near_miss_rate,predicted_cpa_to_nominal_path_mean,mean_reaction_eval_style,mean_reaction_nan_style,nan_reaction_rate,no_response_count,total_episodes,reaction_time,mean_risk_rise_time,mean_min_distance_after_turn
0.9800000190734863,0.019999999552965164,2.3024661540985107,0.10000000149011612,8.504000663757324,21.7294979095459,0.00030763092217966914,0.0,0.0,0.0010011574486270547,0.29355695843696594,0.0072044446133077145,8.926257510921687e-10,0.029776684939861298,0.05218673124909401,0.9124351739883423,0.0072044446133077145,8.926257510921687e-10,0.029776684939861298,0.05218673124909401,0.9124351739883423,0.0,0.1,1.0,1.0,1.0,0.20000000298023224,3.696071075864893e-07,0.20000000298023224,0.20000000298023224,0.0,0.0,50.0,0.20000000298023224,34.952003479003906,2.620755672454834
