success_rate,collision_rate,mean_min_distance,near_miss_rate,mean_time,mean_episode_reward,distance_warning_cost_mean,distance_warning_cost_p50,distance_warning_cost_p90,distance_warning_cost_p95,distance_warning_cost_max,risk_sum_mean,risk_sum_p50,risk_sum_p90,risk_sum_p95,risk_sum_max,risk_max_mean,risk_max_p50,risk_max_p90,risk_max_p95,risk_max_max,applied_cost_mean,distance_warning_cost_nonzero_rate,scenario_valid_rate,planned_threat_valid_rate,threat_valid_rate,realized_near_miss_rate,predicted_cpa_to_nominal_path_mean
1.0,0.0,1.4883977174758911,0.07999999821186066,9.164000511169434,21.87335205078125,0.00013949023559689522,0.0,0.0005310538690537214,0.0012141024926677346,0.07670839875936508,0.005619432311505079,0.00014201899466570467,0.019086578860878944,0.03608861193060875,0.4869958460330963,0.005585445091128349,0.00014165790344122797,0.018951600417494774,0.0359920933842659,0.4869958460330963,0.0,0.08,1.0,1.0,1.0,0.47999998927116394,nan
