success_rate,collision_rate,mean_min_distance,near_miss_rate,mean_time,mean_episode_reward,distance_warning_cost_mean,distance_warning_cost_p50,distance_warning_cost_p90,distance_warning_cost_p95,distance_warning_cost_max,risk_sum_mean,risk_sum_p50,risk_sum_p90,risk_sum_p95,risk_sum_max,risk_max_mean,risk_max_p50,risk_max_p90,risk_max_p95,risk_max_max,applied_cost_mean,distance_warning_cost_nonzero_rate,scenario_valid_rate,planned_threat_valid_rate,threat_valid_rate,realized_near_miss_rate,predicted_cpa_to_nominal_path_mean
1.0,0.0,2.6710476875305176,0.019999999552965164,9.284000396728516,22.210744857788086,0.002253690268844366,0.0,0.0023861336521804333,0.016724808141589165,1.0873147249221802,0.0009141525370068848,1.6232865149352024e-24,3.985372131865006e-06,0.006967633496969938,0.7650628685951233,0.0009141525370068848,1.6232865149352024e-24,3.985372131865006e-06,0.006967633496969938,0.7650628685951233,0.0,0.16,1.0,1.0,1.0,0.019999999552965164,nan
