success_rate,collision_rate,mean_min_distance,near_miss_rate,mean_time,mean_episode_reward,distance_warning_cost_mean,distance_warning_cost_p50,distance_warning_cost_p90,distance_warning_cost_p95,distance_warning_cost_max,risk_sum_mean,risk_sum_p50,risk_sum_p90,risk_sum_p95,risk_sum_max,risk_max_mean,risk_max_p50,risk_max_p90,risk_max_p95,risk_max_max,applied_cost_mean,distance_warning_cost_nonzero_rate,scenario_valid_rate,planned_threat_valid_rate,threat_valid_rate,realized_near_miss_rate,predicted_cpa_to_nominal_path_mean,mean_reaction_eval_style,mean_reaction_nan_style,nan_reaction_rate,no_response_count,total_episodes,reaction_time,mean_risk_rise_time,mean_min_distance_after_turn
0.9599999785423279,0.03999999910593033,1.9579254388809204,0.1599999964237213,8.02400016784668,21.24068832397461,0.024416392669081688,0.0,0.0612921342253685,0.18580859899520874,2.557070016860962,0.007740551605820656,2.5166289105982287e-06,0.03496862202882767,0.05248028784990311,0.9229472875595093,0.007740421686321497,2.51662186201429e-06,0.03496862202882767,0.05248028784990311,0.9229472875595093,0.0,0.48,1.0,1.0,1.0,0.25999999046325684,3.696071075864893e-07,0.2199999988079071,0.2199999988079071,0.0,0.0,50.0,0.2199999988079071,34.91600036621094,2.103325843811035
