success_rate,collision_rate,mean_min_distance,near_miss_rate,mean_time,mean_episode_reward,distance_warning_cost_mean,distance_warning_cost_p50,distance_warning_cost_p90,distance_warning_cost_p95,distance_warning_cost_max,risk_sum_mean,risk_sum_p50,risk_sum_p90,risk_sum_p95,risk_sum_max,risk_max_mean,risk_max_p50,risk_max_p90,risk_max_p95,risk_max_max,applied_cost_mean,distance_warning_cost_nonzero_rate,scenario_valid_rate,planned_threat_valid_rate,threat_valid_rate,realized_near_miss_rate,predicted_cpa_to_nominal_path_mean,mean_reaction_eval_style,mean_reaction_nan_style,nan_reaction_rate,no_response_count,total_episodes,reaction_time,mean_risk_rise_time,mean_min_distance_after_turn
0.9800000190734863,0.019999999552965164,2.6907150745391846,0.05999999865889549,8.748000144958496,21.77288246154785,0.008309496566653252,0.0,0.011749985627830029,0.06332878768444061,2.556785821914673,0.004654397256672382,6.014478498572728e-11,0.014355398714542389,0.04210565239191055,0.922930896282196,0.004654397256672382,6.014478498572728e-11,0.014355398714542389,0.04210565239191055,0.922930896282196,0.0,0.22,1.0,1.0,1.0,0.10000000149011612,3.696071075864893e-07,0.20000000298023224,0.20000000298023224,0.0,0.0,50.0,0.20000000298023224,35.64799880981445,3.015831232070923
