success_rate,collision_rate,mean_min_distance,near_miss_rate,mean_time,mean_episode_reward,distance_warning_cost_mean,distance_warning_cost_p50,distance_warning_cost_p90,distance_warning_cost_p95,distance_warning_cost_max,risk_sum_mean,risk_sum_p50,risk_sum_p90,risk_sum_p95,risk_sum_max,risk_max_mean,risk_max_p50,risk_max_p90,risk_max_p95,risk_max_max,applied_cost_mean,distance_warning_cost_nonzero_rate,scenario_valid_rate,planned_threat_valid_rate,threat_valid_rate,realized_near_miss_rate,predicted_cpa_to_nominal_path_mean
0.8799999952316284,0.11999999731779099,1.7920039892196655,0.11999999731779099,10.992000579833984,19.217788696289062,0.02201998420059681,0.0,0.05727289989590645,0.13016089797019958,3.11098051071167,0.013722293078899384,2.2015261492924765e-05,0.042659543454647064,0.09211420267820358,1.9308278560638428,0.011624902486801147,2.165767909900751e-05,0.03924437612295151,0.0803840234875679,0.9538578987121582,0.0,0.58,1.0,1.0,1.0,0.2800000011920929,nan
