success_rate,collision_rate,mean_min_distance,near_miss_rate,mean_time,mean_episode_reward,distance_warning_cost_mean,distance_warning_cost_p50,distance_warning_cost_p90,distance_warning_cost_p95,distance_warning_cost_max,risk_sum_mean,risk_sum_p50,risk_sum_p90,risk_sum_p95,risk_sum_max,risk_max_mean,risk_max_p50,risk_max_p90,risk_max_p95,risk_max_max,applied_cost_mean,distance_warning_cost_nonzero_rate,scenario_valid_rate,planned_threat_valid_rate,threat_valid_rate,realized_near_miss_rate,predicted_cpa_to_nominal_path_mean,mean_reaction_eval_style,mean_reaction_nan_style,nan_reaction_rate,no_response_count,total_episodes,reaction_time,mean_risk_rise_time,mean_min_distance_after_turn
0.9800000190734863,0.019999999552965164,2.8115005493164062,0.03999999910593033,10.091999053955078,21.53140640258789,0.004509692080318928,0.0,0.004562875255942345,0.03340521454811096,2.111201763153076,0.00268725398927927,7.647738553551164e-10,0.003860762808471918,0.020517289638519287,0.862092137336731,0.00268725398927927,7.647738553551164e-10,0.003860762342810631,0.020517289638519287,0.862092137336731,0.0,0.16,1.0,1.0,1.0,0.05999999865889549,3.696071075864893e-07,0.20000000298023224,0.20000000298023224,0.0,0.0,50.0,0.20000000298023224,37.0,3.01890230178833
