success_rate,collision_rate,mean_min_distance,near_miss_rate,mean_time,mean_episode_reward,distance_warning_cost_mean,distance_warning_cost_p50,distance_warning_cost_p90,distance_warning_cost_p95,distance_warning_cost_max,risk_sum_mean,risk_sum_p50,risk_sum_p90,risk_sum_p95,risk_sum_max,risk_max_mean,risk_max_p50,risk_max_p90,risk_max_p95,risk_max_max,applied_cost_mean,distance_warning_cost_nonzero_rate,scenario_valid_rate,planned_threat_valid_rate,threat_valid_rate,realized_near_miss_rate,predicted_cpa_to_nominal_path_mean
0.9800000190734863,0.019999999552965164,2.357870101928711,0.019999999552965164,9.507999420166016,21.699220657348633,0.002633345080539584,0.0,1.4064931441737372e-09,0.015019233338534832,2.3632397651672363,0.0016419361345469952,2.5299366230917445e-36,0.0046105775982141495,0.01570466347038746,0.9116097092628479,0.0016419361345469952,2.5299366230917445e-36,0.0046105775982141495,0.01570466347038746,0.9116097092628479,0.0,0.2,1.0,1.0,1.0,0.019999999552965164,nan
