success_rate,collision_rate,mean_min_distance,near_miss_rate,mean_time,mean_episode_reward,distance_warning_cost_mean,distance_warning_cost_p50,distance_warning_cost_p90,distance_warning_cost_p95,distance_warning_cost_max,risk_sum_mean,risk_sum_p50,risk_sum_p90,risk_sum_p95,risk_sum_max,risk_max_mean,risk_max_p50,risk_max_p90,risk_max_p95,risk_max_max,applied_cost_mean,distance_warning_cost_nonzero_rate,scenario_valid_rate,planned_threat_valid_rate,threat_valid_rate,realized_near_miss_rate,predicted_cpa_to_nominal_path_mean,mean_reaction_eval_style,mean_reaction_nan_style,nan_reaction_rate,no_response_count,total_episodes,reaction_time,mean_risk_rise_time,mean_min_distance_after_turn
0.9599999785423279,0.03999999910593033,2.7879040241241455,0.07999999821186066,9.095999717712402,21.205446243286133,0.013150730170309544,0.0,0.024876698851585388,0.09941574186086655,2.773135185241699,0.008349528536200523,9.90803439293586e-09,0.037666574120521545,0.06692320108413696,0.9352462887763977,0.00834951177239418,9.90803439293586e-09,0.03766655549407005,0.06692320108413696,0.9352462887763977,0.0,0.24,1.0,1.0,1.0,0.10000000149011612,3.696071075864893e-07,0.20000000298023224,0.20000000298023224,0.0,0.0,50.0,0.20000000298023224,34.3120002746582,3.3029940128326416
