success_rate,collision_rate,mean_min_distance,near_miss_rate,mean_time,mean_episode_reward,distance_warning_cost_mean,distance_warning_cost_p50,distance_warning_cost_p90,distance_warning_cost_p95,distance_warning_cost_max,risk_sum_mean,risk_sum_p50,risk_sum_p90,risk_sum_p95,risk_sum_max,risk_max_mean,risk_max_p50,risk_max_p90,risk_max_p95,risk_max_max,applied_cost_mean,distance_warning_cost_nonzero_rate,scenario_valid_rate,planned_threat_valid_rate,threat_valid_rate,realized_near_miss_rate,predicted_cpa_to_nominal_path_mean,mean_reaction_eval_style,mean_reaction_nan_style,nan_reaction_rate,no_response_count,total_episodes,reaction_time,mean_risk_rise_time,mean_min_distance_after_turn
0.9800000190734863,0.019999999552965164,2.021662950515747,0.07999999821186066,7.888000011444092,21.82021713256836,0.020318888127803802,0.0,0.0518648661673069,0.15436714887619019,2.1301283836364746,0.008074963465332985,5.2993975988057176e-14,0.03299981355667114,0.06546363979578018,0.897537112236023,0.008074963465332985,5.2993975988057176e-14,0.03299981355667114,0.06546363979578018,0.897537112236023,0.0,0.5,1.0,1.0,1.0,0.30000001192092896,3.696071075864893e-07,0.2279999852180481,0.2279999852180481,0.0,0.0,50.0,0.2279999852180481,34.939998626708984,2.169595718383789
