success_rate,collision_rate,mean_min_distance,near_miss_rate,mean_time,mean_episode_reward,distance_warning_cost_mean,distance_warning_cost_p50,distance_warning_cost_p90,distance_warning_cost_p95,distance_warning_cost_max,risk_sum_mean,risk_sum_p50,risk_sum_p90,risk_sum_p95,risk_sum_max,risk_max_mean,risk_max_p50,risk_max_p90,risk_max_p95,risk_max_max,applied_cost_mean,distance_warning_cost_nonzero_rate,scenario_valid_rate,planned_threat_valid_rate,threat_valid_rate,realized_near_miss_rate,predicted_cpa_to_nominal_path_mean
1.0,0.0,1.6262866258621216,0.03999999910593033,9.7160005569458,21.846681594848633,0.020802436396479607,0.0004839791217818856,0.06970734894275665,0.14356526732444763,1.9510257244110107,0.00681121414527297,0.00027526833582669497,0.022573111578822136,0.03810403496026993,1.2509657144546509,0.00617581233382225,0.0002683966013137251,0.018108651041984558,0.0333978570997715,0.8863514065742493,0.0,0.94,1.0,1.0,1.0,0.3400000035762787,nan
