success_rate,collision_rate,mean_min_distance,near_miss_rate,mean_time,mean_episode_reward,distance_warning_cost_mean,distance_warning_cost_p50,distance_warning_cost_p90,distance_warning_cost_p95,distance_warning_cost_max,risk_sum_mean,risk_sum_p50,risk_sum_p90,risk_sum_p95,risk_sum_max,risk_max_mean,risk_max_p50,risk_max_p90,risk_max_p95,risk_max_max,applied_cost_mean,distance_warning_cost_nonzero_rate,scenario_valid_rate,planned_threat_valid_rate,threat_valid_rate,realized_near_miss_rate,predicted_cpa_to_nominal_path_mean
1.0,0.0,1.7483829259872437,0.019999999552965164,8.796000480651855,21.989059448242188,0.026214422658085823,0.0,0.10247492045164108,0.17534679174423218,1.443924069404602,0.004073533229529858,0.0001938802161021158,0.012044703587889671,0.019678592681884766,0.49369457364082336,0.004050643648952246,0.00019296402751933783,0.012032780796289444,0.019635992124676704,0.49369457364082336,0.0,0.7,1.0,1.0,1.0,0.3400000035762787,nan
