success_rate,collision_rate,mean_min_distance,near_miss_rate,mean_time,mean_episode_reward,distance_warning_cost_mean,distance_warning_cost_p50,distance_warning_cost_p90,distance_warning_cost_p95,distance_warning_cost_max,risk_sum_mean,risk_sum_p50,risk_sum_p90,risk_sum_p95,risk_sum_max,risk_max_mean,risk_max_p50,risk_max_p90,risk_max_p95,risk_max_max,applied_cost_mean,distance_warning_cost_nonzero_rate,scenario_valid_rate,planned_threat_valid_rate,threat_valid_rate,realized_near_miss_rate,predicted_cpa_to_nominal_path_mean
1.0,0.0,1.9394140243530273,0.0,10.504000663757324,21.742969512939453,0.00851599220186472,0.00014545480371452868,0.019017670303583145,0.05005708709359169,0.6575666666030884,0.004082378000020981,0.0007319766446016729,0.012259172275662422,0.01817753165960312,0.25492385029792786,0.0040243580006062984,0.0007293348899111152,0.012092350982129574,0.017973601818084717,0.2549041509628296,0.0,0.52,1.0,1.0,1.0,0.20000000298023224,nan
