success_rate,collision_rate,mean_min_distance,near_miss_rate,mean_time,mean_episode_reward,distance_warning_cost_mean,distance_warning_cost_p50,distance_warning_cost_p90,distance_warning_cost_p95,distance_warning_cost_max,risk_sum_mean,risk_sum_p50,risk_sum_p90,risk_sum_p95,risk_sum_max,risk_max_mean,risk_max_p50,risk_max_p90,risk_max_p95,risk_max_max,applied_cost_mean,distance_warning_cost_nonzero_rate,scenario_valid_rate,planned_threat_valid_rate,threat_valid_rate,realized_near_miss_rate,predicted_cpa_to_nominal_path_mean,mean_reaction_eval_style,mean_reaction_nan_style,nan_reaction_rate,no_response_count,total_episodes,reaction_time,mean_risk_rise_time,mean_min_distance_after_turn
0.9200000166893005,0.07999999821186066,1.8970187902450562,0.18000000715255737,7.752000331878662,20.4119930267334,0.03397519886493683,0.0,0.09440874308347702,0.24934504926204681,2.708155632019043,0.016567302867770195,3.6145322845904104e-11,0.07228420674800873,0.1309184581041336,0.931582510471344,0.016567302867770195,3.6145322845904104e-11,0.07228420674800873,0.1309184581041336,0.931582510471344,0.0,0.46,1.0,1.0,1.0,0.25999999046325684,3.696071075864893e-07,0.25200000405311584,0.25200000405311584,0.0,0.0,50.0,0.25200000405311584,31.468000411987305,2.1765685081481934
