success_rate,collision_rate,mean_min_distance,near_miss_rate,mean_time,mean_episode_reward,distance_warning_cost_mean,distance_warning_cost_p50,distance_warning_cost_p90,distance_warning_cost_p95,distance_warning_cost_max,risk_sum_mean,risk_sum_p50,risk_sum_p90,risk_sum_p95,risk_sum_max,risk_max_mean,risk_max_p50,risk_max_p90,risk_max_p95,risk_max_max,applied_cost_mean,distance_warning_cost_nonzero_rate,scenario_valid_rate,planned_threat_valid_rate,threat_valid_rate,realized_near_miss_rate,predicted_cpa_to_nominal_path_mean
0.9800000190734863,0.019999999552965164,1.8153157234191895,0.03999999910593033,11.456001281738281,21.196575164794922,0.011209680698812008,0.0,0.029375385493040085,0.07146984338760376,2.691075563430786,0.006602033507078886,1.307132697547786e-05,0.016173603013157845,0.03294873237609863,1.741150140762329,0.005671743769198656,1.304489796893904e-05,0.015051710419356823,0.030372943729162216,0.9306145906448364,0.0,0.62,1.0,1.0,1.0,0.25999999046325684,nan
