success_rate,collision_rate,mean_min_distance,near_miss_rate,mean_time,mean_episode_reward,distance_warning_cost_mean,distance_warning_cost_p50,distance_warning_cost_p90,distance_warning_cost_p95,distance_warning_cost_max,risk_sum_mean,risk_sum_p50,risk_sum_p90,risk_sum_p95,risk_sum_max,risk_max_mean,risk_max_p50,risk_max_p90,risk_max_p95,risk_max_max,applied_cost_mean,distance_warning_cost_nonzero_rate,scenario_valid_rate,planned_threat_valid_rate,threat_valid_rate,realized_near_miss_rate,predicted_cpa_to_nominal_path_mean,mean_reaction_eval_style,mean_reaction_nan_style,nan_reaction_rate,no_response_count,total_episodes,reaction_time,mean_risk_rise_time,mean_min_distance_after_turn
0.9599999785423279,0.03999999910593033,2.0045316219329834,0.10000000149011612,7.808000087738037,21.373071670532227,0.01953418366611004,0.0,0.0516599602997303,0.14146427810192108,2.966426372528076,0.008329832926392555,8.19942631315445e-15,0.037308450788259506,0.06596853584051132,0.9459801912307739,0.008329831063747406,8.16114211800445e-15,0.037308432161808014,0.06596848368644714,0.9459801912307739,0.0,0.48,1.0,1.0,1.0,0.20000000298023224,3.696071075864893e-07,0.2160000056028366,0.2160000056028366,0.0,0.0,50.0,0.2160000056028366,34.944000244140625,2.315086841583252
