success_rate,collision_rate,mean_min_distance,near_miss_rate,mean_time,mean_episode_reward,distance_warning_cost_mean,distance_warning_cost_p50,distance_warning_cost_p90,distance_warning_cost_p95,distance_warning_cost_max,risk_sum_mean,risk_sum_p50,risk_sum_p90,risk_sum_p95,risk_sum_max,risk_max_mean,risk_max_p50,risk_max_p90,risk_max_p95,risk_max_max,applied_cost_mean,distance_warning_cost_nonzero_rate,scenario_valid_rate,planned_threat_valid_rate,threat_valid_rate,realized_near_miss_rate,predicted_cpa_to_nominal_path_mean,mean_reaction_eval_style,mean_reaction_nan_style,nan_reaction_rate,no_response_count,total_episodes,reaction_time,mean_risk_rise_time,mean_min_distance_after_turn
0.9599999785423279,0.03999999910593033,2.265446662902832,0.05999999865889549,8.12399959564209,21.35521697998047,0.01312094833701849,0.0,0.02242998406291008,0.09602200239896774,2.6288037300109863,0.007383509073406458,4.2418411005940015e-09,0.034475427120923996,0.049816589802503586,0.9270680546760559,0.007383496034890413,4.2418411005940015e-09,0.0344754233956337,0.049816589802503586,0.9270680546760559,0.0,0.32,1.0,1.0,1.0,0.10000000149011612,3.696071075864893e-07,0.20000000298023224,0.20000000298023224,0.0,0.0,50.0,0.20000000298023224,34.279998779296875,2.3412716388702393
