success_rate,collision_rate,mean_min_distance,near_miss_rate,mean_time,mean_episode_reward,distance_warning_cost_mean,distance_warning_cost_p50,distance_warning_cost_p90,distance_warning_cost_p95,distance_warning_cost_max,risk_sum_mean,risk_sum_p50,risk_sum_p90,risk_sum_p95,risk_sum_max,risk_max_mean,risk_max_p50,risk_max_p90,risk_max_p95,risk_max_max,applied_cost_mean,distance_warning_cost_nonzero_rate,scenario_valid_rate,planned_threat_valid_rate,threat_valid_rate,realized_near_miss_rate,predicted_cpa_to_nominal_path_mean,mean_reaction_eval_style,mean_reaction_nan_style,nan_reaction_rate,no_response_count,total_episodes,reaction_time,mean_risk_rise_time,mean_min_distance_after_turn
0.9800000190734863,0.019999999552965164,2.5638740062713623,0.10000000149011612,8.871999740600586,21.705244064331055,0.011660359799861908,0.0,0.018801674246788025,0.08354708552360535,2.3043556213378906,0.007064744830131531,3.1646319342826246e-08,0.012765017338097095,0.06292413920164108,0.9081025719642639,0.007063422352075577,3.1646319342826246e-08,0.01276190485805273,0.06292182207107544,0.9081025719642639,0.0,0.18,1.0,1.0,1.0,0.11999999731779099,3.696071075864893e-07,0.20000000298023224,0.20000000298023224,0.0,0.0,50.0,0.20000000298023224,34.30400085449219,2.6332366466522217
