success_rate,collision_rate,mean_min_distance,near_miss_rate,mean_time,mean_episode_reward,distance_warning_cost_mean,distance_warning_cost_p50,distance_warning_cost_p90,distance_warning_cost_p95,distance_warning_cost_max,risk_sum_mean,risk_sum_p50,risk_sum_p90,risk_sum_p95,risk_sum_max,risk_max_mean,risk_max_p50,risk_max_p90,risk_max_p95,risk_max_max,applied_cost_mean,distance_warning_cost_nonzero_rate,scenario_valid_rate,planned_threat_valid_rate,threat_valid_rate,realized_near_miss_rate,predicted_cpa_to_nominal_path_mean,mean_reaction_eval_style,mean_reaction_nan_style,nan_reaction_rate,no_response_count,total_episodes,reaction_time,mean_risk_rise_time,mean_min_distance_after_turn
0.9800000190734863,0.019999999552965164,2.206446886062622,0.05999999865889549,8.104000091552734,21.741559982299805,0.008875983767211437,0.0,0.021961146965622902,0.06602870672941208,2.203202962875366,0.004688988905400038,5.700223937310511e-07,0.018443576991558075,0.038095973432064056,0.9020041227340698,0.004688749089837074,5.698267386833322e-07,0.01844095066189766,0.0380958616733551,0.9020041227340698,0.0,0.32,1.0,1.0,1.0,0.07999999821186066,3.696071075864893e-07,0.20399999618530273,0.20399999618530273,0.0,0.0,50.0,0.20399999618530273,34.939998626708984,2.467710018157959
