success_rate,collision_rate,mean_min_distance,near_miss_rate,mean_time,mean_episode_reward,distance_warning_cost_mean,distance_warning_cost_p50,distance_warning_cost_p90,distance_warning_cost_p95,distance_warning_cost_max,risk_sum_mean,risk_sum_p50,risk_sum_p90,risk_sum_p95,risk_sum_max,risk_max_mean,risk_max_p50,risk_max_p90,risk_max_p95,risk_max_max,applied_cost_mean,mean_reaction_eval_style,mean_reaction_nan_style,nan_reaction_rate,no_response_count,total_episodes,reaction_time,mean_risk_rise_time,mean_min_distance_after_turn
0.8999999761581421,0.10000000149011612,1.0683870315551758,0.4000000059604645,6.960000038146973,20.034170150756836,0.0021687441039830446,0.0,0.0016609320882707834,0.012013329192996025,0.2342657744884491,0.07318879663944244,0.0015597104793414474,0.33440881967544556,0.4146461486816406,0.9019483923912048,0.0731564611196518,0.0014118039980530739,0.33440831303596497,0.4146456718444824,0.9019483923912048,0.0,0.20000000298023224,0.20000000298023224,0.0,0.0,10.0,0.20000000298023224,37.0,1.0684916973114014
