method,seed,episode,episode_seed,step,time,turn_step,has_turned,turning_obstacle_id,success,collision,min_distance,episode_min_distance,R_max,R_sum,R_bar,risk_turn,sigma_turn_x,sigma_turn_y,sigma_turn_z,sigma_turn_trace,mu_turn_x,mu_turn_y,mu_turn_z,dist_turn,rel_speed_turn,w_risk_turn,risk_rank_turn,action_x,action_y,action_z,v_des_norm,deviation_lateral
risk_full_rbar,1,0,11000,1,0.2,15,False,-1,0,0,1.3976975679397583,1.3976975679397583,0.8044923543930054,0.8044923543930054,0.6665407577457805,nan,nan,nan,nan,nan,nan,nan,nan,nan,nan,nan,nan,-1.0,0.36913201212882996,0.24342097342014313,2.1867895126342773,0.3250207304954529
risk_full_rbar,1,0,11000,2,0.4,15,False,-1,0,0,1.2727707624435425,1.2727707624435425,0.27030569314956665,0.27030569314956665,0.2639092606125913,nan,nan,nan,nan,nan,nan,nan,nan,nan,nan,nan,nan,-0.3807370364665985,0.28887414932250977,-0.08449734002351761,0.97066730260849,0.43901175260543823
risk_full_rbar,1,0,11000,3,0.6000000000000001,15,False,-1,0,0,0.7392145395278931,0.7392145395278931,0.9117386937141418,0.9117391109466553,0.7219659257804693,nan,nan,nan,nan,nan,nan,nan,nan,nan,nan,nan,nan,-1.0,0.5708274841308594,0.14848163723945618,2.321974039077759,0.5926282405853271
risk_full_rbar,1,0,11000,4,0.8,15,False,-1,0,1,0.4826726019382477,0.4826726019382477,0.9414499402046204,0.9414499402046204,0.7358877155209604,nan,nan,nan,nan,nan,nan,nan,nan,nan,nan,nan,nan,-0.32355955243110657,0.33595553040504456,-0.19702661037445068,1.0126724243164062,0.6831807494163513
