success_rate,collision_rate,mean_min_distance,near_miss_rate,mean_time,mean_episode_reward,distance_warning_cost_mean,distance_warning_cost_p50,distance_warning_cost_p90,distance_warning_cost_p95,distance_warning_cost_max,risk_sum_mean,risk_sum_p50,risk_sum_p90,risk_sum_p95,risk_sum_max,risk_max_mean,risk_max_p50,risk_max_p90,risk_max_p95,risk_max_max,applied_cost_mean,mean_reaction_eval_style,mean_reaction_nan_style,nan_reaction_rate,no_response_count,total_episodes,reaction_time,mean_risk_rise_time,mean_min_distance_after_turn
1.0,0.0,1.413615107536316,0.07999999821186066,7.275999546051025,22.47649574279785,6.864477199997054e-06,0.0,0.0,0.0,0.006184978410601616,0.014631769619882107,0.0004214169457554817,0.035749293863773346,0.084346704185009,0.6585348844528198,0.01458767894655466,0.0003904988116119057,0.03555309772491455,0.08404209464788437,0.6585348844528198,0.0,0.20000000298023224,0.20000000298023224,0.0,0.0,50.0,0.20000000298023224,36.2599983215332,1.8904082775115967
