success_rate,collision_rate,mean_min_distance,near_miss_rate,mean_time,mean_episode_reward,distance_warning_cost_mean,distance_warning_cost_p50,distance_warning_cost_p90,distance_warning_cost_p95,distance_warning_cost_max,risk_sum_mean,risk_sum_p50,risk_sum_p90,risk_sum_p95,risk_sum_max,risk_max_mean,risk_max_p50,risk_max_p90,risk_max_p95,risk_max_max,applied_cost_mean,mean_reaction_eval_style,mean_reaction_nan_style,nan_reaction_rate,no_response_count,total_episodes,reaction_time,mean_risk_rise_time,mean_min_distance_after_turn
0.9200000166893005,0.07999999821186066,0.854051411151886,0.8199999928474426,7.211999893188477,20.635107040405273,0.003650776343420148,0.0,0.009537747129797935,0.021315960213541985,0.29493460059165955,0.11208829283714294,0.0038690543733537197,0.44269028306007385,0.53391432762146,1.7444350719451904,0.11088942736387253,0.0038094893097877502,0.4419020712375641,0.5331509709358215,0.9126669764518738,0.0,1.6160000562667847,0.8938775062561035,0.02,1.0,50.0,1.6160000562667847,37.0,0.854051411151886
