success_rate,collision_rate,mean_min_distance,near_miss_rate,mean_time,mean_episode_reward,distance_warning_cost_mean,distance_warning_cost_p50,distance_warning_cost_p90,distance_warning_cost_p95,distance_warning_cost_max,risk_sum_mean,risk_sum_p50,risk_sum_p90,risk_sum_p95,risk_sum_max,risk_max_mean,risk_max_p50,risk_max_p90,risk_max_p95,risk_max_max,applied_cost_mean
0.9800000190734863,0.019999999552965164,1.3844910860061646,0.2800000011920929,6.823999404907227,21.784868240356445,0.0003572670975700021,0.0,0.00012538440932985395,0.0014018960064277053,0.21839018166065216,0.04021906852722168,0.0015606395900249481,0.12433569133281708,0.22337090969085693,0.8989433646202087,0.03946201503276825,0.0015477724373340607,0.1212419867515564,0.21864379942417145,0.8989431262016296,0.0
