success_rate,collision_rate,mean_min_distance,near_miss_rate,mean_time,mean_episode_reward,distance_warning_cost_mean,distance_warning_cost_p50,distance_warning_cost_p90,distance_warning_cost_p95,distance_warning_cost_max,risk_sum_mean,risk_sum_p50,risk_sum_p90,risk_sum_p95,risk_sum_max,risk_max_mean,risk_max_p50,risk_max_p90,risk_max_p95,risk_max_max,applied_cost_mean
0.9800000190734863,0.019999999552965164,2.5762457847595215,0.019999999552965164,8.867999076843262,21.66281509399414,0.0015193973667919636,0.0,0.004558192100375891,0.0058599854819476604,0.3580889105796814,0.014884281903505325,0.015630269423127174,0.018324866890907288,0.023221725597977638,0.9228219985961914,0.01488427259027958,0.015630269423127174,0.01832483522593975,0.023221543058753014,0.9228219985961914,0.0
