success_rate,collision_rate,mean_min_distance,near_miss_rate,mean_time,mean_episode_reward,distance_warning_cost_mean,distance_warning_cost_p50,distance_warning_cost_p90,distance_warning_cost_p95,distance_warning_cost_max,risk_sum_mean,risk_sum_p50,risk_sum_p90,risk_sum_p95,risk_sum_max,risk_max_mean,risk_max_p50,risk_max_p90,risk_max_p95,risk_max_max,applied_cost_mean,mean_reaction_eval_style,mean_reaction_nan_style,nan_reaction_rate,no_response_count,total_episodes,reaction_time,mean_risk_rise_time,mean_min_distance_after_turn
0.8600000143051147,0.14000000059604645,0.8222013115882874,0.7599999904632568,7.232000350952148,19.528133392333984,0.004653007723391056,0.0,0.006845006253570318,0.025538267567753792,0.5675955414772034,0.10234424471855164,3.241530794184655e-05,0.44948455691337585,0.570921003818512,1.0471875667572021,0.10181532800197601,3.240712248953059e-05,0.4487408697605133,0.5700652599334717,0.9518744349479675,0.0,0.31599998474121094,0.31599998474121094,0.0,0.0,50.0,0.31599998474121094,37.0,0.8222013115882874
