success_rate,collision_rate,mean_min_distance,near_miss_rate,mean_time,mean_episode_reward,distance_warning_cost_mean,distance_warning_cost_p50,distance_warning_cost_p90,distance_warning_cost_p95,distance_warning_cost_max,risk_sum_mean,risk_sum_p50,risk_sum_p90,risk_sum_p95,risk_sum_max,risk_max_mean,risk_max_p50,risk_max_p90,risk_max_p95,risk_max_max,applied_cost_mean,mean_reaction_eval_style,mean_reaction_nan_style,nan_reaction_rate,no_response_count,total_episodes,reaction_time,mean_risk_rise_time,mean_min_distance_after_turn
0.9399999976158142,0.05999999865889549,1.1140122413635254,0.4399999976158142,8.319999694824219,20.871313095092773,0.0016243126010522246,0.0,0.0019361187005415559,0.006139532197266817,0.3207257091999054,0.042381372302770615,9.486323532259533e-11,0.15012429654598236,0.27729251980781555,1.6505041122436523,0.04165361076593399,9.486323532259533e-11,0.15012429654598236,0.27724140882492065,0.9169203042984009,0.0,0.20000000298023224,0.20000000298023224,0.0,0.0,50.0,0.20000000298023224,37.0,1.1164071559906006
