success_rate,collision_rate,mean_min_distance,near_miss_rate,mean_time,mean_episode_reward,distance_warning_cost_mean,distance_warning_cost_p50,distance_warning_cost_p90,distance_warning_cost_p95,distance_warning_cost_max,risk_sum_mean,risk_sum_p50,risk_sum_p90,risk_sum_p95,risk_sum_max,risk_max_mean,risk_max_p50,risk_max_p90,risk_max_p95,risk_max_max,applied_cost_mean,mean_reaction_eval_style,mean_reaction_nan_style,nan_reaction_rate,no_response_count,total_episodes,reaction_time,mean_risk_rise_time,mean_min_distance_after_turn
0.7599999904632568,0.23999999463558197,0.8363975286483765,0.7599999904632568,7.1519999504089355,17.5945987701416,0.004839763976633549,0.0,0.0069758896715939045,0.025395767763257027,0.3793025314807892,0.1066209152340889,0.0005365654360502958,0.45226842164993286,0.5555636882781982,0.9530932903289795,0.10552036017179489,0.0005344781675375998,0.4507085680961609,0.5530622005462646,0.9260519742965698,0.0,0.2800000011920929,0.2800000011920929,0.0,0.0,50.0,0.2800000011920929,37.0,0.8363975286483765
