success_rate,collision_rate,mean_min_distance,near_miss_rate,mean_time,mean_episode_reward,distance_warning_cost_mean,distance_warning_cost_p50,distance_warning_cost_p90,distance_warning_cost_p95,distance_warning_cost_max,risk_sum_mean,risk_sum_p50,risk_sum_p90,risk_sum_p95,risk_sum_max,risk_max_mean,risk_max_p50,risk_max_p90,risk_max_p95,risk_max_max,applied_cost_mean
1.0,0.0,1.3975292444229126,0.019999999552965164,8.368000030517578,22.089122772216797,1.0215668226010166e-05,0.0,0.0,0.0,0.015104851685464382,0.005080207716673613,0.00017869997827801853,0.014532133005559444,0.026138247922062874,0.3302469849586487,0.005034686531871557,0.00017822753579821438,0.014375432394444942,0.025862764567136765,0.3302464187145233,0.0
