success_rate,collision_rate,mean_min_distance,near_miss_rate,mean_time,mean_episode_reward,distance_warning_cost_mean,distance_warning_cost_p50,distance_warning_cost_p90,distance_warning_cost_p95,distance_warning_cost_max,risk_sum_mean,risk_sum_p50,risk_sum_p90,risk_sum_p95,risk_sum_max,risk_max_mean,risk_max_p50,risk_max_p90,risk_max_p95,risk_max_max,applied_cost_mean,mean_reaction_eval_style,mean_reaction_nan_style,nan_reaction_rate,no_response_count,total_episodes,reaction_time,mean_risk_rise_time,mean_min_distance_after_turn
1.0,0.0,0.9587180614471436,0.699999988079071,6.800000190734863,22.49664306640625,0.0009759130189195275,0.0,0.0012902986491099,0.004917418584227562,0.10647586733102798,0.08108148723840714,0.009145407006144524,0.2748600244522095,0.3733702003955841,0.8739442229270935,0.07823736220598221,0.008469903841614723,0.2640324532985687,0.3643088638782501,0.8739442229270935,0.0,10.355999946594238,0.9945945739746094,0.26,13.0,50.0,10.355999946594238,33.316001892089844,1.3583521842956543
