success_rate,collision_rate,mean_min_distance,near_miss_rate,mean_time,mean_episode_reward,distance_warning_cost_mean,distance_warning_cost_p50,distance_warning_cost_p90,distance_warning_cost_p95,distance_warning_cost_max,risk_sum_mean,risk_sum_p50,risk_sum_p90,risk_sum_p95,risk_sum_max,risk_max_mean,risk_max_p50,risk_max_p90,risk_max_p95,risk_max_max,applied_cost_mean,mean_reaction_eval_style,mean_reaction_nan_style,nan_reaction_rate,no_response_count,total_episodes,reaction_time,mean_risk_rise_time,mean_min_distance_after_turn
0.8600000143051147,0.14000000059604645,1.0828526020050049,0.5,8.01200008392334,19.51954460144043,0.002022623782977462,0.0,0.0011350343702360988,0.006448199041187763,0.33568957448005676,0.046411048620939255,2.0018017465872617e-08,0.19947172701358795,0.3237802982330322,1.7520842552185059,0.04505547881126404,2.0016541313339076e-08,0.19889172911643982,0.3236766755580902,0.9193185567855835,0.0,0.20000000298023224,0.20000000298023224,0.0,0.0,50.0,0.20000000298023224,37.0,1.0828526020050049
