success_rate,collision_rate,mean_min_distance,near_miss_rate,mean_time,mean_episode_reward,distance_warning_cost_mean,distance_warning_cost_p50,distance_warning_cost_p90,distance_warning_cost_p95,distance_warning_cost_max,risk_sum_mean,risk_sum_p50,risk_sum_p90,risk_sum_p95,risk_sum_max,risk_max_mean,risk_max_p50,risk_max_p90,risk_max_p95,risk_max_max,applied_cost_mean
0.9800000190734863,0.019999999552965164,1.2334803342819214,0.4000000059604645,6.691999912261963,21.771894454956055,0.0006345368456095457,0.0,0.0006345920264720917,0.0024216060992330313,0.2539396286010742,0.05647914484143257,0.0023584910668432713,0.18072795867919922,0.31565457582473755,0.9055554270744324,0.05519950017333031,0.002346672350540757,0.17456471920013428,0.3083721697330475,0.9055478572845459,0.0
