success_rate,collision_rate,mean_min_distance,near_miss_rate,mean_time,mean_episode_reward,distance_warning_cost_mean,distance_warning_cost_p50,distance_warning_cost_p90,distance_warning_cost_p95,distance_warning_cost_max,risk_sum_mean,risk_sum_p50,risk_sum_p90,risk_sum_p95,risk_sum_max,risk_max_mean,risk_max_p50,risk_max_p90,risk_max_p95,risk_max_max,applied_cost_mean,mean_reaction_eval_style,mean_reaction_nan_style,nan_reaction_rate,no_response_count,total_episodes,reaction_time,mean_risk_rise_time,mean_min_distance_after_turn
1.0,0.0,1.2799831628799438,0.1599999964237213,7.1080002784729,22.491609573364258,5.262713966658339e-05,0.0,0.0,8.569359488319606e-05,0.02496878243982792,0.02814512327313423,0.0008117777178995311,0.08975828438997269,0.14660434424877167,0.7735376954078674,0.028065629303455353,0.0007419540197588503,0.08937404304742813,0.14635469019412994,0.7735376954078674,0.0,3.247999906539917,0.3130435049533844,0.08,4.0,50.0,3.247999906539917,36.2599983215332,1.6512562036514282
