success_rate,collision_rate,mean_min_distance,near_miss_rate,mean_time,mean_episode_reward,distance_warning_cost_mean,distance_warning_cost_p50,distance_warning_cost_p90,distance_warning_cost_p95,distance_warning_cost_max,risk_sum_mean,risk_sum_p50,risk_sum_p90,risk_sum_p95,risk_sum_max,risk_max_mean,risk_max_p50,risk_max_p90,risk_max_p95,risk_max_max,applied_cost_mean,mean_reaction_eval_style,mean_reaction_nan_style,nan_reaction_rate,no_response_count,total_episodes,reaction_time,mean_risk_rise_time,mean_min_distance_after_turn
0.9200000166893005,0.07999999821186066,0.8517332673072815,0.800000011920929,7.2039995193481445,20.764665603637695,0.003938090987503529,0.0,0.010655982419848442,0.020472681149840355,0.4980223476886749,0.11756663024425507,0.004647514782845974,0.48115459084510803,0.5808806419372559,1.4219510555267334,0.11629915237426758,0.004642304033041,0.47634413838386536,0.5790048241615295,0.9428400993347168,0.0,1.1440000534057617,1.1440000534057617,0.0,0.0,50.0,1.1440000534057617,37.0,0.8517332673072815
