success_rate,collision_rate,mean_min_distance,near_miss_rate,mean_time,mean_episode_reward,distance_warning_cost_mean,distance_warning_cost_p50,distance_warning_cost_p90,distance_warning_cost_p95,distance_warning_cost_max,risk_sum_mean,risk_sum_p50,risk_sum_p90,risk_sum_p95,risk_sum_max,risk_max_mean,risk_max_p50,risk_max_p90,risk_max_p95,risk_max_max,applied_cost_mean
1.0,0.0,1.7060885429382324,0.10000000149011612,6.896000385284424,22.420818328857422,0.00010020265472121537,0.0,6.466030754381791e-05,0.0007051779539324343,0.039595283567905426,0.02876630797982216,0.002467899117618799,0.0849991962313652,0.15277275443077087,0.808980405330658,0.028108134865760803,0.0021170610561966896,0.08311649411916733,0.14697131514549255,0.7336012721061707,0.0
