success_rate,collision_rate,mean_min_distance,near_miss_rate,mean_time,mean_episode_reward,distance_warning_cost_mean,distance_warning_cost_p50,distance_warning_cost_p90,distance_warning_cost_p95,distance_warning_cost_max,risk_sum_mean,risk_sum_p50,risk_sum_p90,risk_sum_p95,risk_sum_max,risk_max_mean,risk_max_p50,risk_max_p90,risk_max_p95,risk_max_max,applied_cost_mean
1.0,0.0,1.127821922302246,0.4000000059604645,6.800000190734863,22.44818878173828,0.0005869694286957383,0.0,0.0009052998502738774,0.003915717825293541,0.1604454219341278,0.06089980900287628,0.0027781184762716293,0.19905050098896027,0.30626094341278076,0.9506751894950867,0.05938386544585228,0.002576245926320553,0.19470323622226715,0.30056697130203247,0.8578976392745972,0.0
