success_rate,collision_rate,mean_min_distance,near_miss_rate,mean_time,mean_episode_reward,distance_warning_cost_mean,distance_warning_cost_p50,distance_warning_cost_p90,distance_warning_cost_p95,distance_warning_cost_max,risk_sum_mean,risk_sum_p50,risk_sum_p90,risk_sum_p95,risk_sum_max,risk_max_mean,risk_max_p50,risk_max_p90,risk_max_p95,risk_max_max,applied_cost_mean
1.0,0.0,1.0774028301239014,0.4000000059604645,7.328000545501709,22.0590763092041,0.0003078614827245474,0.0,0.0006789715844206512,0.0017518437234684825,0.06798847764730453,0.03847819194197655,0.009215536527335644,0.08341267704963684,0.13711324334144592,0.8803582191467285,0.0377383790910244,0.00913110002875328,0.08094535768032074,0.13477098941802979,0.8516690731048584,0.0
