success_rate,collision_rate,mean_min_distance,near_miss_rate,mean_time,mean_episode_reward,distance_warning_cost_mean,distance_warning_cost_p50,distance_warning_cost_p90,distance_warning_cost_p95,distance_warning_cost_max,risk_sum_mean,risk_sum_p50,risk_sum_p90,risk_sum_p95,risk_sum_max,risk_max_mean,risk_max_p50,risk_max_p90,risk_max_p95,risk_max_max,applied_cost_mean
0.0,0.0,1.7218008041381836,0.03999999910593033,40.0,5.8365960121154785,1.3954560017737094e-05,0.0,0.0,0.0,0.09446774423122406,0.007653799839317799,4.311786142352503e-06,0.01252000778913498,0.03942377492785454,1.3252298831939697,0.0071557555347681046,3.6916328554070788e-06,0.011973822489380836,0.03692462667822838,0.8520641922950745,0.0
