success_rate,collision_rate,mean_min_distance,near_miss_rate,mean_time,mean_episode_reward,distance_warning_cost_mean,distance_warning_cost_p50,distance_warning_cost_p90,distance_warning_cost_p95,distance_warning_cost_max,risk_sum_mean,risk_sum_p50,risk_sum_p90,risk_sum_p95,risk_sum_max,risk_max_mean,risk_max_p50,risk_max_p90,risk_max_p95,risk_max_max,applied_cost_mean,mean_reaction_eval_style,mean_reaction_nan_style,nan_reaction_rate,no_response_count,total_episodes,reaction_time,mean_risk_rise_time,mean_min_distance_after_turn
1.0,0.0,1.4017376899719238,0.11999999731779099,7.40000057220459,22.470216751098633,1.6307765690726228e-05,0.0,0.0,2.0311765069891408e-07,0.018616648390889168,0.016011696308851242,0.0002827331773005426,0.04399466887116432,0.07882897555828094,0.7014215588569641,0.015979092568159103,0.0002586635819170624,0.043828822672367096,0.07864318042993546,0.7014215588569641,0.0,0.2279999852180481,0.2279999852180481,0.0,0.0,50.0,0.2279999852180481,37.0,1.8424103260040283
