success_rate,collision_rate,mean_min_distance,near_miss_rate,mean_time,mean_episode_reward,distance_warning_cost_mean,distance_warning_cost_p50,distance_warning_cost_p90,distance_warning_cost_p95,distance_warning_cost_max,risk_sum_mean,risk_sum_p50,risk_sum_p90,risk_sum_p95,risk_sum_max,risk_max_mean,risk_max_p50,risk_max_p90,risk_max_p95,risk_max_max,applied_cost_mean
1.0,0.0,2.3450095653533936,0.0,7.804000377655029,22.339120864868164,0.0,0.0,0.0,0.0,0.0,0.0007808533264324069,2.9246390909065667e-07,0.0022109546698629856,0.005886393133550882,0.19016577303409576,0.0007806960493326187,2.881910461383086e-07,0.0022106431424617767,0.005886295344680548,0.19016577303409576,0.0
