success_rate,collision_rate,mean_min_distance,near_miss_rate,mean_time,mean_episode_reward,distance_warning_cost_mean,distance_warning_cost_p50,distance_warning_cost_p90,distance_warning_cost_p95,distance_warning_cost_max,risk_sum_mean,risk_sum_p50,risk_sum_p90,risk_sum_p95,risk_sum_max,risk_max_mean,risk_max_p50,risk_max_p90,risk_max_p95,risk_max_max,applied_cost_mean
1.0,0.0,1.5401763916015625,0.05999999865889549,7.144000053405762,22.407941818237305,2.8151711376267485e-05,0.0,9.86855502560502e-06,0.0001308313076151535,0.02326216921210289,0.015724897384643555,0.0003789479669649154,0.0432828813791275,0.08036142587661743,0.686172366142273,0.01563011109828949,0.0003786795714404434,0.04266972094774246,0.08008889108896255,0.686172366142273,0.0
