success_rate,collision_rate,mean_min_distance,near_miss_rate,mean_time,mean_episode_reward,distance_warning_cost_mean,distance_warning_cost_p50,distance_warning_cost_p90,distance_warning_cost_p95,distance_warning_cost_max,risk_sum_mean,risk_sum_p50,risk_sum_p90,risk_sum_p95,risk_sum_max,risk_max_mean,risk_max_p50,risk_max_p90,risk_max_p95,risk_max_max,applied_cost_mean
1.0,0.0,1.5442304611206055,0.03999999910593033,9.144000053405762,21.94345474243164,8.858389264787547e-06,0.0,0.0,6.447663167818973e-07,0.014806433580815792,0.004708709195256233,6.761501572327688e-05,0.015783056616783142,0.026877954602241516,0.5385022163391113,0.004626057576388121,6.75992268952541e-05,0.015551626682281494,0.026855655014514923,0.49059727787971497,0.0
