success_rate,collision_rate,mean_min_distance,near_miss_rate,mean_time,mean_episode_reward,distance_warning_cost_mean,distance_warning_cost_p50,distance_warning_cost_p90,distance_warning_cost_p95,distance_warning_cost_max,risk_sum_mean,risk_sum_p50,risk_sum_p90,risk_sum_p95,risk_sum_max,risk_max_mean,risk_max_p50,risk_max_p90,risk_max_p95,risk_max_max,applied_cost_mean,mean_reaction_eval_style,mean_reaction_nan_style,nan_reaction_rate,no_response_count,total_episodes,reaction_time,mean_risk_rise_time,mean_min_distance_after_turn
1.0,0.0,1.2276976108551025,0.20000000298023224,7.004000186920166,22.478452682495117,5.909453466301784e-05,0.0,0.0,0.00016414912533946335,0.027876239269971848,0.03020842745900154,0.0012534185079857707,0.08672776818275452,0.1589202731847763,0.7127246856689453,0.03014037385582924,0.0011015011696144938,0.08649535477161407,0.158502995967865,0.7127246260643005,0.0,7.179999828338623,0.6341463327407837,0.18,9.0,50.0,7.179999828338623,37.0,1.5782382488250732
