success_rate,collision_rate,mean_min_distance,near_miss_rate,mean_time,mean_episode_reward,distance_warning_cost_mean,distance_warning_cost_p50,distance_warning_cost_p90,distance_warning_cost_p95,distance_warning_cost_max,risk_sum_mean,risk_sum_p50,risk_sum_p90,risk_sum_p95,risk_sum_max,risk_max_mean,risk_max_p50,risk_max_p90,risk_max_p95,risk_max_max,applied_cost_mean
1.0,0.0,1.9013471603393555,0.019999999552965164,7.160000801086426,22.43122100830078,5.519552360055968e-06,0.0,0.0,3.2724274205975235e-05,0.005707039963454008,0.016692018136382103,0.0004856024752371013,0.0480935238301754,0.09453903138637543,0.7020062208175659,0.016473591327667236,0.0004231564234942198,0.04747524857521057,0.09248748421669006,0.7020062208175659,0.0
