success_rate,collision_rate,mean_min_distance,near_miss_rate,mean_time,mean_episode_reward,distance_warning_cost_mean,distance_warning_cost_p50,distance_warning_cost_p90,distance_warning_cost_p95,distance_warning_cost_max,risk_sum_mean,risk_sum_p50,risk_sum_p90,risk_sum_p95,risk_sum_max,risk_max_mean,risk_max_p50,risk_max_p90,risk_max_p95,risk_max_max,applied_cost_mean
1.0,0.0,0.9153489470481873,0.7799999713897705,6.824000358581543,22.067110061645508,0.0015626976964995265,0.0,0.0035310096573084593,0.009563639760017395,0.12460402399301529,0.07073836028575897,0.014456124044954777,0.15494978427886963,0.34194478392601013,1.0471224784851074,0.06803266704082489,0.014020908623933792,0.15150612592697144,0.33057692646980286,0.8786212205886841,0.0
