success_rate,collision_rate,mean_min_distance,near_miss_rate,mean_time,mean_episode_reward,distance_warning_cost_mean,distance_warning_cost_p50,distance_warning_cost_p90,distance_warning_cost_p95,distance_warning_cost_max,risk_sum_mean,risk_sum_p50,risk_sum_p90,risk_sum_p95,risk_sum_max,risk_max_mean,risk_max_p50,risk_max_p90,risk_max_p95,risk_max_max,applied_cost_mean,mean_reaction_eval_style,mean_reaction_nan_style,nan_reaction_rate,no_response_count,total_episodes,reaction_time,mean_risk_rise_time,mean_min_distance_after_turn
1.0,0.0,1.330603003501892,0.14000000059604645,7.0920000076293945,22.32735824584961,0.00022338732378557324,0.0,0.0,0.0011365528916940093,0.1939285397529602,0.021333592012524605,0.000832584104500711,0.057102762162685394,0.10809895396232605,0.8941109776496887,0.021286768838763237,0.0008296146988868713,0.057033225893974304,0.10791685432195663,0.8941109776496887,0.0,1.2320001125335693,0.5020408630371094,0.02,1.0,50.0,1.2320001125335693,36.2599983215332,1.9199681282043457
