success_rate,collision_rate,mean_min_distance,near_miss_rate,mean_time,mean_episode_reward,distance_warning_cost_mean,distance_warning_cost_p50,distance_warning_cost_p90,distance_warning_cost_p95,distance_warning_cost_max,risk_sum_mean,risk_sum_p50,risk_sum_p90,risk_sum_p95,risk_sum_max,risk_max_mean,risk_max_p50,risk_max_p90,risk_max_p95,risk_max_max,applied_cost_mean,mean_reaction_eval_style,mean_reaction_nan_style,nan_reaction_rate,no_response_count,total_episodes,reaction_time,mean_risk_rise_time,mean_min_distance_after_turn
1.0,0.0,1.2028392553329468,0.30000001192092896,6.97599983215332,22.329814910888672,7.202351844171062e-05,0.0,7.727122283540666e-05,0.0004450675332918763,0.02699073776602745,0.038992103189229965,0.0016431213589385152,0.10969433933496475,0.2236730009317398,0.7618328332901001,0.03784758225083351,0.0014640932204201818,0.1056869775056839,0.21812695264816284,0.7210094332695007,0.0,2.692000150680542,0.5021277070045471,0.06,3.0,50.0,2.692000150680542,37.0,1.6805336475372314
