success_rate,collision_rate,mean_min_distance,near_miss_rate,mean_time,mean_episode_reward,distance_warning_cost_mean,distance_warning_cost_p50,distance_warning_cost_p90,distance_warning_cost_p95,distance_warning_cost_max,risk_sum_mean,risk_sum_p50,risk_sum_p90,risk_sum_p95,risk_sum_max,risk_max_mean,risk_max_p50,risk_max_p90,risk_max_p95,risk_max_max,applied_cost_mean,mean_reaction_eval_style,mean_reaction_nan_style,nan_reaction_rate,no_response_count,total_episodes,reaction_time,mean_risk_rise_time,mean_min_distance_after_turn
1.0,0.0,2.0437934398651123,0.019999999552965164,8.796000480651855,22.204181671142578,1.7342481442028657e-05,0.0,0.0,0.0,0.03728633373975754,0.0027737405616790056,2.231701898836036e-07,0.0021277680061757565,0.0221867635846138,0.850968062877655,0.0027736639603972435,2.1626308921440796e-07,0.0021274753380566835,0.02218639850616455,0.850968062877655,0.0,0.20000000298023224,0.20000000298023224,0.0,0.0,50.0,0.20000000298023224,37.0,3.116466999053955
