success_rate,collision_rate,mean_min_distance,near_miss_rate,mean_time,mean_episode_reward,distance_warning_cost_mean,distance_warning_cost_p50,distance_warning_cost_p90,distance_warning_cost_p95,distance_warning_cost_max,risk_sum_mean,risk_sum_p50,risk_sum_p90,risk_sum_p95,risk_sum_max,risk_max_mean,risk_max_p50,risk_max_p90,risk_max_p95,risk_max_max,applied_cost_mean
1.0,0.0,1.4078599214553833,0.10000000149011612,7.252000331878662,22.4137020111084,8.020560926524922e-05,0.0,9.190799755742773e-05,0.0004020814085379243,0.03990494832396507,0.01881270483136177,0.00051391456509009,0.0478491447865963,0.09697218984365463,0.8065599203109741,0.01856370083987713,0.00047999550588428974,0.04632093384861946,0.09671011567115784,0.8065599203109741,0.0
