success_rate,collision_rate,mean_min_distance,near_miss_rate,mean_time,mean_episode_reward,distance_warning_cost_mean,distance_warning_cost_p50,distance_warning_cost_p90,distance_warning_cost_p95,distance_warning_cost_max,risk_sum_mean,risk_sum_p50,risk_sum_p90,risk_sum_p95,risk_sum_max,risk_max_mean,risk_max_p50,risk_max_p90,risk_max_p95,risk_max_max,applied_cost_mean
0.8999999761581421,0.0,2.7146592140197754,0.0,17.812000274658203,20.491310119628906,0.0,0.0,0.0,0.0,0.0,0.0003784415894187987,5.618128740003669e-10,7.557567005278543e-05,0.0008694038260728121,0.5607519745826721,0.0003784415894187987,5.618019383035744e-10,7.557562639703974e-05,0.0008694037096574903,0.5607519745826721,0.0
