success_rate,collision_rate,mean_min_distance,near_miss_rate,mean_time,mean_episode_reward,distance_warning_cost_mean,distance_warning_cost_p50,distance_warning_cost_p90,distance_warning_cost_p95,distance_warning_cost_max,risk_sum_mean,risk_sum_p50,risk_sum_p90,risk_sum_p95,risk_sum_max,risk_max_mean,risk_max_p50,risk_max_p90,risk_max_p95,risk_max_max,applied_cost_mean,mean_reaction_eval_style,mean_reaction_nan_style,nan_reaction_rate,no_response_count,total_episodes,reaction_time,mean_risk_rise_time,mean_min_distance_after_turn
1.0,0.0,0.9420067071914673,0.699999988079071,6.719999313354492,22.336687088012695,0.0008707483066245914,0.0,0.00030235209851525724,0.0038187282625585794,0.10032054781913757,0.07935576885938644,0.007438857574015856,0.23578664660453796,0.3952030837535858,0.9115413427352905,0.07612346857786179,0.0068526845425367355,0.22595523297786713,0.3842619061470032,0.8678416609764099,0.0,6.076001167297363,1.041860580444336,0.14,7.0,50.0,6.076001167297363,34.051998138427734,1.4854397773742676
