success_rate,collision_rate,mean_min_distance,near_miss_rate,mean_time,mean_episode_reward,distance_warning_cost_mean,distance_warning_cost_p50,distance_warning_cost_p90,distance_warning_cost_p95,distance_warning_cost_max,risk_sum_mean,risk_sum_p50,risk_sum_p90,risk_sum_p95,risk_sum_max,risk_max_mean,risk_max_p50,risk_max_p90,risk_max_p95,risk_max_max,applied_cost_mean
1.0,0.0,1.5000234842300415,0.05999999865889549,8.467999458312988,21.94594955444336,9.372964268550277e-05,0.0,0.00012056648847647011,0.0005115069798193872,0.05015195906162262,0.005661608651280403,0.0005474467179737985,0.019789787009358406,0.03516487777233124,0.8562347292900085,0.005657468922436237,0.0005425566923804581,0.019786670804023743,0.03516137972474098,0.8562347292900085,0.0
