success_rate,collision_rate,mean_min_distance,near_miss_rate,mean_time,mean_episode_reward,distance_warning_cost_mean,distance_warning_cost_p50,distance_warning_cost_p90,distance_warning_cost_p95,distance_warning_cost_max,risk_sum_mean,risk_sum_p50,risk_sum_p90,risk_sum_p95,risk_sum_max,risk_max_mean,risk_max_p50,risk_max_p90,risk_max_p95,risk_max_max,applied_cost_mean
0.9800000190734863,0.019999999552965164,0.7851061820983887,0.9399999976158142,6.5839996337890625,21.442129135131836,0.0077855633571743965,0.003030730877071619,0.019566962495446205,0.03312433138489723,0.2699456810951233,0.13341502845287323,0.048023682087659836,0.32973167300224304,0.5846472382545471,1.4077091217041016,0.1180064007639885,0.039079517126083374,0.3074980080127716,0.5375984907150269,0.9083846211433411,0.0
