success_rate,collision_rate,mean_min_distance,near_miss_rate,mean_time,mean_episode_reward,distance_warning_cost_mean,distance_warning_cost_p50,distance_warning_cost_p90,distance_warning_cost_p95,distance_warning_cost_max,risk_sum_mean,risk_sum_p50,risk_sum_p90,risk_sum_p95,risk_sum_max,risk_max_mean,risk_max_p50,risk_max_p90,risk_max_p95,risk_max_max,applied_cost_mean
1.0,0.0,1.0905733108520508,0.25999999046325684,7.2920002937316895,22.069765090942383,0.0009587889653630555,0.0,0.0030148213263601065,0.006042777094990015,0.13841120898723602,0.02823420614004135,0.006505139637738466,0.06667054444551468,0.1292741447687149,0.8251234292984009,0.027694908902049065,0.006264263764023781,0.06580779701471329,0.12530551850795746,0.8251234292984009,0.0
