success_rate,collision_rate,mean_min_distance,near_miss_rate,mean_time,mean_episode_reward,distance_warning_cost_mean,distance_warning_cost_p50,distance_warning_cost_p90,distance_warning_cost_p95,distance_warning_cost_max,risk_sum_mean,risk_sum_p50,risk_sum_p90,risk_sum_p95,risk_sum_max,risk_max_mean,risk_max_p50,risk_max_p90,risk_max_p95,risk_max_max,applied_cost_mean
1.0,0.0,2.2206225395202637,0.0,8.579999923706055,22.327768325805664,0.0,0.0,0.0,0.0,0.0,0.00011601988808251917,1.7492759241122258e-08,0.0002537280961405486,0.0004766570054925978,0.05715543404221535,0.00011601883306866512,1.7492446602318523e-08,0.00025372326490469277,0.00047665671445429325,0.05715543404221535,0.0
