success_rate,collision_rate,mean_min_distance,near_miss_rate,mean_time,mean_episode_reward,distance_warning_cost_mean,distance_warning_cost_p50,distance_warning_cost_p90,distance_warning_cost_p95,distance_warning_cost_max,risk_sum_mean,risk_sum_p50,risk_sum_p90,risk_sum_p95,risk_sum_max,risk_max_mean,risk_max_p50,risk_max_p90,risk_max_p95,risk_max_max,applied_cost_mean
1.0,0.0,2.154271364212036,0.019999999552965164,8.676000595092773,22.22989273071289,2.0859828509856015e-05,0.0,0.0,6.161764031276107e-05,0.028147323057055473,0.0009274636395275593,3.9352503478085055e-09,0.0018140822649002075,0.006473140325397253,0.3178962767124176,0.0009274479816667736,3.934801373617347e-09,0.0018138977466151118,0.006473043467849493,0.3178962767124176,0.0
