success_rate,collision_rate,mean_min_distance,near_miss_rate,mean_time,mean_episode_reward,distance_warning_cost_mean,distance_warning_cost_p50,distance_warning_cost_p90,distance_warning_cost_p95,distance_warning_cost_max,risk_sum_mean,risk_sum_p50,risk_sum_p90,risk_sum_p95,risk_sum_max,risk_max_mean,risk_max_p50,risk_max_p90,risk_max_p95,risk_max_max,applied_cost_mean
0.9800000190734863,0.019999999552965164,0.9022163152694702,0.6800000071525574,6.867999076843262,21.428720474243164,0.005492387805134058,0.00314576318487525,0.010447858832776546,0.020622992888092995,0.3279341459274292,0.07510462403297424,0.026151485741138458,0.1714780032634735,0.3268546760082245,0.9181952476501465,0.07315200567245483,0.02598656713962555,0.16442371904850006,0.3153429329395294,0.9180816411972046,0.0
