success_rate,collision_rate,mean_min_distance,near_miss_rate,mean_time,mean_episode_reward,distance_warning_cost_mean,distance_warning_cost_p50,distance_warning_cost_p90,distance_warning_cost_p95,distance_warning_cost_max,risk_sum_mean,risk_sum_p50,risk_sum_p90,risk_sum_p95,risk_sum_max,risk_max_mean,risk_max_p50,risk_max_p90,risk_max_p95,risk_max_max,applied_cost_mean,mean_reaction_eval_style,mean_reaction_nan_style,nan_reaction_rate,no_response_count,total_episodes,reaction_time,mean_risk_rise_time,mean_min_distance_after_turn
0.8999999761581421,0.10000000149011612,1.1306899785995483,0.46000000834465027,9.027999877929688,20.245113372802734,0.0011702293995767832,0.0,0.0,0.000688963511493057,0.41818660497665405,0.036187540739774704,6.9386327794518365e-09,0.09569501876831055,0.29287272691726685,0.9317737221717834,0.035906676203012466,6.9320962303720535e-09,0.09268149733543396,0.2918086647987366,0.9317737221717834,0.0,0.20000000298023224,0.20000000298023224,0.0,0.0,50.0,0.20000000298023224,37.0,1.1315913200378418
