success_rate,collision_rate,mean_min_distance,near_miss_rate,mean_time,mean_episode_reward,distance_warning_cost_mean,distance_warning_cost_p50,distance_warning_cost_p90,distance_warning_cost_p95,distance_warning_cost_max,risk_sum_mean,risk_sum_p50,risk_sum_p90,risk_sum_p95,risk_sum_max,risk_max_mean,risk_max_p50,risk_max_p90,risk_max_p95,risk_max_max,applied_cost_mean
1.0,0.0,1.5549912452697754,0.20000000298023224,7.1840009689331055,22.26552963256836,2.423684054519981e-05,0.0,0.0,5.592232355411397e-06,0.010270846076309681,0.019710129126906395,5.398611392593011e-05,0.04292098432779312,0.11359521746635437,0.7385275959968567,0.019545402377843857,5.397072891355492e-05,0.042494036257267,0.11215411126613617,0.7381784319877625,0.0
