success_rate,collision_rate,mean_min_distance,near_miss_rate,mean_time,mean_episode_reward,distance_warning_cost_mean,distance_warning_cost_p50,distance_warning_cost_p90,distance_warning_cost_p95,distance_warning_cost_max,risk_sum_mean,risk_sum_p50,risk_sum_p90,risk_sum_p95,risk_sum_max,risk_max_mean,risk_max_p50,risk_max_p90,risk_max_p95,risk_max_max,applied_cost_mean,mean_reaction_eval_style,mean_reaction_nan_style,nan_reaction_rate,no_response_count,total_episodes,reaction_time,mean_risk_rise_time,mean_min_distance_after_turn
0.5799999833106995,0.0,2.3469979763031006,0.019999999552965164,30.6200008392334,15.660669326782227,2.3058041733747814e-06,0.0,0.0,0.0,0.006998199038207531,0.0013107541017234325,6.175338061284873e-24,0.0007100012735463679,0.0015804249560460448,0.8282763957977295,0.0013107485137879848,6.174768503711304e-24,0.000710001215338707,0.0015804249560460448,0.8282763957977295,0.0,0.20000000298023224,0.20000000298023224,0.0,0.0,50.0,0.20000000298023224,37.0,2.4813807010650635
