success_rate,collision_rate,mean_min_distance,near_miss_rate,mean_time,mean_episode_reward,distance_warning_cost_mean,distance_warning_cost_p50,distance_warning_cost_p90,distance_warning_cost_p95,distance_warning_cost_max,risk_sum_mean,risk_sum_p50,risk_sum_p90,risk_sum_p95,risk_sum_max,risk_max_mean,risk_max_p50,risk_max_p90,risk_max_p95,risk_max_max,applied_cost_mean
1.0,0.0,1.4114552736282349,0.07999999821186066,8.355999946594238,21.93819808959961,8.728742250241339e-05,0.0,0.0002144613245036453,0.0006479874718934298,0.04386119171977043,0.007734943181276321,0.0004714406677521765,0.024597201496362686,0.04087328538298607,0.4317684769630432,0.007717818021774292,0.00047087096027098596,0.024504590779542923,0.04083441570401192,0.43176838755607605,0.0
