success_rate,collision_rate,mean_min_distance,near_miss_rate,mean_time,mean_episode_reward,distance_warning_cost_mean,distance_warning_cost_p50,distance_warning_cost_p90,distance_warning_cost_p95,distance_warning_cost_max,risk_sum_mean,risk_sum_p50,risk_sum_p90,risk_sum_p95,risk_sum_max,risk_max_mean,risk_max_p50,risk_max_p90,risk_max_p95,risk_max_max,applied_cost_mean
0.9399999976158142,0.05999999865889549,0.8442068696022034,0.8399999737739563,6.37600040435791,20.21823501586914,0.009117599576711655,0.006738572847098112,0.017565805464982986,0.026427628472447395,0.24959294497966766,0.11928372085094452,0.06057024374604225,0.24609532952308655,0.42432188987731934,0.933358371257782,0.1160581111907959,0.05981624126434326,0.23622837662696838,0.40351319313049316,0.9047636985778809,0.0
