success_rate,collision_rate,mean_min_distance,near_miss_rate,mean_time,mean_episode_reward,distance_warning_cost_mean,distance_warning_cost_p50,distance_warning_cost_p90,distance_warning_cost_p95,distance_warning_cost_max,risk_sum_mean,risk_sum_p50,risk_sum_p90,risk_sum_p95,risk_sum_max,risk_max_mean,risk_max_p50,risk_max_p90,risk_max_p95,risk_max_max,applied_cost_mean
1.0,0.0,1.309144139289856,0.11999999731779099,6.875999927520752,22.469030380249023,0.00010008906974690035,0.0,8.863104449119419e-05,0.0005931913619861007,0.036708764731884,0.029068348929286003,0.0017338385805487633,0.080020010471344,0.15157067775726318,0.7753244638442993,0.02879047952592373,0.0017101136036217213,0.07922274619340897,0.15053926408290863,0.7753244638442993,0.0
