success_rate,collision_rate,mean_min_distance,near_miss_rate,mean_time,mean_episode_reward,distance_warning_cost_mean,distance_warning_cost_p50,distance_warning_cost_p90,distance_warning_cost_p95,distance_warning_cost_max,risk_sum_mean,risk_sum_p50,risk_sum_p90,risk_sum_p95,risk_sum_max,risk_max_mean,risk_max_p50,risk_max_p90,risk_max_p95,risk_max_max,applied_cost_mean
1.0,0.0,1.6548707485198975,0.03999999910593033,7.368000030517578,22.400808334350586,8.16646434032009e-07,0.0,0.0,2.2926565534930887e-08,0.001393860555253923,0.01094129215925932,0.0003789738693740219,0.029644060879945755,0.05736289918422699,0.6638196706771851,0.010911371558904648,0.00037892014370299876,0.029491370543837547,0.05723442882299423,0.6638196706771851,0.0
