success_rate,collision_rate,mean_min_distance,near_miss_rate,mean_time,mean_episode_reward,distance_warning_cost_mean,distance_warning_cost_p50,distance_warning_cost_p90,distance_warning_cost_p95,distance_warning_cost_max,risk_sum_mean,risk_sum_p50,risk_sum_p90,risk_sum_p95,risk_sum_max,risk_max_mean,risk_max_p50,risk_max_p90,risk_max_p95,risk_max_max,applied_cost_mean
1.0,0.0,2.052177667617798,0.0,7.735999584197998,22.353864669799805,0.0,0.0,0.0,0.0,0.0,0.00025647456641308963,9.299568546339287e-07,0.00036432643537409604,0.0013410572428256273,0.07203877717256546,0.00025643190019764006,8.349207405444758e-07,0.00036425719736143947,0.0013409268576651812,0.07203877717256546,0.0
