success_rate,collision_rate,mean_min_distance,near_miss_rate,mean_time,mean_episode_reward,distance_warning_cost_mean,distance_warning_cost_p50,distance_warning_cost_p90,distance_warning_cost_p95,distance_warning_cost_max,risk_sum_mean,risk_sum_p50,risk_sum_p90,risk_sum_p95,risk_sum_max,risk_max_mean,risk_max_p50,risk_max_p90,risk_max_p95,risk_max_max,applied_cost_mean
1.0,0.0,1.7280272245407104,0.10000000149011612,6.947999954223633,22.44278335571289,4.788055957760662e-05,0.0,4.482489657675615e-06,0.0003048329090233892,0.021437106654047966,0.026945846155285835,0.0018574361456558108,0.08139575272798538,0.146051824092865,0.7934503555297852,0.026471590623259544,0.0012580070178955793,0.07981017231941223,0.1421443521976471,0.7589101195335388,0.0
