success_rate,collision_rate,mean_min_distance,near_miss_rate,mean_time,mean_episode_reward,distance_warning_cost_mean,distance_warning_cost_p50,distance_warning_cost_p90,distance_warning_cost_p95,distance_warning_cost_max,risk_sum_mean,risk_sum_p50,risk_sum_p90,risk_sum_p95,risk_sum_max,risk_max_mean,risk_max_p50,risk_max_p90,risk_max_p95,risk_max_max,applied_cost_mean
0.4399999976158142,0.0,2.904252529144287,0.0,30.49199867248535,14.098162651062012,0.0,0.0,0.0,0.0,0.0,6.462089368142188e-05,7.912915722198246e-20,6.740924618497957e-07,1.6752224837546237e-05,0.11021944135427475,6.462009332608432e-05,7.889387603649941e-20,6.740924618497957e-07,1.6752212104620412e-05,0.11021944135427475,0.0
