success_rate,collision_rate,mean_min_distance,near_miss_rate,mean_time,mean_episode_reward,distance_warning_cost_mean,distance_warning_cost_p50,distance_warning_cost_p90,distance_warning_cost_p95,distance_warning_cost_max,risk_sum_mean,risk_sum_p50,risk_sum_p90,risk_sum_p95,risk_sum_max,risk_max_mean,risk_max_p50,risk_max_p90,risk_max_p95,risk_max_max,applied_cost_mean,mean_reaction_eval_style,mean_reaction_nan_style,nan_reaction_rate,no_response_count,total_episodes,reaction_time,mean_risk_rise_time,mean_min_distance_after_turn
1.0,0.0,1.0741806030273438,0.5199999809265137,6.816000461578369,22.351585388183594,0.0003758527454920113,0.0,0.0008645433117635548,0.0026021553203463554,0.06214657053351402,0.06166933849453926,0.005669912789016962,0.1942601352930069,0.3299110531806946,0.7922924757003784,0.05962235853075981,0.005258630961179733,0.18537385761737823,0.3236061930656433,0.7911999225616455,0.0,5.044000148773193,0.6863636374473572,0.12,6.0,50.0,5.044000148773193,37.0,1.5259153842926025
