success_rate,collision_rate,mean_min_distance,near_miss_rate,mean_time,mean_episode_reward,distance_warning_cost_mean,distance_warning_cost_p50,distance_warning_cost_p90,distance_warning_cost_p95,distance_warning_cost_max,risk_sum_mean,risk_sum_p50,risk_sum_p90,risk_sum_p95,risk_sum_max,risk_max_mean,risk_max_p50,risk_max_p90,risk_max_p95,risk_max_max,applied_cost_mean
1.0,0.0,1.4702116250991821,0.05999999865889549,9.064000129699707,22.064176559448242,6.307096919044852e-05,0.0,0.0,0.00011623427417362109,0.06185680255293846,0.006786516401916742,0.00013687046885024756,0.01567312702536583,0.03572973608970642,0.8462445735931396,0.006614397745579481,0.00013609472080133855,0.015167747624218464,0.03400072455406189,0.82126784324646,0.0
