success_rate,collision_rate,mean_min_distance,near_miss_rate,mean_time,mean_episode_reward,distance_warning_cost_mean,distance_warning_cost_p50,distance_warning_cost_p90,distance_warning_cost_p95,distance_warning_cost_max,risk_sum_mean,risk_sum_p50,risk_sum_p90,risk_sum_p95,risk_sum_max,risk_max_mean,risk_max_p50,risk_max_p90,risk_max_p95,risk_max_max,applied_cost_mean,mean_reaction_eval_style,mean_reaction_nan_style,nan_reaction_rate,no_response_count,total_episodes,reaction_time,mean_risk_rise_time,mean_min_distance_after_turn
0.8600000143051147,0.14000000059604645,1.0779436826705933,0.5400000214576721,8.691999435424805,19.45600128173828,0.002031937940046191,0.0,0.0006737884250469506,0.0027975363191217184,0.4578845798969269,0.047103043645620346,5.7414181048320856e-11,0.17869913578033447,0.38389477133750916,0.9373807907104492,0.04702956974506378,5.7414181048320856e-11,0.17869246006011963,0.38389450311660767,0.9373807907104492,0.0,0.20000000298023224,0.20000000298023224,0.0,0.0,50.0,0.20000000298023224,37.0,1.0807746648788452
