success_rate,collision_rate,mean_min_distance,near_miss_rate,mean_time,mean_episode_reward,distance_warning_cost_mean,distance_warning_cost_p50,distance_warning_cost_p90,distance_warning_cost_p95,distance_warning_cost_max,risk_sum_mean,risk_sum_p50,risk_sum_p90,risk_sum_p95,risk_sum_max,risk_max_mean,risk_max_p50,risk_max_p90,risk_max_p95,risk_max_max,applied_cost_mean
1.0,0.0,1.0187755823135376,0.5400000214576721,7.216000556945801,22.18399429321289,0.0006734381895512342,0.0,0.0013202977133914828,0.003465671557933092,0.13321438431739807,0.039524346590042114,0.0038242097944021225,0.08409653604030609,0.18920443952083588,0.8817633390426636,0.038463231176137924,0.0036753425374627113,0.08156217634677887,0.18427765369415283,0.8350510001182556,0.0
