success_rate,collision_rate,mean_min_distance,near_miss_rate,mean_time,mean_episode_reward,distance_warning_cost_mean,distance_warning_cost_p50,distance_warning_cost_p90,distance_warning_cost_p95,distance_warning_cost_max,risk_sum_mean,risk_sum_p50,risk_sum_p90,risk_sum_p95,risk_sum_max,risk_max_mean,risk_max_p50,risk_max_p90,risk_max_p95,risk_max_max,applied_cost_mean
1.0,0.0,1.9602713584899902,0.019999999552965164,7.379999160766602,22.410554885864258,1.0291433909515035e-06,0.0,0.0,0.0,0.00190391531214118,0.014781367033720016,0.0003273297334089875,0.042892828583717346,0.07568299025297165,0.6328966021537781,0.014597762376070023,0.0003190592979080975,0.042213257402181625,0.07442865520715714,0.6328966021537781,0.0
