success_rate,collision_rate,mean_min_distance,near_miss_rate,mean_time,mean_episode_reward,distance_warning_cost_mean,distance_warning_cost_p50,distance_warning_cost_p90,distance_warning_cost_p95,distance_warning_cost_max,risk_sum_mean,risk_sum_p50,risk_sum_p90,risk_sum_p95,risk_sum_max,risk_max_mean,risk_max_p50,risk_max_p90,risk_max_p95,risk_max_max,applied_cost_mean,mean_reaction_eval_style,mean_reaction_nan_style,nan_reaction_rate,no_response_count,total_episodes,reaction_time,mean_risk_rise_time,mean_min_distance_after_turn
0.9599999785423279,0.03999999910593033,0.9886370301246643,0.6000000238418579,7.167999744415283,21.450010299682617,0.0021271458826959133,0.0,0.004952755756676197,0.011720487847924232,0.5613337755203247,0.06341297924518585,0.0017477768706157804,0.24914191663265228,0.3713262975215912,0.9510814547538757,0.06311681866645813,0.0017386258114129305,0.2483290433883667,0.3671973943710327,0.9510814547538757,0.0,0.2200000137090683,0.2200000137090683,0.0,0.0,50.0,0.2200000137090683,37.0,0.9886370301246643
