success_rate,collision_rate,mean_min_distance,near_miss_rate,mean_time,mean_episode_reward,distance_warning_cost_mean,distance_warning_cost_p50,distance_warning_cost_p90,distance_warning_cost_p95,distance_warning_cost_max,risk_sum_mean,risk_sum_p50,risk_sum_p90,risk_sum_p95,risk_sum_max,risk_max_mean,risk_max_p50,risk_max_p90,risk_max_p95,risk_max_max,applied_cost_mean
0.9800000190734863,0.019999999552965164,1.4760959148406982,0.5199999809265137,6.691999912261963,21.92238998413086,0.001111957710236311,0.0,0.0012454867828637362,0.004762072116136551,0.5260753035545349,0.06372340768575668,0.00418458366766572,0.2253302037715912,0.32342007756233215,0.9465441107749939,0.06176142394542694,0.0039047254249453545,0.21634136140346527,0.31535840034484863,0.9465439319610596,0.0
