success_rate,collision_rate,mean_min_distance,near_miss_rate,mean_time,mean_episode_reward,distance_warning_cost_mean,distance_warning_cost_p50,distance_warning_cost_p90,distance_warning_cost_p95,distance_warning_cost_max,risk_sum_mean,risk_sum_p50,risk_sum_p90,risk_sum_p95,risk_sum_max,risk_max_mean,risk_max_p50,risk_max_p90,risk_max_p95,risk_max_max,applied_cost_mean
1.0,0.0,1.044079065322876,0.46000000834465027,7.367999076843262,22.160226821899414,0.0005404626135714352,0.0,0.0012964053312316537,0.002887350507080555,0.06215706095099449,0.03518295660614967,0.0048569501377642155,0.06486329436302185,0.14455273747444153,0.8262524008750916,0.034244604408741,0.004556544590741396,0.061972588300704956,0.1398744434118271,0.8262444734573364,0.0
