success_rate,collision_rate,mean_min_distance,near_miss_rate,mean_time,mean_episode_reward,distance_warning_cost_mean,distance_warning_cost_p50,distance_warning_cost_p90,distance_warning_cost_p95,distance_warning_cost_max,risk_sum_mean,risk_sum_p50,risk_sum_p90,risk_sum_p95,risk_sum_max,risk_max_mean,risk_max_p50,risk_max_p90,risk_max_p95,risk_max_max,applied_cost_mean
1.0,0.0,1.0178073644638062,0.5,7.235999584197998,22.018291473388672,0.0005140526336617768,0.0,0.001304532983340323,0.003157292492687702,0.08658187836408615,0.04102092608809471,0.00801924429833889,0.08313050121068954,0.16610610485076904,0.7906225919723511,0.040200795978307724,0.007906966842710972,0.0815044492483139,0.1637956202030182,0.7857506275177002,0.0
