success_rate,collision_rate,mean_min_distance,near_miss_rate,mean_time,mean_episode_reward,distance_warning_cost_mean,distance_warning_cost_p50,distance_warning_cost_p90,distance_warning_cost_p95,distance_warning_cost_max,risk_sum_mean,risk_sum_p50,risk_sum_p90,risk_sum_p95,risk_sum_max,risk_max_mean,risk_max_p50,risk_max_p90,risk_max_p95,risk_max_max,applied_cost_mean,mean_reaction_eval_style,mean_reaction_nan_style,nan_reaction_rate,no_response_count,total_episodes,reaction_time,mean_risk_rise_time,mean_min_distance_after_turn
1.0,0.0,1.5018975734710693,0.03999999910593033,7.351999282836914,22.3064022064209,3.1656597911933204e-06,0.0,0.0,0.0,0.0056977947242558,0.00935237854719162,0.0002849286829587072,0.020752981305122375,0.04837600141763687,0.4884544909000397,0.009322412312030792,0.00028466491494327784,0.020705554634332657,0.04815762862563133,0.4884544909000397,0.0,0.2640000283718109,0.2640000283718109,0.0,0.0,50.0,0.2640000283718109,37.0,2.014237642288208
