success_rate,collision_rate,mean_min_distance,near_miss_rate,mean_time,mean_episode_reward,distance_warning_cost_mean,distance_warning_cost_p50,distance_warning_cost_p90,distance_warning_cost_p95,distance_warning_cost_max,risk_sum_mean,risk_sum_p50,risk_sum_p90,risk_sum_p95,risk_sum_max,risk_max_mean,risk_max_p50,risk_max_p90,risk_max_p95,risk_max_max,applied_cost_mean,mean_reaction_eval_style,mean_reaction_nan_style,nan_reaction_rate,no_response_count,total_episodes,reaction_time,mean_risk_rise_time,mean_min_distance_after_turn
1.0,0.0,1.2210934162139893,0.14000000059604645,6.9200005531311035,22.332199096679688,3.746339643839747e-05,0.0,3.6362282116897404e-05,0.00019483902724459767,0.0154469795525074,0.039492297917604446,0.002759405877441168,0.11590134352445602,0.20747853815555573,0.7802008986473083,0.038006316870450974,0.002359858714044094,0.10921968519687653,0.2014177292585373,0.7802008986473083,0.0,7.4079999923706055,0.912195086479187,0.18,9.0,50.0,7.4079999923706055,37.0,1.5497441291809082
