success_rate,collision_rate,mean_min_distance,near_miss_rate,mean_time,mean_episode_reward,distance_warning_cost_mean,distance_warning_cost_p50,distance_warning_cost_p90,distance_warning_cost_p95,distance_warning_cost_max,risk_sum_mean,risk_sum_p50,risk_sum_p90,risk_sum_p95,risk_sum_max,risk_max_mean,risk_max_p50,risk_max_p90,risk_max_p95,risk_max_max,applied_cost_mean,mean_reaction_eval_style,mean_reaction_nan_style,nan_reaction_rate,no_response_count,total_episodes,reaction_time,mean_risk_rise_time,mean_min_distance_after_turn
0.7400000095367432,0.25999999046325684,0.9257340431213379,0.6399999856948853,8.043999671936035,17.00283432006836,0.0036661005578935146,0.0,0.00012157308083260432,0.005032708868384361,0.4879896938800812,0.05920960754156113,4.2074397299529664e-08,0.25432440638542175,0.47141239047050476,1.7671778202056885,0.05519408732652664,4.207408466072593e-08,0.2433614581823349,0.4395975172519684,0.941493809223175,0.0,0.2160000056028366,0.2160000056028366,0.0,0.0,50.0,0.2160000056028366,37.0,0.9257340431213379
