success_rate,collision_rate,mean_min_distance,near_miss_rate,mean_time,mean_episode_reward,distance_warning_cost_mean,distance_warning_cost_p50,distance_warning_cost_p90,distance_warning_cost_p95,distance_warning_cost_max,risk_sum_mean,risk_sum_p50,risk_sum_p90,risk_sum_p95,risk_sum_max,risk_max_mean,risk_max_p50,risk_max_p90,risk_max_p95,risk_max_max,applied_cost_mean,mean_reaction_eval_style,mean_reaction_nan_style,nan_reaction_rate,no_response_count,total_episodes,reaction_time,mean_risk_rise_time,mean_min_distance_after_turn
0.8600000143051147,0.14000000059604645,0.8420803546905518,0.7400000095367432,7.360000133514404,19.387144088745117,0.004820927046239376,0.0,0.009613987989723682,0.02511962130665779,0.37502801418304443,0.10069301724433899,0.0005380578804761171,0.44225621223449707,0.5783504843711853,1.7573542594909668,0.09869223833084106,0.0005343655939213932,0.4328429698944092,0.5625338554382324,0.9254076480865479,0.0,0.2120000123977661,0.2120000123977661,0.0,0.0,50.0,0.2120000123977661,37.0,0.8420803546905518
