success_rate,collision_rate,mean_min_distance,near_miss_rate,mean_time,mean_episode_reward,distance_warning_cost_mean,distance_warning_cost_p50,distance_warning_cost_p90,distance_warning_cost_p95,distance_warning_cost_max,risk_sum_mean,risk_sum_p50,risk_sum_p90,risk_sum_p95,risk_sum_max,risk_max_mean,risk_max_p50,risk_max_p90,risk_max_p95,risk_max_max,applied_cost_mean
1.0,0.0,1.6527332067489624,0.03999999910593033,7.320000648498535,22.2992000579834,2.5335199097753502e-05,0.0,0.0,6.697064964100718e-05,0.02039673551917076,0.013764996081590652,0.00017313029093202204,0.03261025622487068,0.072614386677742,0.7778440713882446,0.013727996498346329,0.00017059847596101463,0.03241206333041191,0.07249417155981064,0.7778427600860596,0.0
