success_rate,collision_rate,mean_min_distance,near_miss_rate,mean_time,mean_episode_reward,distance_warning_cost_mean,distance_warning_cost_p50,distance_warning_cost_p90,distance_warning_cost_p95,distance_warning_cost_max,risk_sum_mean,risk_sum_p50,risk_sum_p90,risk_sum_p95,risk_sum_max,risk_max_mean,risk_max_p50,risk_max_p90,risk_max_p95,risk_max_max,applied_cost_mean
1.0,0.0,0.9445053339004517,0.6800000071525574,6.996000289916992,22.172351837158203,0.0012181525817140937,0.0,0.0019532833248376846,0.006414060480892658,0.12451218068599701,0.054741717875003815,0.006503454875200987,0.1315685361623764,0.27503859996795654,0.8785985112190247,0.05305565893650055,0.006193332839757204,0.1254788637161255,0.2668552100658417,0.8785983324050903,0.0
