success_rate,collision_rate,mean_min_distance,near_miss_rate,mean_time,mean_episode_reward,distance_warning_cost_mean,distance_warning_cost_p50,distance_warning_cost_p90,distance_warning_cost_p95,distance_warning_cost_max,risk_sum_mean,risk_sum_p50,risk_sum_p90,risk_sum_p95,risk_sum_max,risk_max_mean,risk_max_p50,risk_max_p90,risk_max_p95,risk_max_max,applied_cost_mean,mean_reaction_eval_style,mean_reaction_nan_style,nan_reaction_rate,no_response_count,total_episodes,reaction_time,mean_risk_rise_time,mean_min_distance_after_turn
1.0,0.0,1.4350242614746094,0.11999999731779099,7.368000030517578,22.324586868286133,5.9035122831119224e-05,0.0,7.450795965269208e-05,0.00031685485737398267,0.03508426994085312,0.01845439523458481,0.0001942525850608945,0.05733923614025116,0.0923888087272644,0.6757645010948181,0.017917072400450706,0.00019249494653195143,0.05482013523578644,0.09097208827733994,0.6757634878158569,0.0,0.25200000405311584,0.25200000405311584,0.0,0.0,50.0,0.25200000405311584,36.263999938964844,1.8451628684997559
