success_rate,collision_rate,mean_min_distance,near_miss_rate,mean_time,mean_episode_reward,distance_warning_cost_mean,distance_warning_cost_p50,distance_warning_cost_p90,distance_warning_cost_p95,distance_warning_cost_max,risk_sum_mean,risk_sum_p50,risk_sum_p90,risk_sum_p95,risk_sum_max,risk_max_mean,risk_max_p50,risk_max_p90,risk_max_p95,risk_max_max,applied_cost_mean,mean_reaction_eval_style,mean_reaction_nan_style,nan_reaction_rate,no_response_count,total_episodes,reaction_time,mean_risk_rise_time,mean_min_distance_after_turn
0.9200000166893005,0.07999999821186066,0.9050184488296509,0.800000011920929,7.431999683380127,20.795827865600586,0.0031433114781975746,0.0,0.00567549467086792,0.01778939925134182,0.4271816313266754,0.09143683314323425,0.0003396662068553269,0.35733792185783386,0.5086387991905212,1.0668232440948486,0.09077505767345428,0.0003322011907584965,0.3552131652832031,0.5072488784790039,0.9330637454986572,0.0,0.34400004148483276,0.34400004148483276,0.0,0.0,50.0,0.34400004148483276,37.0,0.9050184488296509
