success_rate,collision_rate,mean_min_distance,near_miss_rate,mean_time,mean_episode_reward,distance_warning_cost_mean,distance_warning_cost_p50,distance_warning_cost_p90,distance_warning_cost_p95,distance_warning_cost_max,risk_sum_mean,risk_sum_p50,risk_sum_p90,risk_sum_p95,risk_sum_max,risk_max_mean,risk_max_p50,risk_max_p90,risk_max_p95,risk_max_max,applied_cost_mean
0.9800000190734863,0.019999999552965164,0.8973056077957153,0.800000011920929,6.775999546051025,21.609220504760742,0.002773062791675329,0.0,0.005258208606392145,0.011815566569566727,0.22413024306297302,0.07793319970369339,0.02275032550096512,0.1847202479839325,0.363162636756897,0.9121076464653015,0.07535960525274277,0.022087862715125084,0.17563192546367645,0.35007816553115845,0.8999758958816528,0.0
