success_rate,collision_rate,mean_min_distance,near_miss_rate,mean_time,mean_episode_reward,distance_warning_cost_mean,distance_warning_cost_p50,distance_warning_cost_p90,distance_warning_cost_p95,distance_warning_cost_max,risk_sum_mean,risk_sum_p50,risk_sum_p90,risk_sum_p95,risk_sum_max,risk_max_mean,risk_max_p50,risk_max_p90,risk_max_p95,risk_max_max,applied_cost_mean
0.07999999821186066,0.0,1.6562561988830566,0.07999999821186066,38.69599914550781,6.9524054527282715,2.7083286113338545e-05,0.0,0.0,0.0,0.07454836368560791,0.014790723100304604,0.00014008686412125826,0.03240890055894852,0.09061390906572342,1.298653483390808,0.013833845034241676,0.00012160957703599706,0.031052978709340096,0.08627517521381378,0.8578550219535828,0.0
