success_rate,collision_rate,mean_min_distance,near_miss_rate,mean_time,mean_episode_reward,distance_warning_cost_mean,distance_warning_cost_p50,distance_warning_cost_p90,distance_warning_cost_p95,distance_warning_cost_max,risk_sum_mean,risk_sum_p50,risk_sum_p90,risk_sum_p95,risk_sum_max,risk_max_mean,risk_max_p50,risk_max_p90,risk_max_p95,risk_max_max,applied_cost_mean,mean_reaction_eval_style,mean_reaction_nan_style,nan_reaction_rate,no_response_count,total_episodes,reaction_time,mean_risk_rise_time,mean_min_distance_after_turn
1.0,0.0,1.2497962713241577,0.11999999731779099,7.055999755859375,22.500150680541992,3.8821552152512595e-05,0.0,0.0,0.0001364614872727543,0.020319480448961258,0.029879681766033173,0.0014524896396324039,0.0849170908331871,0.15789006650447845,0.7166507840156555,0.029784534126520157,0.0013442933559417725,0.08471130579710007,0.1573866307735443,0.7166507244110107,0.0,5.0279998779296875,0.668181836605072,0.12,6.0,50.0,5.0279998779296875,37.0,1.621592402458191
