success_rate,collision_rate,mean_min_distance,near_miss_rate,mean_time,mean_episode_reward,distance_warning_cost_mean,distance_warning_cost_p50,distance_warning_cost_p90,distance_warning_cost_p95,distance_warning_cost_max,risk_sum_mean,risk_sum_p50,risk_sum_p90,risk_sum_p95,risk_sum_max,risk_max_mean,risk_max_p50,risk_max_p90,risk_max_p95,risk_max_max,applied_cost_mean
0.9599999785423279,0.03999999910593033,0.850176990032196,0.8799999952316284,6.544000148773193,20.8568172454834,0.009000749327242374,0.006245015654712915,0.01837899163365364,0.027262937277555466,0.3739844262599945,0.10891485214233398,0.048236578702926636,0.2409103512763977,0.437427818775177,0.9706845283508301,0.10537032783031464,0.04732668772339821,0.23093974590301514,0.4180394113063812,0.9252498745918274,0.0
