success_rate,collision_rate,mean_min_distance,near_miss_rate,mean_time,mean_episode_reward,distance_warning_cost_mean,distance_warning_cost_p50,distance_warning_cost_p90,distance_warning_cost_p95,distance_warning_cost_max,risk_sum_mean,risk_sum_p50,risk_sum_p90,risk_sum_p95,risk_sum_max,risk_max_mean,risk_max_p50,risk_max_p90,risk_max_p95,risk_max_max,applied_cost_mean
0.3799999952316284,0.019999999552965164,2.949253797531128,0.019999999552965164,31.128000259399414,12.408672332763672,0.00014007858408149332,0.0,0.0,3.3372134566889144e-06,0.3023955523967743,0.0012355886865407228,1.3947108137184801e-14,2.5121642465819605e-05,0.015904657542705536,0.9139138460159302,0.0012354551581665874,1.3946839627740522e-14,2.2942424038774334e-05,0.015904655680060387,0.9139138460159302,0.0
