success_rate,collision_rate,mean_min_distance,near_miss_rate,mean_time,mean_episode_reward,distance_warning_cost_mean,distance_warning_cost_p50,distance_warning_cost_p90,distance_warning_cost_p95,distance_warning_cost_max,risk_sum_mean,risk_sum_p50,risk_sum_p90,risk_sum_p95,risk_sum_max,risk_max_mean,risk_max_p50,risk_max_p90,risk_max_p95,risk_max_max,applied_cost_mean,mean_reaction_eval_style,mean_reaction_nan_style,nan_reaction_rate,no_response_count,total_episodes,reaction_time,mean_risk_rise_time,mean_min_distance_after_turn
1.0,0.0,1.0465904474258423,0.4399999976158142,6.771999359130859,22.336740493774414,0.00030383586999960244,0.0,6.072217729524709e-05,0.0010495175374671817,0.04537316411733627,0.05006127804517746,0.0023911395110189915,0.14170105755329132,0.23929983377456665,0.8418064117431641,0.04955356568098068,0.0022157684434205294,0.1400938779115677,0.23782183229923248,0.8418064117431641,0.0,7.5360002517700195,1.0682927370071411,0.18,9.0,50.0,7.5360002517700195,34.779998779296875,1.4659147262573242
