success_rate,collision_rate,mean_min_distance,near_miss_rate,mean_time,mean_episode_reward,distance_warning_cost_mean,distance_warning_cost_p50,distance_warning_cost_p90,distance_warning_cost_p95,distance_warning_cost_max,risk_sum_mean,risk_sum_p50,risk_sum_p90,risk_sum_p95,risk_sum_max,risk_max_mean,risk_max_p50,risk_max_p90,risk_max_p95,risk_max_max,applied_cost_mean,mean_reaction_eval_style,mean_reaction_nan_style,nan_reaction_rate,no_response_count,total_episodes,reaction_time,mean_risk_rise_time,mean_min_distance_after_turn
1.0,0.0,1.5300174951553345,0.019999999552965164,7.559999942779541,22.47687339782715,4.133527909289114e-06,0.0,0.0,0.0,0.008060378953814507,0.010135176591575146,0.0005272559355944395,0.019254261627793312,0.04454287141561508,0.772424042224884,0.010104835033416748,0.0004940617945976555,0.019122088328003883,0.0443393811583519,0.772424042224884,0.0,0.2919999957084656,0.2919999957084656,0.0,0.0,50.0,0.2919999957084656,37.0,2.084805727005005
