success_rate,collision_rate,mean_min_distance,near_miss_rate,mean_time,mean_episode_reward,distance_warning_cost_mean,distance_warning_cost_p50,distance_warning_cost_p90,distance_warning_cost_p95,distance_warning_cost_max,risk_sum_mean,risk_sum_p50,risk_sum_p90,risk_sum_p95,risk_sum_max,risk_max_mean,risk_max_p50,risk_max_p90,risk_max_p95,risk_max_max,applied_cost_mean
1.0,0.0,2.417649745941162,0.0,8.276000022888184,22.327150344848633,0.0,0.0,0.0,0.0,0.0,0.0009263160754926503,6.19687838820937e-08,0.003142590867355466,0.006118346471339464,0.16175158321857452,0.000925231899600476,6.195178059442696e-08,0.003142272587865591,0.006089687347412109,0.16175158321857452,0.0
