success_rate,collision_rate,mean_min_distance,near_miss_rate,mean_time,mean_episode_reward,distance_warning_cost_mean,distance_warning_cost_p50,distance_warning_cost_p90,distance_warning_cost_p95,distance_warning_cost_max,risk_sum_mean,risk_sum_p50,risk_sum_p90,risk_sum_p95,risk_sum_max,risk_max_mean,risk_max_p50,risk_max_p90,risk_max_p95,risk_max_max,applied_cost_mean
0.2800000011920929,0.03999999910593033,1.7886220216751099,0.05999999865889549,30.799999237060547,8.00454044342041,0.00020041597599629313,0.0,0.0,0.0,0.275496244430542,0.009199139662086964,2.539136403356679e-07,0.028666086494922638,0.058220162987709045,1.688968539237976,0.008103512227535248,2.104154788185042e-07,0.02619769796729088,0.05110931769013405,0.9093506336212158,0.0
