success_rate,collision_rate,mean_min_distance,near_miss_rate,mean_time,mean_episode_reward,distance_warning_cost_mean,distance_warning_cost_p50,distance_warning_cost_p90,distance_warning_cost_p95,distance_warning_cost_max,risk_sum_mean,risk_sum_p50,risk_sum_p90,risk_sum_p95,risk_sum_max,risk_max_mean,risk_max_p50,risk_max_p90,risk_max_p95,risk_max_max,applied_cost_mean
1.0,0.0,0.9518643021583557,0.6600000262260437,6.944000244140625,22.04721450805664,0.0011580255813896656,0.0,0.0022745963651686907,0.006604258436709642,0.11677951365709305,0.059625256806612015,0.012951149605214596,0.10950790345668793,0.27764853835105896,0.9589205384254456,0.057767078280448914,0.012898082844913006,0.10693807899951935,0.2701597511768341,0.8690366744995117,0.0
