success_rate,collision_rate,mean_min_distance,near_miss_rate,mean_time,mean_episode_reward,distance_warning_cost_mean,distance_warning_cost_p50,distance_warning_cost_p90,distance_warning_cost_p95,distance_warning_cost_max,risk_sum_mean,risk_sum_p50,risk_sum_p90,risk_sum_p95,risk_sum_max,risk_max_mean,risk_max_p50,risk_max_p90,risk_max_p95,risk_max_max,applied_cost_mean,mean_reaction_eval_style,mean_reaction_nan_style,nan_reaction_rate,no_response_count,total_episodes,reaction_time,mean_risk_rise_time,mean_min_distance_after_turn
0.9800000190734863,0.019999999552965164,1.9054045677185059,0.019999999552965164,8.239999771118164,21.818037033081055,0.0002437870716676116,0.0,0.0,0.001182693988084793,0.3242672085762024,0.0036781865637749434,3.7524719118664507e-06,0.01314425840973854,0.022057652473449707,0.9174923300743103,0.003655395470559597,3.7488855468836846e-06,0.013044988736510277,0.02192586474120617,0.9174923300743103,0.0,0.20799998939037323,0.20799998939037323,0.0,0.0,50.0,0.20799998939037323,36.395999908447266,2.6676580905914307
