success_rate,collision_rate,mean_min_distance,near_miss_rate,mean_time,mean_episode_reward,distance_warning_cost_mean,distance_warning_cost_p50,distance_warning_cost_p90,distance_warning_cost_p95,distance_warning_cost_max,risk_sum_mean,risk_sum_p50,risk_sum_p90,risk_sum_p95,risk_sum_max,risk_max_mean,risk_max_p50,risk_max_p90,risk_max_p95,risk_max_max,applied_cost_mean
1.0,0.0,0.9746523499488831,0.5799999833106995,7.155999660491943,22.05148696899414,0.0009651790605857968,0.0,0.0021745432168245316,0.004982143174856901,0.1160111278295517,0.050707802176475525,0.010773057118058205,0.08710159361362457,0.24277490377426147,1.0305356979370117,0.04935099184513092,0.010625110939145088,0.08438528329133987,0.23572099208831787,0.8377511501312256,0.0
