success_rate,collision_rate,mean_min_distance,near_miss_rate,mean_time,mean_episode_reward,distance_warning_cost_mean,distance_warning_cost_p50,distance_warning_cost_p90,distance_warning_cost_p95,distance_warning_cost_max,risk_sum_mean,risk_sum_p50,risk_sum_p90,risk_sum_p95,risk_sum_max,risk_max_mean,risk_max_p50,risk_max_p90,risk_max_p95,risk_max_max,applied_cost_mean,mean_reaction_eval_style,mean_reaction_nan_style,nan_reaction_rate,no_response_count,total_episodes,reaction_time,mean_risk_rise_time,mean_min_distance_after_turn
0.9800000190734863,0.019999999552965164,1.0149644613265991,0.5199999809265137,6.9079999923706055,21.910377502441406,0.0015865385066717863,0.0,0.003672851948067546,0.010593904182314873,0.3884745240211487,0.05868937075138092,0.00469499547034502,0.22329169511795044,0.31438249349594116,0.927423894405365,0.05799174681305885,0.004510707687586546,0.22131438553333282,0.31157857179641724,0.927423894405365,0.0,2.9639999866485596,0.7914893627166748,0.06,3.0,50.0,2.9639999866485596,37.0,1.0243866443634033
