success_rate,collision_rate,mean_min_distance,near_miss_rate,mean_time,mean_episode_reward,distance_warning_cost_mean,distance_warning_cost_p50,distance_warning_cost_p90,distance_warning_cost_p95,distance_warning_cost_max,risk_sum_mean,risk_sum_p50,risk_sum_p90,risk_sum_p95,risk_sum_max,risk_max_mean,risk_max_p50,risk_max_p90,risk_max_p95,risk_max_max,applied_cost_mean
1.0,0.0,1.447751522064209,0.019999999552965164,8.555999755859375,21.920085906982422,5.999037512083305e-06,0.0,0.0,5.3862160712014884e-05,0.005241825245320797,0.003561269259080291,6.785221921745688e-05,0.012259973213076591,0.01998165063560009,0.2082505077123642,0.003550786292180419,6.613203004235402e-05,0.012234070338308811,0.01995989866554737,0.2082485407590866,0.0
