success_rate,collision_rate,mean_min_distance,near_miss_rate,mean_time,mean_episode_reward,distance_warning_cost_mean,distance_warning_cost_p50,distance_warning_cost_p90,distance_warning_cost_p95,distance_warning_cost_max,risk_sum_mean,risk_sum_p50,risk_sum_p90,risk_sum_p95,risk_sum_max,risk_max_mean,risk_max_p50,risk_max_p90,risk_max_p95,risk_max_max,applied_cost_mean,mean_reaction_eval_style,mean_reaction_nan_style,nan_reaction_rate,no_response_count,total_episodes,reaction_time,mean_risk_rise_time,mean_min_distance_after_turn
0.9200000166893005,0.07999999821186066,0.8630422353744507,0.8399999737739563,7.187999725341797,20.751916885375977,0.003497731639072299,0.0,0.007195029407739639,0.019686074927449226,0.3248109221458435,0.10825490206480026,0.0035172810312360525,0.45483410358428955,0.5582138299942017,0.9175798892974854,0.10774480551481247,0.0035120900720357895,0.453825980424881,0.5559642314910889,0.9175798892974854,0.0,2.555999994277954,1.1208332777023315,0.04,2.0,50.0,2.555999994277954,37.0,0.8630422353744507
