success_rate,collision_rate,mean_min_distance,near_miss_rate,mean_time,mean_episode_reward,distance_warning_cost_mean,distance_warning_cost_p50,distance_warning_cost_p90,distance_warning_cost_p95,distance_warning_cost_max,risk_sum_mean,risk_sum_p50,risk_sum_p90,risk_sum_p95,risk_sum_max,risk_max_mean,risk_max_p50,risk_max_p90,risk_max_p95,risk_max_max,applied_cost_mean
1.0,0.0,1.7563934326171875,0.20000000298023224,7.0360002517700195,22.420883178710938,0.00013290118658915162,0.0,3.020636722794734e-05,0.0007563454564660788,0.02989538572728634,0.030215244740247726,0.0013998044887557626,0.09761518239974976,0.17886610329151154,0.8373887538909912,0.029895907267928123,0.001390261808410287,0.09701128304004669,0.1756899058818817,0.8373887538909912,0.0
