success_rate,collision_rate,mean_min_distance,near_miss_rate,mean_time,mean_episode_reward,distance_warning_cost_mean,distance_warning_cost_p50,distance_warning_cost_p90,distance_warning_cost_p95,distance_warning_cost_max,risk_sum_mean,risk_sum_p50,risk_sum_p90,risk_sum_p95,risk_sum_max,risk_max_mean,risk_max_p50,risk_max_p90,risk_max_p95,risk_max_max,applied_cost_mean,mean_reaction_eval_style,mean_reaction_nan_style,nan_reaction_rate,no_response_count,total_episodes,reaction_time,mean_risk_rise_time,mean_min_distance_after_turn
1.0,0.0,1.0057638883590698,0.6000000238418579,6.808000087738037,22.355215072631836,0.00038442970253527164,0.0,0.0003244505787733942,0.001795560703612864,0.05714944750070572,0.07305362820625305,0.006588735152035952,0.2480844259262085,0.3772895038127899,0.7889938354492188,0.07027524709701538,0.005942188668996096,0.23796610534191132,0.3668312132358551,0.7723492980003357,0.0,1.375999927520752,0.6489796042442322,0.02,1.0,50.0,1.375999927520752,34.788002014160156,1.448697566986084
