success_rate,collision_rate,mean_min_distance,near_miss_rate,mean_time,mean_episode_reward,distance_warning_cost_mean,distance_warning_cost_p50,distance_warning_cost_p90,distance_warning_cost_p95,distance_warning_cost_max,risk_sum_mean,risk_sum_p50,risk_sum_p90,risk_sum_p95,risk_sum_max,risk_max_mean,risk_max_p50,risk_max_p90,risk_max_p95,risk_max_max,applied_cost_mean,mean_reaction_eval_style,mean_reaction_nan_style,nan_reaction_rate,no_response_count,total_episodes,reaction_time,mean_risk_rise_time,mean_min_distance_after_turn
1.0,0.0,1.4083454608917236,0.07999999821186066,7.267999649047852,22.311281204223633,2.103042106682551e-06,0.0,0.0,0.0,0.0019436891889199615,0.02296152152121067,0.0003021702286787331,0.061831507831811905,0.13219739496707916,0.7322946786880493,0.022412382066249847,0.0002950306225102395,0.05841885879635811,0.12913130223751068,0.7322946786880493,0.0,0.20000000298023224,0.20000000298023224,0.0,0.0,50.0,0.20000000298023224,37.0,2.0042874813079834
