success_rate,collision_rate,mean_min_distance,near_miss_rate,mean_time,mean_episode_reward,distance_warning_cost_mean,distance_warning_cost_p50,distance_warning_cost_p90,distance_warning_cost_p95,distance_warning_cost_max,risk_sum_mean,risk_sum_p50,risk_sum_p90,risk_sum_p95,risk_sum_max,risk_max_mean,risk_max_p50,risk_max_p90,risk_max_p95,risk_max_max,applied_cost_mean,mean_reaction_eval_style,mean_reaction_nan_style,nan_reaction_rate,no_response_count,total_episodes,reaction_time,mean_risk_rise_time,mean_min_distance_after_turn
0.800000011920929,0.20000000298023224,1.0117167234420776,0.5600000023841858,8.744000434875488,18.181949615478516,0.002883853390812874,0.0,0.0,0.0034511524718254805,0.4905290901660919,0.05461227521300316,1.3423115917399198e-11,0.2088586837053299,0.44408297538757324,1.7520842552185059,0.051493048667907715,1.337656027611267e-11,0.20715448260307312,0.42390429973602295,0.9418357014656067,0.0,0.20000000298023224,0.20000000298023224,0.0,0.0,50.0,0.20000000298023224,37.0,1.0117167234420776
