success_rate,collision_rate,mean_min_distance,near_miss_rate,mean_time,mean_episode_reward,distance_warning_cost_mean,distance_warning_cost_p50,distance_warning_cost_p90,distance_warning_cost_p95,distance_warning_cost_max,risk_sum_mean,risk_sum_p50,risk_sum_p90,risk_sum_p95,risk_sum_max,risk_max_mean,risk_max_p50,risk_max_p90,risk_max_p95,risk_max_max,applied_cost_mean
1.0,0.0,1.667667269706726,0.18000000715255737,6.924000263214111,22.45783233642578,0.00021142025070730597,0.0,0.00023381068604066968,0.0013398203300312161,0.05211617052555084,0.033991340547800064,0.001380267320200801,0.11338820308446884,0.1823895424604416,0.8475771546363831,0.03350840136408806,0.0013207478914409876,0.11241493374109268,0.17769920825958252,0.8475771546363831,0.0
