success_rate,collision_rate,mean_min_distance,near_miss_rate,mean_time,mean_episode_reward,distance_warning_cost_mean,distance_warning_cost_p50,distance_warning_cost_p90,distance_warning_cost_p95,distance_warning_cost_max,risk_sum_mean,risk_sum_p50,risk_sum_p90,risk_sum_p95,risk_sum_max,risk_max_mean,risk_max_p50,risk_max_p90,risk_max_p95,risk_max_max,applied_cost_mean
1.0,0.0,1.1038966178894043,0.3199999928474426,7.531999588012695,22.149005889892578,0.0002469817118253559,0.0,0.00040588571573607624,0.001467886846512556,0.0877600610256195,0.027164792641997337,0.0033136692363768816,0.05510766804218292,0.10795284062623978,0.8120651841163635,0.026525283232331276,0.0030512106604874134,0.053482942283153534,0.10642794519662857,0.8120651841163635,0.0
