success_rate,collision_rate,mean_min_distance,near_miss_rate,mean_time,mean_episode_reward,distance_warning_cost_mean,distance_warning_cost_p50,distance_warning_cost_p90,distance_warning_cost_p95,distance_warning_cost_max,risk_sum_mean,risk_sum_p50,risk_sum_p90,risk_sum_p95,risk_sum_max,risk_max_mean,risk_max_p50,risk_max_p90,risk_max_p95,risk_max_max,applied_cost_mean,mean_reaction_eval_style,mean_reaction_nan_style,nan_reaction_rate,no_response_count,total_episodes,reaction_time,mean_risk_rise_time,mean_min_distance_after_turn
0.800000011920929,0.20000000298023224,0.7755295038223267,0.8999999761581421,6.815999984741211,18.261524200439453,0.0056233941577374935,0.0,0.013193415477871895,0.03060748614370823,0.4137420654296875,0.1525803506374359,0.04217744991183281,0.5295476317405701,0.6358374357223511,1.3571546077728271,0.1505497545003891,0.041597262024879456,0.5267729759216309,0.6276989579200745,0.9311317801475525,0.0,0.5680000185966492,0.5680000185966492,0.0,0.0,50.0,0.5680000185966492,37.0,0.7755295038223267
