success_rate,collision_rate,mean_min_distance,near_miss_rate,mean_time,mean_episode_reward,distance_warning_cost_mean,distance_warning_cost_p50,distance_warning_cost_p90,distance_warning_cost_p95,distance_warning_cost_max,risk_sum_mean,risk_sum_p50,risk_sum_p90,risk_sum_p95,risk_sum_max,risk_max_mean,risk_max_p50,risk_max_p90,risk_max_p95,risk_max_max,applied_cost_mean,mean_reaction_eval_style,mean_reaction_nan_style,nan_reaction_rate,no_response_count,total_episodes,reaction_time,mean_risk_rise_time,mean_min_distance_after_turn
0.7799999713897705,0.2199999988079071,1.0266469717025757,0.5199999809265137,8.088000297546387,17.762598037719727,0.002331617521122098,0.0,0.0,0.0036555344704538584,0.46275103092193604,0.04150078445672989,2.5501595501964403e-08,0.09440939873456955,0.3408960700035095,1.6888682842254639,0.04006747156381607,2.5501583067466527e-08,0.09050624072551727,0.33742767572402954,0.9380534291267395,0.0,0.20000000298023224,0.20000000298023224,0.0,0.0,50.0,0.20000000298023224,37.0,1.0266469717025757
