success_rate,collision_rate,mean_min_distance,near_miss_rate,mean_time,mean_episode_reward,distance_warning_cost_mean,distance_warning_cost_p50,distance_warning_cost_p90,distance_warning_cost_p95,distance_warning_cost_max,risk_sum_mean,risk_sum_p50,risk_sum_p90,risk_sum_p95,risk_sum_max,risk_max_mean,risk_max_p50,risk_max_p90,risk_max_p95,risk_max_max,applied_cost_mean,mean_reaction_eval_style,mean_reaction_nan_style,nan_reaction_rate,no_response_count,total_episodes,reaction_time,mean_risk_rise_time,mean_min_distance_after_turn
0.8999999761581421,0.10000000149011612,0.8837865591049194,0.7400000095367432,7.427999973297119,20.365270614624023,0.0035235171671956778,0.0,0.004664923995733261,0.01943788304924965,0.4489733576774597,0.09312588721513748,0.0003997619787696749,0.40176987648010254,0.5156775712966919,0.9361411333084106,0.09276782721281052,0.0003997372405137867,0.40039318799972534,0.5150881409645081,0.9361411333084106,0.0,0.47999998927116394,0.47999998927116394,0.0,0.0,50.0,0.47999998927116394,37.0,0.8837865591049194
