success_rate,collision_rate,mean_min_distance,near_miss_rate,mean_time,mean_episode_reward,distance_warning_cost_mean,distance_warning_cost_p50,distance_warning_cost_p90,distance_warning_cost_p95,distance_warning_cost_max,risk_sum_mean,risk_sum_p50,risk_sum_p90,risk_sum_p95,risk_sum_max,risk_max_mean,risk_max_p50,risk_max_p90,risk_max_p95,risk_max_max,applied_cost_mean
1.0,0.0,0.9299007654190063,0.699999988079071,6.9639997482299805,22.155611038208008,0.001425409922376275,0.0,0.002535237930715084,0.00767098180949688,0.17878802120685577,0.05815543234348297,0.0064501394517719746,0.13620634377002716,0.29809725284576416,0.9042925834655762,0.05617070198059082,0.006151143461465836,0.13132815062999725,0.2878173589706421,0.8688082695007324,0.0
