success_rate,collision_rate,mean_min_distance,near_miss_rate,mean_time,mean_episode_reward,distance_warning_cost_mean,distance_warning_cost_p50,distance_warning_cost_p90,distance_warning_cost_p95,distance_warning_cost_max,risk_sum_mean,risk_sum_p50,risk_sum_p90,risk_sum_p95,risk_sum_max,risk_max_mean,risk_max_p50,risk_max_p90,risk_max_p95,risk_max_max,applied_cost_mean
1.0,0.0,2.0794923305511475,0.0,8.004000663757324,22.214296340942383,0.0,0.0,0.0,0.0,0.0,0.0014934082282707095,6.927848517079838e-08,0.0038081149104982615,0.011097818613052368,0.5705651044845581,0.0014927748125046492,6.927343321194712e-08,0.0038071093149483204,0.011082937940955162,0.5705651044845581,0.0
