success_rate,collision_rate,mean_min_distance,near_miss_rate,mean_time,mean_episode_reward,distance_warning_cost_mean,distance_warning_cost_p50,distance_warning_cost_p90,distance_warning_cost_p95,distance_warning_cost_max,risk_sum_mean,risk_sum_p50,risk_sum_p90,risk_sum_p95,risk_sum_max,risk_max_mean,risk_max_p50,risk_max_p90,risk_max_p95,risk_max_max,applied_cost_mean
1.0,0.0,1.4556465148925781,0.23999999463558197,6.995999813079834,22.308372497558594,4.391196125652641e-05,0.0,0.0,8.964388689491898e-05,0.013779510743916035,0.029171885922551155,0.00022867164807394147,0.0782863199710846,0.17352020740509033,0.7631534934043884,0.028965769335627556,0.00022865942446514964,0.07725471258163452,0.1723480075597763,0.7631427049636841,0.0
