success_rate,collision_rate,mean_min_distance,near_miss_rate,mean_time,mean_episode_reward,distance_warning_cost_mean,distance_warning_cost_p50,distance_warning_cost_p90,distance_warning_cost_p95,distance_warning_cost_max,risk_sum_mean,risk_sum_p50,risk_sum_p90,risk_sum_p95,risk_sum_max,risk_max_mean,risk_max_p50,risk_max_p90,risk_max_p95,risk_max_max,applied_cost_mean,mean_reaction_eval_style,mean_reaction_nan_style,nan_reaction_rate,no_response_count,total_episodes,reaction_time,mean_risk_rise_time,mean_min_distance_after_turn
0.8999999761581421,0.10000000149011612,0.8976710438728333,0.6600000262260437,7.260000228881836,20.2436466217041,0.0037517917808145285,0.0,0.00781888235360384,0.02018403820693493,0.40585726499557495,0.08935914933681488,0.0001374860730720684,0.3887008726596832,0.4648989140987396,1.0419869422912598,0.08929246664047241,0.00013629165187012404,0.38870030641555786,0.46489888429641724,0.9299856424331665,0.0,0.5000000596046448,0.5000000596046448,0.0,0.0,50.0,0.5000000596046448,37.0,0.8976710438728333
