success_rate,collision_rate,mean_min_distance,near_miss_rate,mean_time,mean_episode_reward,distance_warning_cost_mean,distance_warning_cost_p50,distance_warning_cost_p90,distance_warning_cost_p95,distance_warning_cost_max,risk_sum_mean,risk_sum_p50,risk_sum_p90,risk_sum_p95,risk_sum_max,risk_max_mean,risk_max_p50,risk_max_p90,risk_max_p95,risk_max_max,applied_cost_mean
1.0,0.0,0.9409016966819763,0.6200000047683716,6.915999889373779,22.165912628173828,0.0012031368678435683,0.0,0.0022817938588559628,0.0066105639562010765,0.15480315685272217,0.0575319342315197,0.007216362282633781,0.13378295302391052,0.2920568585395813,0.871835470199585,0.05567104369401932,0.00675853481516242,0.12785989046096802,0.28400343656539917,0.8610149025917053,0.0
