success_rate,collision_rate,mean_min_distance,near_miss_rate,mean_time,mean_episode_reward,distance_warning_cost_mean,distance_warning_cost_p50,distance_warning_cost_p90,distance_warning_cost_p95,distance_warning_cost_max,risk_sum_mean,risk_sum_p50,risk_sum_p90,risk_sum_p95,risk_sum_max,risk_max_mean,risk_max_p50,risk_max_p90,risk_max_p95,risk_max_max,applied_cost_mean,mean_reaction_eval_style,mean_reaction_nan_style,nan_reaction_rate,no_response_count,total_episodes,reaction_time,mean_risk_rise_time,mean_min_distance_after_turn
0.9200000166893005,0.03999999910593033,1.4350513219833374,0.23999999463558197,15.276000022888184,20.544797897338867,0.0008595858234912157,0.0,0.001079427427612245,0.003154085949063301,0.42842793464660645,0.02450408972799778,2.5583524793819975e-15,0.0919036865234375,0.19195039570331573,1.7293918132781982,0.02334560453891754,2.5582283890552247e-15,0.09183577448129654,0.18027471005916595,0.933241605758667,0.0,0.20000000298023224,0.20000000298023224,0.0,0.0,50.0,0.20000000298023224,37.0,1.4364640712738037
