success_rate,collision_rate,mean_min_distance,near_miss_rate,mean_time,mean_episode_reward,distance_warning_cost_mean,distance_warning_cost_p50,distance_warning_cost_p90,distance_warning_cost_p95,distance_warning_cost_max,risk_sum_mean,risk_sum_p50,risk_sum_p90,risk_sum_p95,risk_sum_max,risk_max_mean,risk_max_p50,risk_max_p90,risk_max_p95,risk_max_max,applied_cost_mean,mean_reaction_eval_style,mean_reaction_nan_style,nan_reaction_rate,no_response_count,total_episodes,reaction_time,mean_risk_rise_time,mean_min_distance_after_turn
1.0,0.0,1.1823716163635254,0.2800000011920929,6.97599983215332,22.499343872070312,0.0001400822220603004,0.0,7.099275080690859e-06,0.0005334754823707044,0.048437390476465225,0.03465999662876129,0.002487184014171362,0.09516510367393494,0.17087429761886597,0.7696892619132996,0.03436770290136337,0.0023009961005300283,0.09489519894123077,0.17022094130516052,0.7696892619132996,0.0,8.507999420166016,0.47179487347602844,0.22,11.0,50.0,8.507999420166016,35.52000045776367,1.5687816143035889
