success_rate,collision_rate,mean_min_distance,near_miss_rate,mean_time,mean_episode_reward,distance_warning_cost_mean,distance_warning_cost_p50,distance_warning_cost_p90,distance_warning_cost_p95,distance_warning_cost_max,risk_sum_mean,risk_sum_p50,risk_sum_p90,risk_sum_p95,risk_sum_max,risk_max_mean,risk_max_p50,risk_max_p90,risk_max_p95,risk_max_max,applied_cost_mean,mean_reaction_eval_style,mean_reaction_nan_style,nan_reaction_rate,no_response_count,total_episodes,reaction_time,mean_risk_rise_time,mean_min_distance_after_turn
0.9200000166893005,0.07999999821186066,0.9189765453338623,0.6200000047683716,7.5960001945495605,20.56182861328125,0.0029399157501757145,0.0,0.005722480826079845,0.0178223829716444,0.2792912423610687,0.08574224263429642,6.867651791253593e-06,0.3323274850845337,0.47980010509490967,1.717050313949585,0.08359543979167938,6.86704515828751e-06,0.3310736119747162,0.46233123540878296,0.9100061058998108,0.0,0.9800000786781311,0.2448979616165161,0.02,1.0,50.0,0.9800000786781311,37.0,0.9266447424888611
