success_rate,collision_rate,mean_min_distance,near_miss_rate,mean_time,mean_episode_reward,distance_warning_cost_mean,distance_warning_cost_p50,distance_warning_cost_p90,distance_warning_cost_p95,distance_warning_cost_max,risk_sum_mean,risk_sum_p50,risk_sum_p90,risk_sum_p95,risk_sum_max,risk_max_mean,risk_max_p50,risk_max_p90,risk_max_p95,risk_max_max,applied_cost_mean,mean_reaction_eval_style,mean_reaction_nan_style,nan_reaction_rate,no_response_count,total_episodes,reaction_time,mean_risk_rise_time,mean_min_distance_after_turn
1.0,0.0,1.040467381477356,0.41999998688697815,6.779999256134033,22.359535217285156,0.00019315737881697714,0.0,0.0,0.0004064022796228528,0.0612354539334774,0.04771503061056137,0.002982949372380972,0.13555647432804108,0.24621672928333282,0.8241958618164062,0.04666607826948166,0.002639740938320756,0.12914606928825378,0.2428063005208969,0.8241955637931824,0.0,11.423998832702637,0.46285709738731384,0.3,15.0,50.0,11.423998832702637,34.784000396728516,1.5330408811569214
