success_rate,collision_rate,mean_min_distance,near_miss_rate,mean_time,mean_episode_reward,distance_warning_cost_mean,distance_warning_cost_p50,distance_warning_cost_p90,distance_warning_cost_p95,distance_warning_cost_max,risk_sum_mean,risk_sum_p50,risk_sum_p90,risk_sum_p95,risk_sum_max,risk_max_mean,risk_max_p50,risk_max_p90,risk_max_p95,risk_max_max,applied_cost_mean
1.0,0.0,1.4006433486938477,0.05999999865889549,7.924000263214111,22.080894470214844,7.135467512853211e-06,0.0,0.0,0.0,0.010823359712958336,0.004889508243650198,0.0005578580312430859,0.013482128269970417,0.021853744983673096,0.4216415286064148,0.00481334188953042,0.0005510168266482651,0.013168849982321262,0.021418137475848198,0.4216415286064148,0.0
