success_rate,collision_rate,mean_min_distance,near_miss_rate,mean_time,mean_episode_reward,distance_warning_cost_mean,distance_warning_cost_p50,distance_warning_cost_p90,distance_warning_cost_p95,distance_warning_cost_max,risk_sum_mean,risk_sum_p50,risk_sum_p90,risk_sum_p95,risk_sum_max,risk_max_mean,risk_max_p50,risk_max_p90,risk_max_p95,risk_max_max,applied_cost_mean
1.0,0.0,1.8439750671386719,0.07999999821186066,7.2360005378723145,22.405254364013672,5.770152711193077e-06,0.0,0.0,2.9200618811842105e-08,0.007361392956227064,0.018639827147126198,0.00040290827746503055,0.05122901499271393,0.09622253477573395,0.7275310754776001,0.018383534625172615,0.00039377700886689126,0.050248317420482635,0.09386491775512695,0.7275310754776001,0.0
