success_rate,collision_rate,mean_min_distance,near_miss_rate,mean_time,mean_episode_reward,distance_warning_cost_mean,distance_warning_cost_p50,distance_warning_cost_p90,distance_warning_cost_p95,distance_warning_cost_max,risk_sum_mean,risk_sum_p50,risk_sum_p90,risk_sum_p95,risk_sum_max,risk_max_mean,risk_max_p50,risk_max_p90,risk_max_p95,risk_max_max,applied_cost_mean
1.0,0.0,2.05452823638916,0.0,7.892000675201416,22.21795082092285,0.0,0.0,0.0,0.0,0.0,0.0008042273693718016,1.6847161532496102e-07,0.002247803844511509,0.005402076989412308,0.1557193547487259,0.0008020809036679566,1.6828218463160738e-07,0.0022473151329904795,0.005394446663558483,0.1557193547487259,0.0
