success_rate,collision_rate,mean_min_distance,near_miss_rate,mean_time,mean_episode_reward,distance_warning_cost_mean,distance_warning_cost_p50,distance_warning_cost_p90,distance_warning_cost_p95,distance_warning_cost_max,risk_sum_mean,risk_sum_p50,risk_sum_p90,risk_sum_p95,risk_sum_max,risk_max_mean,risk_max_p50,risk_max_p90,risk_max_p95,risk_max_max,applied_cost_mean
1.0,0.0,1.3811389207839966,0.10000000149011612,7.131999969482422,22.4054012298584,0.0001452491560485214,0.0,0.0001728203205857426,0.0010916920145973563,0.05148717388510704,0.02055862359702587,0.002391560934484005,0.054625172168016434,0.10292751342058182,0.8219873309135437,0.020388750359416008,0.002387275220826268,0.0541505329310894,0.1025628000497818,0.8219873309135437,0.0
