success_rate,collision_rate,mean_min_distance,near_miss_rate,mean_time,mean_episode_reward,distance_warning_cost_mean,distance_warning_cost_p50,distance_warning_cost_p90,distance_warning_cost_p95,distance_warning_cost_max,risk_sum_mean,risk_sum_p50,risk_sum_p90,risk_sum_p95,risk_sum_max,risk_max_mean,risk_max_p50,risk_max_p90,risk_max_p95,risk_max_max,applied_cost_mean
0.9399999976158142,0.05999999865889549,0.7767413258552551,0.9399999976158142,6.332000255584717,20.268489837646484,0.012856489047408104,0.00848759151995182,0.023217013105750084,0.04095041751861572,0.2743805944919586,0.15057221055030823,0.05965203419327736,0.40221312642097473,0.5894960165023804,1.0460385084152222,0.1430538296699524,0.057588718831539154,0.38109835982322693,0.5589690804481506,0.9055405259132385,0.0
