success_rate,collision_rate,mean_min_distance,near_miss_rate,mean_time,mean_episode_reward,distance_warning_cost_mean,distance_warning_cost_p50,distance_warning_cost_p90,distance_warning_cost_p95,distance_warning_cost_max,risk_sum_mean,risk_sum_p50,risk_sum_p90,risk_sum_p95,risk_sum_max,risk_max_mean,risk_max_p50,risk_max_p90,risk_max_p95,risk_max_max,applied_cost_mean
0.8999999761581421,0.10000000149011612,0.8409916758537292,0.8399999737739563,6.1519999504089355,18.962230682373047,0.014855509623885155,0.010037411004304886,0.02979040890932083,0.03705265372991562,0.3794930875301361,0.1443263590335846,0.09242086112499237,0.22472885251045227,0.4215261936187744,1.0032286643981934,0.1409093141555786,0.09113427996635437,0.21662789583206177,0.4018328785896301,0.9260806441307068,0.0
