success_rate,collision_rate,mean_min_distance,near_miss_rate,mean_time,mean_episode_reward,distance_warning_cost_mean,distance_warning_cost_p50,distance_warning_cost_p90,distance_warning_cost_p95,distance_warning_cost_max,risk_sum_mean,risk_sum_p50,risk_sum_p90,risk_sum_p95,risk_sum_max,risk_max_mean,risk_max_p50,risk_max_p90,risk_max_p95,risk_max_max,applied_cost_mean,mean_reaction_eval_style,mean_reaction_nan_style,nan_reaction_rate,no_response_count,total_episodes,reaction_time,mean_risk_rise_time,mean_min_distance_after_turn
0.800000011920929,0.20000000298023224,0.8504409193992615,0.7599999904632568,7.107999801635742,18.270797729492188,0.004597000777721405,0.0,0.007041372824460268,0.02462650276720524,0.46161356568336487,0.10363826900720596,0.007499151863157749,0.41676512360572815,0.5347442030906677,0.9378964900970459,0.10298653692007065,0.0074207172729074955,0.41465023159980774,0.5325997471809387,0.9378964900970459,0.0,0.4399999976158142,0.4399999976158142,0.0,0.0,50.0,0.4399999976158142,37.0,0.8504409193992615
