success_rate,collision_rate,mean_min_distance,near_miss_rate,mean_time,mean_episode_reward,distance_warning_cost_mean,distance_warning_cost_p50,distance_warning_cost_p90,distance_warning_cost_p95,distance_warning_cost_max,risk_sum_mean,risk_sum_p50,risk_sum_p90,risk_sum_p95,risk_sum_max,risk_max_mean,risk_max_p50,risk_max_p90,risk_max_p95,risk_max_max,applied_cost_mean
1.0,0.0,0.825120747089386,0.9200000166893005,6.767999649047852,22.074302673339844,0.003528076456859708,0.0,0.010722204111516476,0.020771808922290802,0.18072214722633362,0.09478803724050522,0.023254889994859695,0.2266150712966919,0.4921106994152069,1.3371134996414185,0.08884338289499283,0.021869666874408722,0.21928595006465912,0.4661591053009033,0.891326367855072,0.0
