success_rate,collision_rate,mean_min_distance,near_miss_rate,mean_time,mean_episode_reward,distance_warning_cost_mean,distance_warning_cost_p50,distance_warning_cost_p90,distance_warning_cost_p95,distance_warning_cost_max,risk_sum_mean,risk_sum_p50,risk_sum_p90,risk_sum_p95,risk_sum_max,risk_max_mean,risk_max_p50,risk_max_p90,risk_max_p95,risk_max_max,applied_cost_mean,mean_reaction_eval_style,mean_reaction_nan_style,nan_reaction_rate,no_response_count,total_episodes,reaction_time,mean_risk_rise_time,mean_min_distance_after_turn
0.8799999952316284,0.11999999731779099,0.8357992768287659,0.800000011920929,6.91200065612793,19.857830047607422,0.004805640783160925,0.0,0.013940583914518356,0.03023015707731247,0.4726599454879761,0.11862050741910934,0.016638020053505898,0.45963019132614136,0.5362891554832458,0.9394135475158691,0.11836275458335876,0.016511481255292892,0.4595349431037903,0.5362651944160461,0.9394135475158691,0.0,0.6399999856948853,0.6399999856948853,0.0,0.0,50.0,0.6399999856948853,37.0,0.848713755607605
