success_rate,collision_rate,mean_min_distance,near_miss_rate,mean_time,mean_episode_reward,distance_warning_cost_mean,distance_warning_cost_p50,distance_warning_cost_p90,distance_warning_cost_p95,distance_warning_cost_max,risk_sum_mean,risk_sum_p50,risk_sum_p90,risk_sum_p95,risk_sum_max,risk_max_mean,risk_max_p50,risk_max_p90,risk_max_p95,risk_max_max,applied_cost_mean
1.0,0.0,2.1519343852996826,0.0,8.25999927520752,22.324174880981445,0.0009144198847934604,0.0,0.0016657371306791902,0.005821505095809698,0.24457792937755585,0.0001726467307889834,5.683522985577838e-09,0.0003098180459346622,0.0011385278776288033,0.05160525441169739,0.0001724574831314385,5.680927728235474e-09,0.00030905200401321054,0.0011378988856449723,0.05160525441169739,0.0
