success_rate,collision_rate,mean_min_distance,near_miss_rate,mean_time,mean_episode_reward,distance_warning_cost_mean,distance_warning_cost_p50,distance_warning_cost_p90,distance_warning_cost_p95,distance_warning_cost_max,risk_sum_mean,risk_sum_p50,risk_sum_p90,risk_sum_p95,risk_sum_max,risk_max_mean,risk_max_p50,risk_max_p90,risk_max_p95,risk_max_max,applied_cost_mean
1.0,0.0,1.692935824394226,0.0,9.503998756408691,21.8598690032959,0.014349199831485748,1.59260871441802e-05,0.04926237091422081,0.10332927107810974,0.6452168226242065,0.004030645824968815,0.0005228162626735866,0.013158580288290977,0.020547665655612946,0.40206876397132874,0.004024576395750046,0.0005204193876124918,0.013156643137335777,0.020546896383166313,0.4020656645298004,0.0
