success_rate,collision_rate,mean_min_distance,near_miss_rate,mean_time,mean_episode_reward,distance_warning_cost_mean,distance_warning_cost_p50,distance_warning_cost_p90,distance_warning_cost_p95,distance_warning_cost_max,risk_sum_mean,risk_sum_p50,risk_sum_p90,risk_sum_p95,risk_sum_max,risk_max_mean,risk_max_p50,risk_max_p90,risk_max_p95,risk_max_max,applied_cost_mean
1.0,0.0,1.8883804082870483,0.019999999552965164,9.920001029968262,21.854198455810547,0.010157417505979538,0.0,0.029777193441987038,0.07072436064481735,1.0829224586486816,0.0014326912350952625,1.8922684830613434e-05,0.0031348008196800947,0.008283239789307117,0.2754632532596588,0.0014322869246825576,1.852782952482812e-05,0.0031345500610768795,0.008282930590212345,0.2754632532596588,0.0
