success_rate,collision_rate,mean_min_distance,near_miss_rate,mean_time,mean_episode_reward,distance_warning_cost_mean,distance_warning_cost_p50,distance_warning_cost_p90,distance_warning_cost_p95,distance_warning_cost_max,risk_sum_mean,risk_sum_p50,risk_sum_p90,risk_sum_p95,risk_sum_max,risk_max_mean,risk_max_p50,risk_max_p90,risk_max_p95,risk_max_max,applied_cost_mean,mean_reaction_eval_style,mean_reaction_nan_style,nan_reaction_rate,no_response_count,total_episodes,reaction_time,mean_risk_rise_time,mean_min_distance_after_turn
1.0,0.0,2.0372202396392822,0.0,8.276000022888184,22.241151809692383,0.0011893882183358073,0.0,0.002153965411707759,0.00640483433380723,0.23189164698123932,0.0002271138655487448,1.467936385779467e-07,0.00037938813329674304,0.0013558493228629231,0.0444755032658577,0.00022704679577145725,1.4675487136628362e-07,0.0003793523064814508,0.0013558082282543182,0.0444755032658577,0.0,0.2719999849796295,0.2719999849796295,0.0,0.0,50.0,0.2719999849796295,37.0,2.765317678451538
