success_rate,collision_rate,mean_min_distance,near_miss_rate,mean_time,mean_episode_reward,distance_warning_cost_mean,distance_warning_cost_p50,distance_warning_cost_p90,distance_warning_cost_p95,distance_warning_cost_max,risk_sum_mean,risk_sum_p50,risk_sum_p90,risk_sum_p95,risk_sum_max,risk_max_mean,risk_max_p50,risk_max_p90,risk_max_p95,risk_max_max,applied_cost_mean,mean_reaction_eval_style,mean_reaction_nan_style,nan_reaction_rate,no_response_count,total_episodes,reaction_time,mean_risk_rise_time,mean_min_distance_after_turn
0.8600000143051147,0.14000000059604645,1.1134017705917358,0.4399999976158142,8.604000091552734,19.35270118713379,0.07966046035289764,0.0,0.24763232469558716,0.6085612773895264,2.7328033447265625,0.045929789543151855,2.2295735136595995e-12,0.1936243772506714,0.37837380170822144,1.7654709815979004,0.043473806232213974,2.2295735136595995e-12,0.1909841001033783,0.3561991751194,0.932975709438324,0.0,0.20000000298023224,0.20000000298023224,0.0,0.0,50.0,0.20000000298023224,37.0,1.115684986114502
