success_rate,collision_rate,mean_min_distance,near_miss_rate,mean_time,mean_episode_reward,distance_warning_cost_mean,distance_warning_cost_p50,distance_warning_cost_p90,distance_warning_cost_p95,distance_warning_cost_max,risk_sum_mean,risk_sum_p50,risk_sum_p90,risk_sum_p95,risk_sum_max,risk_max_mean,risk_max_p50,risk_max_p90,risk_max_p95,risk_max_max,applied_cost_mean,mean_reaction_eval_style,mean_reaction_nan_style,nan_reaction_rate,no_response_count,total_episodes,reaction_time,mean_risk_rise_time,mean_min_distance_after_turn
0.8600000143051147,0.14000000059604645,1.2156662940979004,0.36000001430511475,9.383999824523926,19.140342712402344,0.08900319784879684,0.0,0.29655739665031433,0.550258457660675,2.4037275314331055,0.030442196875810623,3.5332519132680318e-09,0.09390261024236679,0.24196740984916687,0.9140035510063171,0.030364535748958588,3.495491007754481e-09,0.09388647228479385,0.2417886108160019,0.9140035510063171,0.0,0.20000000298023224,0.20000000298023224,0.0,0.0,50.0,0.20000000298023224,37.0,1.2156662940979004
