success_rate,collision_rate,mean_min_distance,near_miss_rate,mean_time,mean_episode_reward,distance_warning_cost_mean,distance_warning_cost_p50,distance_warning_cost_p90,distance_warning_cost_p95,distance_warning_cost_max,risk_sum_mean,risk_sum_p50,risk_sum_p90,risk_sum_p95,risk_sum_max,risk_max_mean,risk_max_p50,risk_max_p90,risk_max_p95,risk_max_max,applied_cost_mean
0.10000000149011612,0.019999999552965164,2.6053764820098877,0.05999999865889549,37.96799850463867,-0.05434881150722504,0.0029291778337210417,0.0,0.0,0.006881254259496927,2.405677080154419,0.0020439806394279003,7.606486097659257e-16,0.0028455473948270082,0.010516337119042873,0.9141198396682739,0.0020365638192743063,7.605109139724377e-16,0.0027802924159914255,0.010410075075924397,0.9141184687614441,0.0
