success_rate,collision_rate,mean_min_distance,near_miss_rate,mean_time,mean_episode_reward,distance_warning_cost_mean,distance_warning_cost_p50,distance_warning_cost_p90,distance_warning_cost_p95,distance_warning_cost_max,risk_sum_mean,risk_sum_p50,risk_sum_p90,risk_sum_p95,risk_sum_max,risk_max_mean,risk_max_p50,risk_max_p90,risk_max_p95,risk_max_max,applied_cost_mean
1.0,0.0,2.4815425872802734,0.0,8.976000785827637,22.266721725463867,0.00033851462649181485,0.0,1.2714951481029857e-05,0.0020208873320370913,0.234348863363266,4.367170549812727e-05,1.0553900864351817e-07,3.149547046632506e-05,0.00010749837383627892,0.03941516950726509,4.3611427827272564e-05,1.0553755913633722e-07,3.121313056908548e-05,0.00010708506306400523,0.03941516950726509,0.0
