success_rate,collision_rate,mean_min_distance,near_miss_rate,mean_time,mean_episode_reward,distance_warning_cost_mean,distance_warning_cost_p50,distance_warning_cost_p90,distance_warning_cost_p95,distance_warning_cost_max,risk_sum_mean,risk_sum_p50,risk_sum_p90,risk_sum_p95,risk_sum_max,risk_max_mean,risk_max_p50,risk_max_p90,risk_max_p95,risk_max_max,applied_cost_mean
1.0,0.0,2.161097526550293,0.0,8.7160005569458,22.288755416870117,0.0005652999971061945,0.0,5.5035878176568076e-05,0.0026573336217552423,0.22719521820545197,0.00014389985881280154,2.568232275734772e-06,0.00024790698080323637,0.000587660470046103,0.036230988800525665,0.00014374367310665548,2.5682238629087806e-06,0.0002468732127454132,0.0005867785657756031,0.036230988800525665,0.0
