success_rate,collision_rate,mean_min_distance,near_miss_rate,mean_time,mean_episode_reward,distance_warning_cost_mean,distance_warning_cost_p50,distance_warning_cost_p90,distance_warning_cost_p95,distance_warning_cost_max,risk_sum_mean,risk_sum_p50,risk_sum_p90,risk_sum_p95,risk_sum_max,risk_max_mean,risk_max_p50,risk_max_p90,risk_max_p95,risk_max_max,applied_cost_mean,mean_reaction_eval_style,mean_reaction_nan_style,nan_reaction_rate,no_response_count,total_episodes,reaction_time,mean_risk_rise_time,mean_min_distance_after_turn
1.0,0.0,2.317138910293579,0.0,9.076000213623047,22.190488815307617,0.0015247976407408714,0.0,0.001680243294686079,0.012194592505693436,0.35455650091171265,0.0004907121765427291,2.642473739822293e-10,0.001631227321922779,0.002942314837127924,0.09728695452213287,0.0004907118272967637,2.630256845659318e-10,0.0016312244115397334,0.002942314837127924,0.09728695452213287,0.0,0.20000000298023224,0.20000000298023224,0.0,0.0,50.0,0.20000000298023224,37.0,3.3585727214813232
