success_rate,collision_rate,mean_min_distance,near_miss_rate,mean_time,mean_episode_reward,distance_warning_cost_mean,distance_warning_cost_p50,distance_warning_cost_p90,distance_warning_cost_p95,distance_warning_cost_max,risk_sum_mean,risk_sum_p50,risk_sum_p90,risk_sum_p95,risk_sum_max,risk_max_mean,risk_max_p50,risk_max_p90,risk_max_p95,risk_max_max,applied_cost_mean,mean_reaction_eval_style,mean_reaction_nan_style,nan_reaction_rate,no_response_count,total_episodes,reaction_time,mean_risk_rise_time,mean_min_distance_after_turn
0.14000000059604645,0.0,2.381869316101074,0.0,36.80799865722656,5.584134578704834,0.0015693895984441042,0.0,0.0,0.0028249656315892935,0.7835516333580017,0.0016354233957827091,1.2239500091673736e-15,0.0001680176646914333,0.00641282182186842,0.6370652318000793,0.0016057444736361504,1.2192955631222112e-15,0.0001657333195907995,0.006302447523921728,0.6370652318000793,0.0,0.20000000298023224,0.20000000298023224,0.0,0.0,50.0,0.20000000298023224,37.0,3.0398995876312256
