success_rate,collision_rate,mean_min_distance,near_miss_rate,mean_time,mean_episode_reward,distance_warning_cost_mean,distance_warning_cost_p50,distance_warning_cost_p90,distance_warning_cost_p95,distance_warning_cost_max,risk_sum_mean,risk_sum_p50,risk_sum_p90,risk_sum_p95,risk_sum_max,risk_max_mean,risk_max_p50,risk_max_p90,risk_max_p95,risk_max_max,applied_cost_mean,mean_reaction_eval_style,mean_reaction_nan_style,nan_reaction_rate,no_response_count,total_episodes,reaction_time,mean_risk_rise_time,mean_min_distance_after_turn
1.0,0.0,1.9948055744171143,0.0,8.692000389099121,22.17321014404297,0.0021543886978179216,0.0,0.005217873025685549,0.015146654099225998,0.22781942784786224,0.0009174877195619047,3.612640142591772e-08,0.002992368536069989,0.0048752170987427235,0.12440762668848038,0.000917456520255655,3.531187431349281e-08,0.0029918074142187834,0.004875209182500839,0.12440762668848038,0.0,0.20000000298023224,0.20000000298023224,0.0,0.0,50.0,0.20000000298023224,37.0,3.108128309249878
