success_rate,collision_rate,mean_min_distance,near_miss_rate,mean_time,mean_episode_reward,distance_warning_cost_mean,distance_warning_cost_p50,distance_warning_cost_p90,distance_warning_cost_p95,distance_warning_cost_max,risk_sum_mean,risk_sum_p50,risk_sum_p90,risk_sum_p95,risk_sum_max,risk_max_mean,risk_max_p50,risk_max_p90,risk_max_p95,risk_max_max,applied_cost_mean
1.0,0.0,1.8567124605178833,0.0,9.368000030517578,21.87798309326172,0.0057191564701497555,0.0,0.011296004056930542,0.03771067038178444,0.48432156443595886,0.001193078001961112,1.4463860679825302e-05,0.003972756210714579,0.006867461837828159,0.21914145350456238,0.001192646217532456,1.3588506590167526e-05,0.003971962258219719,0.006866736803203821,0.21914145350456238,0.0
