success_rate,collision_rate,mean_min_distance,near_miss_rate,mean_time,mean_episode_reward,distance_warning_cost_mean,distance_warning_cost_p50,distance_warning_cost_p90,distance_warning_cost_p95,distance_warning_cost_max,risk_sum_mean,risk_sum_p50,risk_sum_p90,risk_sum_p95,risk_sum_max,risk_max_mean,risk_max_p50,risk_max_p90,risk_max_p95,risk_max_max,applied_cost_mean
0.019999999552965164,0.18000000715255737,1.2850598096847534,0.30000001192092896,36.72800064086914,2.8851218223571777,0.03153291344642639,0.0,0.05123692378401756,0.14596381783485413,3.2370030879974365,0.026758676394820213,1.9754899938106973e-07,0.06875375658273697,0.16186995804309845,1.8176294565200806,0.02323036640882492,1.7808531538321404e-07,0.056635964661836624,0.13815949857234955,0.9606294631958008,0.0
