success_rate,collision_rate,mean_min_distance,near_miss_rate,mean_time,mean_episode_reward,distance_warning_cost_mean,distance_warning_cost_p50,distance_warning_cost_p90,distance_warning_cost_p95,distance_warning_cost_max,risk_sum_mean,risk_sum_p50,risk_sum_p90,risk_sum_p95,risk_sum_max,risk_max_mean,risk_max_p50,risk_max_p90,risk_max_p95,risk_max_max,applied_cost_mean,mean_reaction_eval_style,mean_reaction_nan_style,nan_reaction_rate,no_response_count,total_episodes,reaction_time,mean_risk_rise_time,mean_min_distance_after_turn
0.9200000166893005,0.07999999821186066,1.2407325506210327,0.3400000035762787,8.776000022888184,20.478843688964844,0.07627102732658386,0.0,0.26100972294807434,0.4944056570529938,2.883143663406372,0.029613636434078217,2.655096108250543e-11,0.136158287525177,0.2306358367204666,0.9413845539093018,0.029612742364406586,2.655073730317703e-11,0.1361522525548935,0.23063531517982483,0.9413845539093018,0.0,0.20000000298023224,0.20000000298023224,0.0,0.0,50.0,0.20000000298023224,37.0,1.2407325506210327
