success_rate,collision_rate,mean_min_distance,near_miss_rate,mean_time,mean_episode_reward,distance_warning_cost_mean,distance_warning_cost_p50,distance_warning_cost_p90,distance_warning_cost_p95,distance_warning_cost_max,risk_sum_mean,risk_sum_p50,risk_sum_p90,risk_sum_p95,risk_sum_max,risk_max_mean,risk_max_p50,risk_max_p90,risk_max_p95,risk_max_max,applied_cost_mean,mean_reaction_eval_style,mean_reaction_nan_style,nan_reaction_rate,no_response_count,total_episodes,reaction_time,mean_risk_rise_time,mean_min_distance_after_turn
0.30000001192092896,0.03999999910593033,1.9814841747283936,0.20000000298023224,36.47200012207031,9.926117897033691,0.017075875774025917,0.0,0.0166682880371809,0.09851206839084625,2.5105807781219482,0.009126074612140656,1.3874111713774695e-19,0.015441935509443283,0.06004023924469948,0.9202556610107422,0.009125969372689724,1.3874111713774695e-19,0.015441935509443283,0.0600350983440876,0.9202556610107422,0.0,0.20000000298023224,0.20000000298023224,0.0,0.0,50.0,0.20000000298023224,37.0,2.0763728618621826
