success_rate,collision_rate,mean_min_distance,near_miss_rate,mean_time,mean_episode_reward,distance_warning_cost_mean,distance_warning_cost_p50,distance_warning_cost_p90,distance_warning_cost_p95,distance_warning_cost_max,risk_sum_mean,risk_sum_p50,risk_sum_p90,risk_sum_p95,risk_sum_max,risk_max_mean,risk_max_p50,risk_max_p90,risk_max_p95,risk_max_max,applied_cost_mean,distance_warning_cost_nonzero_rate,scenario_valid_rate,planned_threat_valid_rate,threat_valid_rate,realized_near_miss_rate,predicted_cpa_to_nominal_path_mean
0.9800000190734863,0.019999999552965164,1.9189056158065796,0.019999999552965164,7.900000095367432,21.848329544067383,0.0002843622351065278,0.0,0.0,0.00038417402538470924,0.3870459198951721,0.0029765432700514793,9.438184555969862e-19,0.010481651872396469,0.02453344129025936,0.9272111654281616,0.0029765397775918245,9.438184555969862e-19,0.010481634177267551,0.024533435702323914,0.9272111654281616,0.0,0.02,1.0,1.0,1.0,0.14000000059604645,nan
