success_rate,collision_rate,mean_min_distance,near_miss_rate,mean_time,mean_episode_reward,distance_warning_cost_mean,distance_warning_cost_p50,distance_warning_cost_p90,distance_warning_cost_p95,distance_warning_cost_max,risk_sum_mean,risk_sum_p50,risk_sum_p90,risk_sum_p95,risk_sum_max,risk_max_mean,risk_max_p50,risk_max_p90,risk_max_p95,risk_max_max,applied_cost_mean,distance_warning_cost_nonzero_rate,scenario_valid_rate,planned_threat_valid_rate,threat_valid_rate,realized_near_miss_rate,predicted_cpa_to_nominal_path_mean,mean_reaction_eval_style,mean_reaction_nan_style,nan_reaction_rate,no_response_count,total_episodes,reaction_time,mean_risk_rise_time,mean_min_distance_after_turn
0.9599999785423279,0.03999999910593033,0.9866283535957336,0.699999988079071,6.5920000076293945,21.19009780883789,0.003611633088439703,0.0,0.007588226813822985,0.019655030220746994,0.4371768832206726,0.09320612251758575,0.01744893752038479,0.3398711085319519,0.43721088767051697,1.0370335578918457,0.09282977133989334,0.01744893193244934,0.33909907937049866,0.43676456809043884,0.934483528137207,0.0,0.7,1.0,1.0,1.0,0.8799999952316284,3.696071075864893e-07,0.416666716337204,0.416666716337204,0.04,0.0,50.0,0.416666716337204,18.42083168029785,1.06101655960083
