success_rate,collision_rate,mean_min_distance,near_miss_rate,mean_time,mean_episode_reward,distance_warning_cost_mean,distance_warning_cost_p50,distance_warning_cost_p90,distance_warning_cost_p95,distance_warning_cost_max,risk_sum_mean,risk_sum_p50,risk_sum_p90,risk_sum_p95,risk_sum_max,risk_max_mean,risk_max_p50,risk_max_p90,risk_max_p95,risk_max_max,applied_cost_mean,distance_warning_cost_nonzero_rate,scenario_valid_rate,planned_threat_valid_rate,threat_valid_rate,realized_near_miss_rate,predicted_cpa_to_nominal_path_mean
1.0,0.0,1.0924272537231445,0.4000000059604645,6.7639994621276855,22.332910537719727,0.00045636534923687577,0.0,0.0004412248672451824,0.0020718094892799854,0.11374150216579437,0.049077730625867844,0.0006374540971592069,0.17347745597362518,0.28341689705848694,0.8758601546287537,0.04895896092057228,0.0006374447839334607,0.17291364073753357,0.28315889835357666,0.8758601546287537,0.0,0.4,1.0,1.0,1.0,0.9200000166893005,nan
