success_rate,collision_rate,mean_min_distance,near_miss_rate,mean_time,mean_episode_reward,distance_warning_cost_mean,distance_warning_cost_p50,distance_warning_cost_p90,distance_warning_cost_p95,distance_warning_cost_max,risk_sum_mean,risk_sum_p50,risk_sum_p90,risk_sum_p95,risk_sum_max,risk_max_mean,risk_max_p50,risk_max_p90,risk_max_p95,risk_max_max,applied_cost_mean,distance_warning_cost_nonzero_rate,scenario_valid_rate,planned_threat_valid_rate,threat_valid_rate,realized_near_miss_rate,predicted_cpa_to_nominal_path_mean
0.9200000166893005,0.07999999821186066,0.9406021237373352,0.6399999856948853,6.340000152587891,19.989538192749023,0.005474140867590904,0.0,0.013963731937110424,0.024867933243513107,0.6526806354522705,0.11071869730949402,0.04804035648703575,0.30451133847236633,0.42586663365364075,0.9623060822486877,0.1097298115491867,0.047144144773483276,0.3031643033027649,0.42351600527763367,0.9623060822486877,0.0,0.64,1.0,1.0,1.0,0.9599999785423279,nan
