success_rate,collision_rate,mean_min_distance,near_miss_rate,mean_time,mean_episode_reward,distance_warning_cost_mean,distance_warning_cost_p50,distance_warning_cost_p90,distance_warning_cost_p95,distance_warning_cost_max,risk_sum_mean,risk_sum_p50,risk_sum_p90,risk_sum_p95,risk_sum_max,risk_max_mean,risk_max_p50,risk_max_p90,risk_max_p95,risk_max_max,applied_cost_mean,distance_warning_cost_nonzero_rate,scenario_valid_rate,planned_threat_valid_rate,threat_valid_rate,realized_near_miss_rate,predicted_cpa_to_nominal_path_mean
0.9800000190734863,0.019999999552965164,1.1866706609725952,0.30000001192092896,6.7079997062683105,21.735366821289062,0.003118842141702771,0.0,0.008201634511351585,0.011315098963677883,0.6327572464942932,0.049242053180933,0.018022390082478523,0.11886532604694366,0.21978604793548584,0.9599174857139587,0.04921664297580719,0.018022075295448303,0.11879872530698776,0.2196808010339737,0.9599174857139587,0.0,0.3,1.0,1.0,1.0,0.800000011920929,nan
