success_rate,collision_rate,mean_min_distance,near_miss_rate,mean_time,mean_episode_reward,distance_warning_cost_mean,distance_warning_cost_p50,distance_warning_cost_p90,distance_warning_cost_p95,distance_warning_cost_max,risk_sum_mean,risk_sum_p50,risk_sum_p90,risk_sum_p95,risk_sum_max,risk_max_mean,risk_max_p50,risk_max_p90,risk_max_p95,risk_max_max,applied_cost_mean,distance_warning_cost_nonzero_rate,scenario_valid_rate,planned_threat_valid_rate,threat_valid_rate,realized_near_miss_rate,predicted_cpa_to_nominal_path_mean
0.9800000190734863,0.019999999552965164,0.9611027240753174,0.6600000262260437,6.5920000076293945,21.722675323486328,0.0021957503631711006,0.0007208923925645649,0.003746383124962449,0.0059656561352312565,0.21775315701961517,0.08197390288114548,0.01701989397406578,0.26038673520088196,0.4086378216743469,0.890198290348053,0.08082769066095352,0.017017049714922905,0.2535533010959625,0.402363657951355,0.890198290348053,0.0,0.66,1.0,1.0,1.0,1.0,nan
