success_rate,collision_rate,mean_min_distance,near_miss_rate,mean_time,mean_episode_reward,distance_warning_cost_mean,distance_warning_cost_p50,distance_warning_cost_p90,distance_warning_cost_p95,distance_warning_cost_max,risk_sum_mean,risk_sum_p50,risk_sum_p90,risk_sum_p95,risk_sum_max,risk_max_mean,risk_max_p50,risk_max_p90,risk_max_p95,risk_max_max,applied_cost_mean,distance_warning_cost_nonzero_rate,scenario_valid_rate,planned_threat_valid_rate,threat_valid_rate,realized_near_miss_rate,predicted_cpa_to_nominal_path_mean
0.9800000190734863,0.019999999552965164,1.847712516784668,0.019999999552965164,7.575999736785889,21.854665756225586,0.0001784590567694977,0.0,0.0,0.0001504221436334774,0.23005756735801697,0.0030483296141028404,1.5441488365741662e-11,0.007863661274313927,0.024698937311768532,0.8873789310455322,0.003048319136723876,1.5441486631018186e-11,0.007863586768507957,0.024698838591575623,0.8873789310455322,0.0,0.02,1.0,1.0,1.0,0.2199999988079071,nan
