success_rate,collision_rate,mean_min_distance,near_miss_rate,mean_time,mean_episode_reward,distance_warning_cost_mean,distance_warning_cost_p50,distance_warning_cost_p90,distance_warning_cost_p95,distance_warning_cost_max,risk_sum_mean,risk_sum_p50,risk_sum_p90,risk_sum_p95,risk_sum_max,risk_max_mean,risk_max_p50,risk_max_p90,risk_max_p95,risk_max_max,applied_cost_mean,distance_warning_cost_nonzero_rate,scenario_valid_rate,planned_threat_valid_rate,threat_valid_rate,realized_near_miss_rate,predicted_cpa_to_nominal_path_mean,mean_reaction_eval_style,mean_reaction_nan_style,nan_reaction_rate,no_response_count,total_episodes,reaction_time,mean_risk_rise_time,mean_min_distance_after_turn
0.9800000190734863,0.019999999552965164,1.047282099723816,0.5400000214576721,6.644000053405762,21.773530960083008,0.000883103406522423,0.0,0.0013366355560719967,0.004557674750685692,0.20506015419960022,0.0594647116959095,0.01388194877654314,0.17749273777008057,0.29109248518943787,0.8963423371315002,0.05879415199160576,0.01383901946246624,0.172251358628273,0.2895180583000183,0.8963423371315002,0.0,0.54,1.0,1.0,1.0,0.9200000166893005,3.696071075864893e-07,0.5755102038383484,0.5755102038383484,0.02,0.0,50.0,0.5755102038383484,21.714284896850586,1.0949066877365112
