success_rate,collision_rate,mean_min_distance,near_miss_rate,mean_time,mean_episode_reward,distance_warning_cost_mean,distance_warning_cost_p50,distance_warning_cost_p90,distance_warning_cost_p95,distance_warning_cost_max,risk_sum_mean,risk_sum_p50,risk_sum_p90,risk_sum_p95,risk_sum_max,risk_max_mean,risk_max_p50,risk_max_p90,risk_max_p95,risk_max_max,applied_cost_mean,distance_warning_cost_nonzero_rate,scenario_valid_rate,planned_threat_valid_rate,threat_valid_rate,realized_near_miss_rate,predicted_cpa_to_nominal_path_mean
1.0,0.0,1.9475518465042114,0.019999999552965164,8.600000381469727,22.187532424926758,0.0042191725224256516,0.0,0.008823464624583721,0.03151102364063263,1.6862168312072754,0.0019630943424999714,1.1750487308252127e-18,0.009835886768996716,0.017246410250663757,0.8691051006317139,0.0019630889873951674,1.1750487308252127e-18,0.009835883975028992,0.017246363684535027,0.8691051006317139,0.0,0.48,1.0,1.0,1.0,0.019999999552965164,nan
