success_rate,collision_rate,mean_min_distance,near_miss_rate,mean_time,mean_episode_reward,distance_warning_cost_mean,distance_warning_cost_p50,distance_warning_cost_p90,distance_warning_cost_p95,distance_warning_cost_max,risk_sum_mean,risk_sum_p50,risk_sum_p90,risk_sum_p95,risk_sum_max,risk_max_mean,risk_max_p50,risk_max_p90,risk_max_p95,risk_max_max,applied_cost_mean,distance_warning_cost_nonzero_rate,scenario_valid_rate,planned_threat_valid_rate,threat_valid_rate,realized_near_miss_rate,predicted_cpa_to_nominal_path_mean,mean_reaction_eval_style,mean_reaction_nan_style,nan_reaction_rate,no_response_count,total_episodes,reaction_time,mean_risk_rise_time,mean_min_distance_after_turn
0.9800000190734863,0.019999999552965164,1.0504541397094727,0.5,6.768000602722168,21.954547882080078,0.0011924509890377522,0.0,0.0023036827333271503,0.006476069800555706,0.3454141318798065,0.056335028260946274,0.00018027666374109685,0.20338565111160278,0.2988228499889374,0.9208518266677856,0.05606753006577492,0.0001767021749401465,0.20246410369873047,0.29799580574035645,0.9208518266677856,0.0,0.5,1.0,1.0,1.0,0.8999999761581421,3.696071075864893e-07,1.4600000381469727,0.7346939444541931,0.02,1.0,50.0,1.4600000381469727,24.899999618530273,1.1197911500930786
