success_rate,collision_rate,mean_min_distance,near_miss_rate,mean_time,mean_episode_reward,distance_warning_cost_mean,distance_warning_cost_p50,distance_warning_cost_p90,distance_warning_cost_p95,distance_warning_cost_max,risk_sum_mean,risk_sum_p50,risk_sum_p90,risk_sum_p95,risk_sum_max,risk_max_mean,risk_max_p50,risk_max_p90,risk_max_p95,risk_max_max,applied_cost_mean,distance_warning_cost_nonzero_rate,scenario_valid_rate,planned_threat_valid_rate,threat_valid_rate,realized_near_miss_rate,predicted_cpa_to_nominal_path_mean,mean_reaction_eval_style,mean_reaction_nan_style,nan_reaction_rate,no_response_count,total_episodes,reaction_time,mean_risk_rise_time,mean_min_distance_after_turn
0.9800000190734863,0.019999999552965164,2.478875160217285,0.019999999552965164,8.387999534606934,21.778398513793945,0.004102138336747885,0.0,0.004677893593907356,0.02892376482486725,2.1786670684814453,0.0023887569550424814,2.2762958185040816e-10,0.01219548936933279,0.018331699073314667,0.9005101323127747,0.0023887569550424814,2.2762958185040816e-10,0.01219548936933279,0.018331699073314667,0.9005101323127747,0.0,0.28,1.0,1.0,1.0,0.019999999552965164,3.696071075864893e-07,0.20000000298023224,0.20000000298023224,0.0,0.0,50.0,0.20000000298023224,37.0,2.8218369483947754
