success_rate,collision_rate,mean_min_distance,near_miss_rate,mean_time,mean_episode_reward,distance_warning_cost_mean,distance_warning_cost_p50,distance_warning_cost_p90,distance_warning_cost_p95,distance_warning_cost_max,risk_sum_mean,risk_sum_p50,risk_sum_p90,risk_sum_p95,risk_sum_max,risk_max_mean,risk_max_p50,risk_max_p90,risk_max_p95,risk_max_max,applied_cost_mean,distance_warning_cost_nonzero_rate,scenario_valid_rate,planned_threat_valid_rate,threat_valid_rate,realized_near_miss_rate,predicted_cpa_to_nominal_path_mean,mean_reaction_eval_style,mean_reaction_nan_style,nan_reaction_rate,no_response_count,total_episodes,reaction_time,mean_risk_rise_time,mean_min_distance_after_turn
0.9800000190734863,0.019999999552965164,1.0038617849349976,0.6600000262260437,6.711999893188477,21.9108943939209,0.0008658521110191941,0.0,0.0006541920593008399,0.005344865843653679,0.2824268043041229,0.06198103725910187,5.554689414566383e-05,0.2162523716688156,0.34748008847236633,1.070665955543518,0.06119021400809288,4.997448922949843e-05,0.21428611874580383,0.34626293182373047,0.9105446934700012,0.0,0.66,1.0,1.0,1.0,0.9399999976158142,3.696071075864893e-07,1.7599999904632568,1.040816307067871,0.02,1.0,50.0,1.7599999904632568,17.031999588012695,1.0585345029830933
