success_rate,collision_rate,mean_min_distance,near_miss_rate,mean_time,mean_episode_reward,distance_warning_cost_mean,distance_warning_cost_p50,distance_warning_cost_p90,distance_warning_cost_p95,distance_warning_cost_max,risk_sum_mean,risk_sum_p50,risk_sum_p90,risk_sum_p95,risk_sum_max,risk_max_mean,risk_max_p50,risk_max_p90,risk_max_p95,risk_max_max,applied_cost_mean,distance_warning_cost_nonzero_rate,scenario_valid_rate,planned_threat_valid_rate,threat_valid_rate,realized_near_miss_rate,predicted_cpa_to_nominal_path_mean,mean_reaction_eval_style,mean_reaction_nan_style,nan_reaction_rate,no_response_count,total_episodes,reaction_time,mean_risk_rise_time,mean_min_distance_after_turn
0.9800000190734863,0.019999999552965164,2.149604082107544,0.11999999731779099,8.011999130249023,21.827259063720703,0.00030975064146332443,0.0,0.0,0.001296127331443131,0.26041266322135925,0.006120321340858936,4.9415794373119937e-11,0.026035822927951813,0.044838327914476395,0.9067044854164124,0.006119659636169672,4.9415794373119937e-11,0.02602173388004303,0.04483829066157341,0.9067044854164124,0.0,0.12,1.0,1.0,1.0,0.25999999046325684,3.696071075864893e-07,0.20000000298023224,0.20000000298023224,0.0,0.0,50.0,0.20000000298023224,35.63600158691406,2.3870339393615723
