success_rate,collision_rate,mean_min_distance,near_miss_rate,mean_time,mean_episode_reward,distance_warning_cost_mean,distance_warning_cost_p50,distance_warning_cost_p90,distance_warning_cost_p95,distance_warning_cost_max,risk_sum_mean,risk_sum_p50,risk_sum_p90,risk_sum_p95,risk_sum_max,risk_max_mean,risk_max_p50,risk_max_p90,risk_max_p95,risk_max_max,applied_cost_mean,distance_warning_cost_nonzero_rate,scenario_valid_rate,planned_threat_valid_rate,threat_valid_rate,realized_near_miss_rate,predicted_cpa_to_nominal_path_mean,mean_reaction_eval_style,mean_reaction_nan_style,nan_reaction_rate,no_response_count,total_episodes,reaction_time,mean_risk_rise_time,mean_min_distance_after_turn
0.9800000190734863,0.019999999552965164,2.393616199493408,0.019999999552965164,8.095999717712402,21.76132583618164,0.006391818635165691,0.0,0.01619243435561657,0.04666576534509659,2.210618734359741,0.0022587566636502743,4.771147452814484e-12,0.005459066014736891,0.01855717971920967,0.9024544954299927,0.0022587566636502743,4.771147452814484e-12,0.005459066014736891,0.01855717971920967,0.9024544954299927,0.0,0.3,1.0,1.0,1.0,0.07999999821186066,3.696071075864893e-07,0.2120000123977661,0.2120000123977661,0.0,0.0,50.0,0.2120000123977661,37.0,2.6679069995880127
