success_rate,collision_rate,mean_min_distance,near_miss_rate,mean_time,mean_episode_reward,distance_warning_cost_mean,distance_warning_cost_p50,distance_warning_cost_p90,distance_warning_cost_p95,distance_warning_cost_max,risk_sum_mean,risk_sum_p50,risk_sum_p90,risk_sum_p95,risk_sum_max,risk_max_mean,risk_max_p50,risk_max_p90,risk_max_p95,risk_max_max,applied_cost_mean
0.9200000166893005,0.07999999821186066,0.9281983971595764,0.6200000047683716,6.508000373840332,19.57083511352539,0.0087474025785923,0.0041122036054730415,0.019458133727312088,0.02533654123544693,0.3286564350128174,0.11163773387670517,0.0786820650100708,0.1599825620651245,0.30734550952911377,0.918197512626648,0.10976920276880264,0.07774189114570618,0.15538643300533295,0.29446911811828613,0.9181973934173584,0.0
