success_rate,collision_rate,mean_min_distance,near_miss_rate,mean_time,mean_episode_reward,distance_warning_cost_mean,distance_warning_cost_p50,distance_warning_cost_p90,distance_warning_cost_p95,distance_warning_cost_max,risk_sum_mean,risk_sum_p50,risk_sum_p90,risk_sum_p95,risk_sum_max,risk_max_mean,risk_max_p50,risk_max_p90,risk_max_p95,risk_max_max,applied_cost_mean,mean_reaction_eval_style,mean_reaction_nan_style,nan_reaction_rate,no_response_count,total_episodes,reaction_time,mean_risk_rise_time,mean_min_distance_after_turn
1.0,0.0,0.9591919779777527,0.6000000238418579,6.559999942779541,22.0655574798584,0.00039345817640423775,0.0,0.0,0.0012879465939477086,0.03958570212125778,0.05444071441888809,0.002670636400580406,0.15481002628803253,0.24727801978588104,0.748550295829773,0.05356431007385254,0.0019344486063346267,0.15423426032066345,0.2450830191373825,0.748550295829773,0.0,11.460000038146973,0.5142857432365417,0.3,3.0,10.0,11.460000038146973,33.29999923706055,1.4508651494979858
