success_rate,collision_rate,mean_min_distance,near_miss_rate,mean_time,mean_episode_reward,distance_warning_cost_mean,distance_warning_cost_p50,distance_warning_cost_p90,distance_warning_cost_p95,distance_warning_cost_max,risk_sum_mean,risk_sum_p50,risk_sum_p90,risk_sum_p95,risk_sum_max,risk_max_mean,risk_max_p50,risk_max_p90,risk_max_p95,risk_max_max,applied_cost_mean,mean_reaction_eval_style,mean_reaction_nan_style,nan_reaction_rate,no_response_count,total_episodes,reaction_time,mean_risk_rise_time,mean_min_distance_after_turn
0.9399999976158142,0.05999999865889549,1.284745216369629,0.36000001430511475,8.744000434875488,20.967754364013672,0.0014404099201783538,0.0,1.3997246242070105e-05,0.0008500614203512669,0.6600274443626404,0.03463543578982353,4.949434959100607e-12,0.12115215510129929,0.27234137058258057,1.6800676584243774,0.033191144466400146,4.949431055972786e-12,0.12054365873336792,0.26389825344085693,0.9631791710853577,0.0,0.20000000298023224,0.20000000298023224,0.0,0.0,50.0,0.20000000298023224,37.0,1.2956668138504028
