success_rate,collision_rate,mean_min_distance,near_miss_rate,mean_time,mean_episode_reward,distance_warning_cost_mean,distance_warning_cost_p50,distance_warning_cost_p90,distance_warning_cost_p95,distance_warning_cost_max,risk_sum_mean,risk_sum_p50,risk_sum_p90,risk_sum_p95,risk_sum_max,risk_max_mean,risk_max_p50,risk_max_p90,risk_max_p95,risk_max_max,applied_cost_mean,mean_reaction_eval_style,mean_reaction_nan_style,nan_reaction_rate,no_response_count,total_episodes,reaction_time,mean_risk_rise_time,mean_min_distance_after_turn
0.8999999761581421,0.10000000149011612,0.9882991909980774,0.5,6.739999294281006,20.023956298828125,0.003272145986557007,0.0,0.0032097692601382732,0.022075790911912918,0.3884745240211487,0.06740010529756546,0.003189021022990346,0.2645360827445984,0.3470115661621094,0.927423894405365,0.06444978713989258,0.0031704746652394533,0.2548239529132843,0.33346858620643616,0.927423894405365,0.0,0.4000000059604645,0.4000000059604645,0.0,0.0,10.0,0.4000000059604645,37.0,1.0099022388458252
