success_rate,collision_rate,mean_min_distance,near_miss_rate,mean_time,mean_episode_reward,distance_warning_cost_mean,distance_warning_cost_p50,distance_warning_cost_p90,distance_warning_cost_p95,distance_warning_cost_max,risk_sum_mean,risk_sum_p50,risk_sum_p90,risk_sum_p95,risk_sum_max,risk_max_mean,risk_max_p50,risk_max_p90,risk_max_p95,risk_max_max,applied_cost_mean
1.0,0.0,1.4576443433761597,0.07999999821186066,8.039999961853027,22.00249671936035,0.00010024813673226163,0.0,0.00012989524111617357,0.000765192904509604,0.06166420504450798,0.00477059418335557,6.179002957651392e-05,0.017390398308634758,0.027116982266306877,0.4034940004348755,0.004766068886965513,6.0722286434611306e-05,0.01737281121313572,0.027109511196613312,0.4034922420978546,0.0
