success_rate,collision_rate,mean_min_distance,near_miss_rate,mean_time,mean_episode_reward,distance_warning_cost_mean,distance_warning_cost_p50,distance_warning_cost_p90,distance_warning_cost_p95,distance_warning_cost_max,risk_sum_mean,risk_sum_p50,risk_sum_p90,risk_sum_p95,risk_sum_max,risk_max_mean,risk_max_p50,risk_max_p90,risk_max_p95,risk_max_max,applied_cost_mean,mean_reaction_eval_style,mean_reaction_nan_style,nan_reaction_rate,no_response_count,total_episodes,reaction_time,mean_risk_rise_time,mean_min_distance_after_turn
1.0,0.0,1.2809288501739502,0.30000001192092896,8.180000305175781,21.807174682617188,0.0007671145140193403,0.0,1.1362585610186215e-05,0.002393736271187663,0.15845638513565063,0.019885016605257988,1.4169079321293965e-12,0.024689320474863052,0.14514504373073578,1.6505041122436523,0.017776358872652054,1.4169079321293965e-12,0.024689320474863052,0.14514502882957458,0.8820503354072571,0.0,0.20000000298023224,0.20000000298023224,0.0,0.0,10.0,0.20000000298023224,37.0,1.2809288501739502
