success_rate,collision_rate,mean_min_distance,near_miss_rate,mean_time,mean_episode_reward,distance_warning_cost_mean,distance_warning_cost_p50,distance_warning_cost_p90,distance_warning_cost_p95,distance_warning_cost_max,risk_sum_mean,risk_sum_p50,risk_sum_p90,risk_sum_p95,risk_sum_max,risk_max_mean,risk_max_p50,risk_max_p90,risk_max_p95,risk_max_max,applied_cost_mean,mean_reaction_eval_style,mean_reaction_nan_style,nan_reaction_rate,no_response_count,total_episodes,reaction_time,mean_risk_rise_time,mean_min_distance_after_turn
1.0,0.0,1.0319989919662476,0.4000000059604645,7.119999885559082,22.01479148864746,0.0010550497099757195,0.0,0.0,0.00359667232260108,0.1877484917640686,0.0500575490295887,2.1042278603999875e-05,0.23117029666900635,0.2838601768016815,0.892846941947937,0.04969017207622528,1.6569549188716337e-05,0.2305535078048706,0.28309065103530884,0.892846941947937,0.0,0.20000000298023224,0.20000000298023224,0.0,0.0,10.0,0.20000000298023224,37.0,1.0319989919662476
