success_rate,collision_rate,mean_min_distance,near_miss_rate,mean_time,mean_episode_reward,distance_warning_cost_mean,distance_warning_cost_p50,distance_warning_cost_p90,distance_warning_cost_p95,distance_warning_cost_max,risk_sum_mean,risk_sum_p50,risk_sum_p90,risk_sum_p95,risk_sum_max,risk_max_mean,risk_max_p50,risk_max_p90,risk_max_p95,risk_max_max,applied_cost_mean,mean_reaction_eval_style,mean_reaction_nan_style,nan_reaction_rate,no_response_count,total_episodes,reaction_time,mean_risk_rise_time,mean_min_distance_after_turn
0.9800000190734863,0.019999999552965164,1.1184252500534058,0.3199999928474426,6.704000473022461,21.711050033569336,0.0012571014231070876,0.0,0.0032652851659804583,0.005560616031289101,0.3296883702278137,0.04849030077457428,0.01616751402616501,0.09874585270881653,0.1918199360370636,0.918362557888031,0.048217982053756714,0.01615341380238533,0.09827903658151627,0.19104813039302826,0.918362557888031,0.0,11.032652854919434,0.6457143425941467,0.3,14.0,50.0,11.032652854919434,35.48979568481445,1.5825425386428833
