success_rate,collision_rate,mean_min_distance,near_miss_rate,mean_time,mean_episode_reward,distance_warning_cost_mean,distance_warning_cost_p50,distance_warning_cost_p90,distance_warning_cost_p95,distance_warning_cost_max,risk_sum_mean,risk_sum_p50,risk_sum_p90,risk_sum_p95,risk_sum_max,risk_max_mean,risk_max_p50,risk_max_p90,risk_max_p95,risk_max_max,applied_cost_mean,mean_reaction_eval_style,mean_reaction_nan_style,nan_reaction_rate,no_response_count,total_episodes,reaction_time,mean_risk_rise_time,mean_min_distance_after_turn
0.9800000190734863,0.019999999552965164,1.01295006275177,0.5600000023841858,7.1479997634887695,21.845874786376953,0.0016186389839276671,0.0,0.0019497275352478027,0.008748576045036316,0.27829617261886597,0.05688776448369026,0.00039077180554158986,0.23481827974319458,0.36625730991363525,0.909834623336792,0.056738678365945816,0.00035329945967532694,0.23449930548667908,0.3652975559234619,0.909834623336792,0.0,0.30800002813339233,0.30800002813339233,0.0,0.0,50.0,0.30800002813339233,37.0,1.01295006275177
