success_rate,collision_rate,mean_min_distance,near_miss_rate,mean_time,mean_episode_reward,distance_warning_cost_mean,distance_warning_cost_p50,distance_warning_cost_p90,distance_warning_cost_p95,distance_warning_cost_max,risk_sum_mean,risk_sum_p50,risk_sum_p90,risk_sum_p95,risk_sum_max,risk_max_mean,risk_max_p50,risk_max_p90,risk_max_p95,risk_max_max,applied_cost_mean,mean_reaction_eval_style,mean_reaction_nan_style,nan_reaction_rate,no_response_count,total_episodes,reaction_time,mean_risk_rise_time,mean_min_distance_after_turn
1.0,0.0,1.0681073665618896,0.4000000059604645,6.859999656677246,22.02062225341797,0.0013154750922694802,0.0,0.0016913858707994223,0.007362920790910721,0.14421989023685455,0.05928470939397812,0.0019410457462072372,0.21665418148040771,0.31858786940574646,1.2825034856796265,0.05708601325750351,0.0019409358501434326,0.21594497561454773,0.3169633746147156,0.8833379745483398,0.0,0.2600000202655792,0.2600000202655792,0.0,0.0,10.0,0.2600000202655792,37.0,1.0681073665618896
