success_rate,collision_rate,mean_min_distance,near_miss_rate,mean_time,mean_episode_reward,distance_warning_cost_mean,distance_warning_cost_p50,distance_warning_cost_p90,distance_warning_cost_p95,distance_warning_cost_max,risk_sum_mean,risk_sum_p50,risk_sum_p90,risk_sum_p95,risk_sum_max,risk_max_mean,risk_max_p50,risk_max_p90,risk_max_p95,risk_max_max,applied_cost_mean,mean_reaction_eval_style,mean_reaction_nan_style,nan_reaction_rate,no_response_count,total_episodes,reaction_time,mean_risk_rise_time,mean_min_distance_after_turn
0.800000011920929,0.20000000298023224,0.9333475828170776,0.6000000238418579,6.640000343322754,18.01778221130371,0.003190596355125308,0.0,0.0086860042065382,0.020226093009114265,0.23083487153053284,0.10305778682231903,0.006818101741373539,0.414663702249527,0.5206188559532166,0.9013069272041321,0.0973750576376915,0.006785917095839977,0.39698347449302673,0.48334112763404846,0.9013069272041321,0.0,0.8799999952316284,0.8799999952316284,0.0,0.0,10.0,0.8799999952316284,37.0,0.9564210772514343
