success_rate,collision_rate,mean_min_distance,near_miss_rate,mean_time,mean_episode_reward,distance_warning_cost_mean,distance_warning_cost_p50,distance_warning_cost_p90,distance_warning_cost_p95,distance_warning_cost_max,risk_sum_mean,risk_sum_p50,risk_sum_p90,risk_sum_p95,risk_sum_max,risk_max_mean,risk_max_p50,risk_max_p90,risk_max_p95,risk_max_max,applied_cost_mean,mean_reaction_eval_style,mean_reaction_nan_style,nan_reaction_rate,no_response_count,total_episodes,reaction_time,mean_risk_rise_time,mean_min_distance_after_turn
1.0,0.0,0.8873559832572937,0.8999999761581421,6.5,22.054950714111328,0.0012818672694265842,0.0,0.0006063040345907211,0.006825834512710571,0.08483818918466568,0.09303741902112961,0.012228051200509071,0.2638416588306427,0.42651891708374023,0.8781577944755554,0.08859667181968689,0.011960429139435291,0.2536179721355438,0.4150029122829437,0.8678416609764099,0.0,7.939999580383301,0.675000011920929,0.2,2.0,10.0,7.939999580383301,33.29999923706055,1.4925222396850586
