success_rate,collision_rate,mean_min_distance,near_miss_rate,mean_time,mean_episode_reward,distance_warning_cost_mean,distance_warning_cost_p50,distance_warning_cost_p90,distance_warning_cost_p95,distance_warning_cost_max,risk_sum_mean,risk_sum_p50,risk_sum_p90,risk_sum_p95,risk_sum_max,risk_max_mean,risk_max_p50,risk_max_p90,risk_max_p95,risk_max_max,applied_cost_mean
1.0,0.0,1.1789413690567017,0.23999999463558197,6.823999404907227,22.454126358032227,0.00019615150813478976,0.0,9.195545862894505e-05,0.001180680119432509,0.059609852731227875,0.04181846231222153,0.0015598669415339828,0.1282760053873062,0.22086448967456818,0.8353587985038757,0.04118708521127701,0.0015159451868385077,0.12596838176250458,0.21888256072998047,0.8353587985038757,0.0
