success_rate,collision_rate,mean_min_distance,near_miss_rate,mean_time,mean_episode_reward,distance_warning_cost_mean,distance_warning_cost_p50,distance_warning_cost_p90,distance_warning_cost_p95,distance_warning_cost_max,risk_sum_mean,risk_sum_p50,risk_sum_p90,risk_sum_p95,risk_sum_max,risk_max_mean,risk_max_p50,risk_max_p90,risk_max_p95,risk_max_max,applied_cost_mean,mean_reaction_eval_style,mean_reaction_nan_style,nan_reaction_rate,no_response_count,total_episodes,reaction_time,mean_risk_rise_time,mean_min_distance_after_turn
0.9399999976158142,0.05999999865889549,0.9947925806045532,0.5400000214576721,6.800000190734863,21.115440368652344,0.0018403022550046444,0.0,0.0050101508386433125,0.012871899642050266,0.2452736645936966,0.07359962165355682,0.0055970726534724236,0.2798389792442322,0.3609226942062378,0.9039784073829651,0.07225394994020462,0.005516632925719023,0.2762708067893982,0.3528665602207184,0.9039784073829651,0.0,0.9320000410079956,0.9320000410079956,0.0,0.0,50.0,0.9320000410079956,37.0,0.9999325275421143
