success_rate,collision_rate,mean_min_distance,near_miss_rate,mean_time,mean_episode_reward,distance_warning_cost_mean,distance_warning_cost_p50,distance_warning_cost_p90,distance_warning_cost_p95,distance_warning_cost_max,risk_sum_mean,risk_sum_p50,risk_sum_p90,risk_sum_p95,risk_sum_max,risk_max_mean,risk_max_p50,risk_max_p90,risk_max_p95,risk_max_max,applied_cost_mean,mean_reaction_eval_style,mean_reaction_nan_style,nan_reaction_rate,no_response_count,total_episodes,reaction_time,mean_risk_rise_time,mean_min_distance_after_turn
1.0,0.0,1.3642232418060303,0.10000000149011612,6.960000038146973,22.005155563354492,2.4577035219408572e-05,0.0,0.0,0.0,0.008847733028233051,0.026875227689743042,0.00017768301768228412,0.0763435885310173,0.10867105424404144,0.7744706273078918,0.02663683518767357,0.000177361216628924,0.07587544620037079,0.1070626974105835,0.7611005902290344,0.0,0.20000000298023224,0.20000000298023224,0.0,0.0,10.0,0.20000000298023224,37.0,1.8472331762313843
