success_rate,collision_rate,mean_min_distance,near_miss_rate,mean_time,mean_episode_reward,distance_warning_cost_mean,distance_warning_cost_p50,distance_warning_cost_p90,distance_warning_cost_p95,distance_warning_cost_max,risk_sum_mean,risk_sum_p50,risk_sum_p90,risk_sum_p95,risk_sum_max,risk_max_mean,risk_max_p50,risk_max_p90,risk_max_p95,risk_max_max,applied_cost_mean,mean_reaction_eval_style,mean_reaction_nan_style,nan_reaction_rate,no_response_count,total_episodes,reaction_time,mean_risk_rise_time,mean_min_distance_after_turn
0.8999999761581421,0.10000000149011612,0.9521257281303406,0.4000000059604645,6.660000801086426,20.03423500061035,0.0017063422128558159,0.0,0.001371601247228682,0.008654794655740261,0.20620140433311462,0.0983991026878357,0.01573025807738304,0.37031644582748413,0.4356318414211273,0.8965679407119751,0.09572668373584747,0.0155821293592453,0.3683905601501465,0.42767977714538574,0.8965679407119751,0.0,0.8999999761581421,0.8999999761581421,0.0,0.0,10.0,0.8999999761581421,37.0,0.9638780355453491
