success_rate,collision_rate,mean_min_distance,near_miss_rate,mean_time,mean_episode_reward,distance_warning_cost_mean,distance_warning_cost_p50,distance_warning_cost_p90,distance_warning_cost_p95,distance_warning_cost_max,risk_sum_mean,risk_sum_p50,risk_sum_p90,risk_sum_p95,risk_sum_max,risk_max_mean,risk_max_p50,risk_max_p90,risk_max_p95,risk_max_max,applied_cost_mean,mean_reaction_eval_style,mean_reaction_nan_style,nan_reaction_rate,no_response_count,total_episodes,reaction_time,mean_risk_rise_time,mean_min_distance_after_turn
0.8999999761581421,0.10000000149011612,1.13863205909729,0.30000001192092896,8.200000762939453,19.8217716217041,0.002360032871365547,0.0,0.0012133169220760465,0.01605672389268875,0.20426011085510254,0.040189601480960846,1.5108100317670625e-12,0.2079644501209259,0.24111518263816833,1.023477554321289,0.0375480018556118,1.4701063717065255e-12,0.19069501757621765,0.22975976765155792,0.8961838483810425,0.0,0.20000000298023224,0.20000000298023224,0.0,0.0,10.0,0.20000000298023224,37.0,1.13863205909729
