success_rate,collision_rate,mean_min_distance,near_miss_rate,mean_time,mean_episode_reward,distance_warning_cost_mean,distance_warning_cost_p50,distance_warning_cost_p90,distance_warning_cost_p95,distance_warning_cost_max,risk_sum_mean,risk_sum_p50,risk_sum_p90,risk_sum_p95,risk_sum_max,risk_max_mean,risk_max_p50,risk_max_p90,risk_max_p95,risk_max_max,applied_cost_mean
1.0,0.0,1.4800610542297363,0.07999999821186066,8.595999717712402,21.943716049194336,0.00019069827976636589,0.0,0.0008684981148689985,0.0013789072399958968,0.08161067962646484,0.005723097361624241,0.0004998535150662065,0.01861417666077614,0.030103208497166634,0.4588768482208252,0.005710244178771973,0.0004964005784131587,0.018571753054857254,0.03006886877119541,0.4588768482208252,0.0
