success_rate,collision_rate,mean_min_distance,near_miss_rate,mean_time,mean_episode_reward,distance_warning_cost_mean,distance_warning_cost_p50,distance_warning_cost_p90,distance_warning_cost_p95,distance_warning_cost_max,risk_sum_mean,risk_sum_p50,risk_sum_p90,risk_sum_p95,risk_sum_max,risk_max_mean,risk_max_p50,risk_max_p90,risk_max_p95,risk_max_max,applied_cost_mean,mean_reaction_eval_style,mean_reaction_nan_style,nan_reaction_rate,no_response_count,total_episodes,reaction_time,mean_risk_rise_time,mean_min_distance_after_turn
0.800000011920929,0.20000000298023224,1.053807258605957,0.5199999809265137,8.416000366210938,18.07694435119629,0.003099738387390971,0.0,0.002212963765487075,0.012949785217642784,0.3867609202861786,0.06196864694356918,7.793245515586023e-08,0.3111981451511383,0.3922105133533478,1.6098620891571045,0.0605434812605381,7.60983098757606e-08,0.3067391514778137,0.38979876041412354,0.9271686673164368,0.0,0.20399999618530273,0.20399999618530273,0.0,0.0,50.0,0.20399999618530273,37.0,1.053807258605957
