success_rate,collision_rate,mean_min_distance,near_miss_rate,mean_time,mean_episode_reward,distance_warning_cost_mean,distance_warning_cost_p50,distance_warning_cost_p90,distance_warning_cost_p95,distance_warning_cost_max,risk_sum_mean,risk_sum_p50,risk_sum_p90,risk_sum_p95,risk_sum_max,risk_max_mean,risk_max_p50,risk_max_p90,risk_max_p95,risk_max_max,applied_cost_mean,mean_reaction_eval_style,mean_reaction_nan_style,nan_reaction_rate,no_response_count,total_episodes,reaction_time,mean_risk_rise_time,mean_min_distance_after_turn
0.9200000166893005,0.07999999821186066,1.0149365663528442,0.5199999809265137,7.215999603271484,20.686079025268555,0.0018482987070456147,0.0,0.0036459770053625107,0.010837024077773094,0.32566916942596436,0.052443977445364,5.350136234483216e-06,0.2159426510334015,0.31977006793022156,0.9177179932594299,0.05214008316397667,4.285524028091459e-06,0.21451881527900696,0.31699755787849426,0.9177179932594299,0.0,0.23200000822544098,0.23200000822544098,0.0,0.0,50.0,0.23200000822544098,37.0,1.0149365663528442
