success_rate,collision_rate,mean_min_distance,near_miss_rate,mean_time,mean_episode_reward,distance_warning_cost_mean,distance_warning_cost_p50,distance_warning_cost_p90,distance_warning_cost_p95,distance_warning_cost_max,risk_sum_mean,risk_sum_p50,risk_sum_p90,risk_sum_p95,risk_sum_max,risk_max_mean,risk_max_p50,risk_max_p90,risk_max_p95,risk_max_max,applied_cost_mean,mean_reaction_eval_style,mean_reaction_nan_style,nan_reaction_rate,no_response_count,total_episodes,reaction_time,mean_risk_rise_time,mean_min_distance_after_turn
0.8999999761581421,0.10000000149011612,0.926033616065979,0.6000000238418579,6.680000305175781,19.973552703857422,0.0015933809336274862,0.0,0.0017718903254717588,0.006476601120084524,0.28042665123939514,0.11559337377548218,0.017736291512846947,0.4280265271663666,0.5549623370170593,1.165710210800171,0.10952453315258026,0.015506088733673096,0.4089432656764984,0.5290602445602417,0.9102014303207397,0.0,0.4399999976158142,0.4399999976158142,0.0,0.0,10.0,0.4399999976158142,37.0,0.9396956562995911
