success_rate,collision_rate,mean_min_distance,near_miss_rate,mean_time,mean_episode_reward,distance_warning_cost_mean,distance_warning_cost_p50,distance_warning_cost_p90,distance_warning_cost_p95,distance_warning_cost_max,risk_sum_mean,risk_sum_p50,risk_sum_p90,risk_sum_p95,risk_sum_max,risk_max_mean,risk_max_p50,risk_max_p90,risk_max_p95,risk_max_max,applied_cost_mean,mean_reaction_eval_style,mean_reaction_nan_style,nan_reaction_rate,no_response_count,total_episodes,reaction_time,mean_risk_rise_time,mean_min_distance_after_turn
1.0,0.0,0.9772768020629883,0.6000000238418579,6.559999942779541,22.056838989257812,0.000320867431582883,0.0,0.0,0.000841226545162499,0.03205088898539543,0.054789699614048004,0.0027543632313609123,0.1556248962879181,0.2542484700679779,0.8241958618164062,0.05295989662408829,0.002381885889917612,0.1495089828968048,0.24810054898262024,0.8241955637931824,0.0,18.920000076293945,0.8399999737739563,0.5,5.0,10.0,18.920000076293945,33.29999923706055,1.602903127670288
