success_rate,collision_rate,mean_min_distance,near_miss_rate,mean_time,mean_episode_reward,distance_warning_cost_mean,distance_warning_cost_p50,distance_warning_cost_p90,distance_warning_cost_p95,distance_warning_cost_max,risk_sum_mean,risk_sum_p50,risk_sum_p90,risk_sum_p95,risk_sum_max,risk_max_mean,risk_max_p50,risk_max_p90,risk_max_p95,risk_max_max,applied_cost_mean,mean_reaction_eval_style,mean_reaction_nan_style,nan_reaction_rate,no_response_count,total_episodes,reaction_time,mean_risk_rise_time,mean_min_distance_after_turn
1.0,0.0,1.052375316619873,0.5,6.5799994468688965,22.022842407226562,0.00022198798251338303,0.0,0.0,0.00028904678765684366,0.055667392909526825,0.03699604421854019,0.0006314339698292315,0.08726834505796432,0.18421337008476257,0.8232412934303284,0.03672514110803604,0.0005924477591179311,0.08640604466199875,0.1830381453037262,0.8232410550117493,0.0,11.239999771118164,0.20000001788139343,0.3,3.0,10.0,11.239999771118164,37.0,1.5833348035812378
