success_rate,collision_rate,mean_min_distance,near_miss_rate,mean_time,mean_episode_reward,distance_warning_cost_mean,distance_warning_cost_p50,distance_warning_cost_p90,distance_warning_cost_p95,distance_warning_cost_max,risk_sum_mean,risk_sum_p50,risk_sum_p90,risk_sum_p95,risk_sum_max,risk_max_mean,risk_max_p50,risk_max_p90,risk_max_p95,risk_max_max,applied_cost_mean
1.0,0.0,2.064319372177124,0.0,8.100000381469727,22.360881805419922,0.0,0.0,0.0,0.0,0.0,0.0016902551287785172,1.83705230938358e-06,0.004927971865981817,0.010574446991086006,0.49144673347473145,0.0016899235779419541,1.833106921367289e-06,0.004927674308419228,0.010574442334473133,0.49144673347473145,0.0
