success_rate,collision_rate,mean_min_distance,near_miss_rate,mean_time,mean_episode_reward,distance_warning_cost_mean,distance_warning_cost_p50,distance_warning_cost_p90,distance_warning_cost_p95,distance_warning_cost_max,risk_sum_mean,risk_sum_p50,risk_sum_p90,risk_sum_p95,risk_sum_max,risk_max_mean,risk_max_p50,risk_max_p90,risk_max_p95,risk_max_max,applied_cost_mean
1.0,0.0,1.599722146987915,0.03999999910593033,9.244000434875488,21.890155792236328,2.432498149573803e-05,0.0,4.830126272281632e-05,0.00021285429829731584,0.016007892787456512,0.0038063167594373226,0.00020621971634682268,0.013017199002206326,0.01912204921245575,0.26239001750946045,0.003801317885518074,0.0002033603232121095,0.013015815056860447,0.019116703420877457,0.26239001750946045,0.0
