success_rate,collision_rate,mean_min_distance,near_miss_rate,mean_time,mean_episode_reward,distance_warning_cost_mean,distance_warning_cost_p50,distance_warning_cost_p90,distance_warning_cost_p95,distance_warning_cost_max,risk_sum_mean,risk_sum_p50,risk_sum_p90,risk_sum_p95,risk_sum_max,risk_max_mean,risk_max_p50,risk_max_p90,risk_max_p95,risk_max_max,applied_cost_mean
0.5,0.0,2.8520188331604004,0.0,29.6560001373291,14.535231590270996,0.0,0.0,0.0,0.0,0.0,0.0001991897588595748,3.222707867420631e-18,1.0199437383562326e-07,1.3846715773979668e-05,0.2356511354446411,0.00019918974430765957,3.2216141278556827e-18,1.0199353539519507e-07,1.3846715773979668e-05,0.2356511354446411,0.0
