success_rate,collision_rate,mean_min_distance,near_miss_rate,mean_time,mean_episode_reward,distance_warning_cost_mean,distance_warning_cost_p50,distance_warning_cost_p90,distance_warning_cost_p95,distance_warning_cost_max,risk_sum_mean,risk_sum_p50,risk_sum_p90,risk_sum_p95,risk_sum_max,risk_max_mean,risk_max_p50,risk_max_p90,risk_max_p95,risk_max_max,applied_cost_mean,mean_reaction_eval_style,mean_reaction_nan_style,nan_reaction_rate,no_response_count,total_episodes,reaction_time,mean_risk_rise_time,mean_min_distance_after_turn
0.9599999785423279,0.03999999910593033,1.2172662019729614,0.4000000059604645,8.815999984741211,21.27109146118164,0.0008882100810296834,0.0,0.0,0.0008177681011147797,0.2517009377479553,0.03708568587899208,5.464075025773951e-11,0.1135520190000534,0.27625590562820435,1.651134967803955,0.03567936271429062,5.4639959223834467e-11,0.11016613990068436,0.26746678352355957,0.9051447510719299,0.0,0.20000000298023224,0.20000000298023224,0.0,0.0,50.0,0.20000000298023224,37.0,1.2172662019729614
