success_rate,collision_rate,mean_min_distance,near_miss_rate,mean_time,mean_episode_reward,distance_warning_cost_mean,distance_warning_cost_p50,distance_warning_cost_p90,distance_warning_cost_p95,distance_warning_cost_max,risk_sum_mean,risk_sum_p50,risk_sum_p90,risk_sum_p95,risk_sum_max,risk_max_mean,risk_max_p50,risk_max_p90,risk_max_p95,risk_max_max,applied_cost_mean
0.03999999910593033,0.0,1.8568294048309326,0.05999999865889549,38.97200012207031,5.846181869506836,3.674119579955004e-05,0.0,0.0,0.0,0.1927068829536438,0.00530499592423439,6.611157914448995e-07,0.006541215814650059,0.022487783804535866,0.8939781785011292,0.005205962806940079,6.40799839857209e-07,0.006379108410328627,0.022189969196915627,0.8938626050949097,0.0
