success_rate,collision_rate,mean_min_distance,near_miss_rate,mean_time,mean_episode_reward,distance_warning_cost_mean,distance_warning_cost_p50,distance_warning_cost_p90,distance_warning_cost_p95,distance_warning_cost_max,risk_sum_mean,risk_sum_p50,risk_sum_p90,risk_sum_p95,risk_sum_max,risk_max_mean,risk_max_p50,risk_max_p90,risk_max_p95,risk_max_max,applied_cost_mean,mean_reaction_eval_style,mean_reaction_nan_style,nan_reaction_rate,no_response_count,total_episodes,reaction_time,mean_risk_rise_time,mean_min_distance_after_turn
1.0,0.0,1.020851969718933,0.6000000238418579,8.180000305175781,21.788660049438477,0.001005160273052752,0.0,0.0,0.005382028874009848,0.08635188639163971,0.04387548565864563,3.773449552824104e-09,0.09418749809265137,0.32703202962875366,1.7050156593322754,0.03906838968396187,3.773449552824104e-09,0.08534330874681473,0.2934193015098572,0.8682907819747925,0.0,0.20000000298023224,0.20000000298023224,0.0,0.0,10.0,0.20000000298023224,37.0,1.020851969718933
