success_rate,collision_rate,mean_min_distance,near_miss_rate,mean_time,mean_episode_reward,distance_warning_cost_mean,distance_warning_cost_p50,distance_warning_cost_p90,distance_warning_cost_p95,distance_warning_cost_max,risk_sum_mean,risk_sum_p50,risk_sum_p90,risk_sum_p95,risk_sum_max,risk_max_mean,risk_max_p50,risk_max_p90,risk_max_p95,risk_max_max,applied_cost_mean,mean_reaction_eval_style,mean_reaction_nan_style,nan_reaction_rate,no_response_count,total_episodes,reaction_time,mean_risk_rise_time,mean_min_distance_after_turn
0.8999999761581421,0.10000000149011612,1.0967557430267334,0.46000000834465027,8.255999565124512,20.06853485107422,0.0014873393811285496,0.0,0.0002137840201612562,0.003343994962051511,0.3987191319465637,0.03332792595028877,2.783463628475147e-07,0.08913227170705795,0.2363298237323761,1.7050156593322754,0.03219977766275406,2.778731698072079e-07,0.08693551272153854,0.22765378654003143,0.9289395809173584,0.0,0.23600000143051147,0.23600000143051147,0.0,0.0,50.0,0.23600000143051147,37.0,1.0967557430267334
