success_rate,collision_rate,mean_min_distance,near_miss_rate,mean_time,mean_episode_reward,distance_warning_cost_mean,distance_warning_cost_p50,distance_warning_cost_p90,distance_warning_cost_p95,distance_warning_cost_max,risk_sum_mean,risk_sum_p50,risk_sum_p90,risk_sum_p95,risk_sum_max,risk_max_mean,risk_max_p50,risk_max_p90,risk_max_p95,risk_max_max,applied_cost_mean
1.0,0.0,1.5005810260772705,0.05999999865889549,8.119999885559082,21.975011825561523,1.8085685951518826e-05,0.0,2.2171077489474555e-06,9.416622924618423e-05,0.011136875487864017,0.0051967366598546505,0.0001905919925775379,0.01866457425057888,0.025656502693891525,0.309883713722229,0.005177173763513565,0.00018726970301941037,0.01854756474494934,0.025598905980587006,0.309883713722229,0.0
