success_rate,collision_rate,mean_min_distance,near_miss_rate,mean_time,mean_episode_reward,distance_warning_cost_mean,distance_warning_cost_p50,distance_warning_cost_p90,distance_warning_cost_p95,distance_warning_cost_max,risk_sum_mean,risk_sum_p50,risk_sum_p90,risk_sum_p95,risk_sum_max,risk_max_mean,risk_max_p50,risk_max_p90,risk_max_p95,risk_max_max,applied_cost_mean
1.0,0.0,2.1417486667633057,0.0,8.22800064086914,22.325538635253906,0.0,0.0,0.0,0.0,0.0,0.00059042515931651,6.870760671517928e-08,0.002068240661174059,0.003961043898016214,0.11131773144006729,0.0005904191639274359,6.858165590983845e-08,0.0020682255271822214,0.003961038775742054,0.11131773144006729,0.0
