success_rate,collision_rate,mean_min_distance,near_miss_rate,mean_time,mean_episode_reward,distance_warning_cost_mean,distance_warning_cost_p50,distance_warning_cost_p90,distance_warning_cost_p95,distance_warning_cost_max,risk_sum_mean,risk_sum_p50,risk_sum_p90,risk_sum_p95,risk_sum_max,risk_max_mean,risk_max_p50,risk_max_p90,risk_max_p95,risk_max_max,applied_cost_mean,mean_reaction_eval_style,mean_reaction_nan_style,nan_reaction_rate,no_response_count,total_episodes,reaction_time,mean_risk_rise_time,mean_min_distance_after_turn
0.7599999904632568,0.019999999552965164,2.577754020690918,0.019999999552965164,23.296001434326172,17.874038696289062,0.000124793776194565,0.0,0.0,0.0,0.5589560270309448,0.0007090501603670418,1.3195563649294202e-16,1.4356993460751255e-06,0.00046558279427699745,0.9507793188095093,0.0007090481230989099,1.2899738715954617e-16,1.4356565998241422e-06,0.00046555380686186254,0.9507793188095093,0.0,0.20000000298023224,0.20000000298023224,0.0,0.0,50.0,0.20000000298023224,37.0,3.4103870391845703
