success_rate,collision_rate,mean_min_distance,near_miss_rate,mean_time,mean_episode_reward,distance_warning_cost_mean,distance_warning_cost_p50,distance_warning_cost_p90,distance_warning_cost_p95,distance_warning_cost_max,risk_sum_mean,risk_sum_p50,risk_sum_p90,risk_sum_p95,risk_sum_max,risk_max_mean,risk_max_p50,risk_max_p90,risk_max_p95,risk_max_max,applied_cost_mean
1.0,0.0,2.008546829223633,0.0,7.727999687194824,22.359594345092773,0.0,0.0,0.0,0.0,0.0,0.0008045017602853477,3.510204749090917e-07,0.0026555941440165043,0.005458211991935968,0.12170654535293579,0.0008043848210945725,3.4414773608659743e-07,0.002655466552823782,0.005458105355501175,0.12170654535293579,0.0
