success_rate,collision_rate,mean_min_distance,near_miss_rate,mean_time,mean_episode_reward,distance_warning_cost_mean,distance_warning_cost_p50,distance_warning_cost_p90,distance_warning_cost_p95,distance_warning_cost_max,risk_sum_mean,risk_sum_p50,risk_sum_p90,risk_sum_p95,risk_sum_max,risk_max_mean,risk_max_p50,risk_max_p90,risk_max_p95,risk_max_max,applied_cost_mean
1.0,0.0,1.4538612365722656,0.07999999821186066,8.471999168395996,21.916400909423828,8.208232611650601e-05,0.0,0.00012191692076157779,0.0006847336771897972,0.0455017164349556,0.0053698401898145676,0.0002992758236359805,0.017109984531998634,0.02857961505651474,0.39452552795410156,0.0053623090498149395,0.0002984462189488113,0.017074493691325188,0.028522668406367302,0.39452552795410156,0.0
