success_rate,collision_rate,mean_min_distance,near_miss_rate,mean_time,mean_episode_reward,distance_warning_cost_mean,distance_warning_cost_p50,distance_warning_cost_p90,distance_warning_cost_p95,distance_warning_cost_max,risk_sum_mean,risk_sum_p50,risk_sum_p90,risk_sum_p95,risk_sum_max,risk_max_mean,risk_max_p50,risk_max_p90,risk_max_p95,risk_max_max,applied_cost_mean,mean_reaction_eval_style,mean_reaction_nan_style,nan_reaction_rate,no_response_count,total_episodes,reaction_time,mean_risk_rise_time,mean_min_distance_after_turn
1.0,0.0,1.3164339065551758,0.3799999952316284,9.032000541687012,22.093299865722656,0.0002970975183416158,0.0,0.0,0.00024574922281317413,0.1550562083721161,0.03236491233110428,1.6833144655947763e-08,0.07164429128170013,0.2295282781124115,1.6720945835113525,0.030510006472468376,1.6833142879590923e-08,0.07125061750411987,0.21834897994995117,0.8858163356781006,0.0,0.20000000298023224,0.20000000298023224,0.0,0.0,50.0,0.20000000298023224,37.0,1.321174144744873
