success_rate,collision_rate,mean_min_distance,near_miss_rate,mean_time,mean_episode_reward,distance_warning_cost_mean,distance_warning_cost_p50,distance_warning_cost_p90,distance_warning_cost_p95,distance_warning_cost_max,risk_sum_mean,risk_sum_p50,risk_sum_p90,risk_sum_p95,risk_sum_max,risk_max_mean,risk_max_p50,risk_max_p90,risk_max_p95,risk_max_max,applied_cost_mean
1.0,0.0,2.2377262115478516,0.0,8.787999153137207,22.297861099243164,0.0,0.0,0.0,0.0,0.0,0.0002487599558662623,2.2011459321902294e-08,0.0006206764956004918,0.0013531652512028813,0.14616557955741882,0.00024875468807294965,2.201144511104758e-08,0.0006206646794453263,0.00135314732324332,0.14616557955741882,0.0
