success_rate,collision_rate,mean_min_distance,near_miss_rate,mean_time,mean_episode_reward,distance_warning_cost_mean,distance_warning_cost_p50,distance_warning_cost_p90,distance_warning_cost_p95,distance_warning_cost_max,risk_sum_mean,risk_sum_p50,risk_sum_p90,risk_sum_p95,risk_sum_max,risk_max_mean,risk_max_p50,risk_max_p90,risk_max_p95,risk_max_max,applied_cost_mean,mean_reaction_eval_style,mean_reaction_nan_style,nan_reaction_rate,no_response_count,total_episodes,reaction_time,mean_risk_rise_time,mean_min_distance_after_turn
0.8999999761581421,0.10000000149011612,1.1107680797576904,0.5,8.559999465942383,19.76223373413086,0.0014247328508645296,0.0,0.0,0.002866500522941351,0.2412850260734558,0.048141855746507645,2.2068477145524568e-13,0.17632898688316345,0.35801130533218384,1.2726017236709595,0.04475073888897896,2.2068477145524568e-13,0.1659739762544632,0.32571941614151,0.9032477140426636,0.0,0.20000000298023224,0.20000000298023224,0.0,0.0,10.0,0.20000000298023224,37.0,1.1107680797576904
