success_rate,collision_rate,mean_min_distance,near_miss_rate,mean_time,mean_episode_reward,distance_warning_cost_mean,distance_warning_cost_p50,distance_warning_cost_p90,distance_warning_cost_p95,distance_warning_cost_max,risk_sum_mean,risk_sum_p50,risk_sum_p90,risk_sum_p95,risk_sum_max,risk_max_mean,risk_max_p50,risk_max_p90,risk_max_p95,risk_max_max,applied_cost_mean,mean_reaction_eval_style,mean_reaction_nan_style,nan_reaction_rate,no_response_count,total_episodes,reaction_time,mean_risk_rise_time,mean_min_distance_after_turn
0.8999999761581421,0.10000000149011612,1.123859167098999,0.46000000834465027,7.9639997482299805,20.258607864379883,0.016937367618083954,0.0,0.012214182876050472,0.10159142315387726,1.3690688610076904,0.04159194603562355,1.2915595242607436e-12,0.15923281013965607,0.33714595437049866,1.11725652217865,0.04072749987244606,1.2915595242607436e-12,0.15592537820339203,0.3312522768974304,0.9361443519592285,0.0,0.20000000298023224,0.20000000298023224,0.0,0.0,50.0,0.20000000298023224,37.0,1.1247299909591675
