success_rate,collision_rate,mean_min_distance,near_miss_rate,mean_time,mean_episode_reward,distance_warning_cost_mean,distance_warning_cost_p50,distance_warning_cost_p90,distance_warning_cost_p95,distance_warning_cost_max,risk_sum_mean,risk_sum_p50,risk_sum_p90,risk_sum_p95,risk_sum_max,risk_max_mean,risk_max_p50,risk_max_p90,risk_max_p95,risk_max_max,applied_cost_mean,mean_reaction_eval_style,mean_reaction_nan_style,nan_reaction_rate,no_response_count,total_episodes,reaction_time,mean_risk_rise_time,mean_min_distance_after_turn
0.800000011920929,0.20000000298023224,0.9916218519210815,0.5,8.652000427246094,18.053800582885742,0.09284546971321106,0.0,0.2901478111743927,0.6421666741371155,2.879957437515259,0.06263403594493866,3.278483040602964e-09,0.255686491727829,0.45508313179016113,1.5856585502624512,0.060568779706954956,3.278483040602964e-09,0.2549307942390442,0.4455043375492096,0.9412078857421875,0.0,0.20000000298023224,0.20000000298023224,0.0,0.0,50.0,0.20000000298023224,37.0,0.9916218519210815
