success_rate,collision_rate,mean_min_distance,near_miss_rate,mean_time,mean_episode_reward,distance_warning_cost_mean,distance_warning_cost_p50,distance_warning_cost_p90,distance_warning_cost_p95,distance_warning_cost_max,risk_sum_mean,risk_sum_p50,risk_sum_p90,risk_sum_p95,risk_sum_max,risk_max_mean,risk_max_p50,risk_max_p90,risk_max_p95,risk_max_max,applied_cost_mean,mean_reaction_eval_style,mean_reaction_nan_style,nan_reaction_rate,no_response_count,total_episodes,reaction_time,mean_risk_rise_time,mean_min_distance_after_turn
1.0,0.0,2.1434218883514404,0.019999999552965164,8.943999290466309,22.214704513549805,0.0028946364764124155,0.0,0.007089740131050348,0.017591631039977074,1.2703611850738525,0.001148178824223578,3.724123587289796e-07,0.0008841981180012226,0.004242922645062208,0.8398101925849915,0.0011478338856250048,3.723336590155668e-07,0.0008840473601594567,0.0042412723414599895,0.8398101925849915,0.0,0.20000000298023224,0.20000000298023224,0.0,0.0,50.0,0.20000000298023224,37.0,2.9548611640930176
