success_rate,collision_rate,mean_min_distance,near_miss_rate,mean_time,mean_episode_reward,distance_warning_cost_mean,distance_warning_cost_p50,distance_warning_cost_p90,distance_warning_cost_p95,distance_warning_cost_max,risk_sum_mean,risk_sum_p50,risk_sum_p90,risk_sum_p95,risk_sum_max,risk_max_mean,risk_max_p50,risk_max_p90,risk_max_p95,risk_max_max,applied_cost_mean,mean_reaction_eval_style,mean_reaction_nan_style,nan_reaction_rate,no_response_count,total_episodes,reaction_time,mean_risk_rise_time,mean_min_distance_after_turn
1.0,0.0,1.5472828149795532,0.0,7.187999725341797,22.291040420532227,0.00034578260965645313,0.0,1.7697791918180883e-05,0.0016498742625117302,0.07087942212820053,0.006354880519211292,0.00012093279656255618,0.017137082293629646,0.03316045552492142,0.4897345304489136,0.006340276449918747,0.00012054492981405929,0.017073987051844597,0.03309154883027077,0.4897345304489136,0.0,8.359999656677246,0.28205129504203796,0.22,11.0,50.0,8.359999656677246,37.0,1.9445860385894775
