success_rate,collision_rate,mean_min_distance,near_miss_rate,mean_time,mean_episode_reward,distance_warning_cost_mean,distance_warning_cost_p50,distance_warning_cost_p90,distance_warning_cost_p95,distance_warning_cost_max,risk_sum_mean,risk_sum_p50,risk_sum_p90,risk_sum_p95,risk_sum_max,risk_max_mean,risk_max_p50,risk_max_p90,risk_max_p95,risk_max_max,applied_cost_mean
0.03999999910593033,0.18000000715255737,1.1955251693725586,0.3400000035762787,36.1879997253418,4.602663516998291,0.03603741154074669,0.0,0.06609567254781723,0.21543258428573608,2.7372288703918457,0.04250623285770416,0.0006138025783002377,0.1088964194059372,0.2887899875640869,2.03718900680542,0.03732365742325783,0.0005548585904762149,0.1029890924692154,0.26737189292907715,0.9332253932952881,0.0
