success_rate,collision_rate,mean_min_distance,near_miss_rate,mean_time,mean_episode_reward,distance_warning_cost_mean,distance_warning_cost_p50,distance_warning_cost_p90,distance_warning_cost_p95,distance_warning_cost_max,risk_sum_mean,risk_sum_p50,risk_sum_p90,risk_sum_p95,risk_sum_max,risk_max_mean,risk_max_p50,risk_max_p90,risk_max_p95,risk_max_max,applied_cost_mean
1.0,0.0,1.7138577699661255,0.0,9.415999412536621,21.95632553100586,0.020763874053955078,0.0,0.07269073277711868,0.13192088901996613,0.884857177734375,0.005784183740615845,3.431738878134638e-05,0.02218390256166458,0.03314108029007912,1.3664385080337524,0.005263205152004957,3.351546183694154e-05,0.01857815682888031,0.032361529767513275,0.7413570284843445,0.0
