success_rate,collision_rate,mean_min_distance,near_miss_rate,mean_time,mean_episode_reward,distance_warning_cost_mean,distance_warning_cost_p50,distance_warning_cost_p90,distance_warning_cost_p95,distance_warning_cost_max,risk_sum_mean,risk_sum_p50,risk_sum_p90,risk_sum_p95,risk_sum_max,risk_max_mean,risk_max_p50,risk_max_p90,risk_max_p95,risk_max_max,applied_cost_mean,mean_reaction_eval_style,mean_reaction_nan_style,nan_reaction_rate,no_response_count,total_episodes,reaction_time,mean_risk_rise_time,mean_min_distance_after_turn
0.7799999713897705,0.2199999988079071,1.0931334495544434,0.5199999809265137,9.720000267028809,17.73476219177246,0.06879153102636337,0.0,0.14706777036190033,0.4548216760158539,2.98832631111145,0.03672336786985397,3.856938379787067e-11,0.09820529073476791,0.28414952754974365,1.6790835857391357,0.036033328622579575,3.852943658566588e-11,0.09820403903722763,0.28297051787376404,0.9471815824508667,0.0,0.20000000298023224,0.20000000298023224,0.0,0.0,50.0,0.20000000298023224,37.0,1.0931334495544434
