success_rate,collision_rate,mean_min_distance,near_miss_rate,mean_time,mean_episode_reward,distance_warning_cost_mean,distance_warning_cost_p50,distance_warning_cost_p90,distance_warning_cost_p95,distance_warning_cost_max,risk_sum_mean,risk_sum_p50,risk_sum_p90,risk_sum_p95,risk_sum_max,risk_max_mean,risk_max_p50,risk_max_p90,risk_max_p95,risk_max_max,applied_cost_mean,mean_reaction_eval_style,mean_reaction_nan_style,nan_reaction_rate,no_response_count,total_episodes,reaction_time,mean_risk_rise_time,mean_min_distance_after_turn
0.9800000190734863,0.019999999552965164,2.0535945892333984,0.019999999552965164,8.795999526977539,21.807172775268555,0.0025128864217549562,0.0,0.0015803659334778786,0.008783130906522274,2.4699766635894775,0.0015666336985304952,1.386814432180472e-07,0.0008366111433133483,0.013563137501478195,0.9178908467292786,0.00156661425717175,1.3243759156011947e-07,0.0008366102701984346,0.01356306578963995,0.9178908467292786,0.0,0.20000000298023224,0.20000000298023224,0.0,0.0,50.0,0.20000000298023224,37.0,2.8204433917999268
