success_rate,collision_rate,mean_min_distance,near_miss_rate,mean_time,mean_episode_reward,distance_warning_cost_mean,distance_warning_cost_p50,distance_warning_cost_p90,distance_warning_cost_p95,distance_warning_cost_max,risk_sum_mean,risk_sum_p50,risk_sum_p90,risk_sum_p95,risk_sum_max,risk_max_mean,risk_max_p50,risk_max_p90,risk_max_p95,risk_max_max,applied_cost_mean
1.0,0.0,1.568252444267273,0.07999999821186066,13.208000183105469,21.694908142089844,0.004324045963585377,0.0,0.01180283073335886,0.029999535530805588,0.8662240505218506,0.024620454758405685,0.0025498305913060904,0.07853764295578003,0.12925948202610016,1.1149451732635498,0.02285834029316902,0.0020088348537683487,0.07213392108678818,0.1239967793226242,0.892384946346283,0.0
