success_rate,collision_rate,mean_min_distance,near_miss_rate,mean_time,mean_episode_reward,distance_warning_cost_mean,distance_warning_cost_p50,distance_warning_cost_p90,distance_warning_cost_p95,distance_warning_cost_max,risk_sum_mean,risk_sum_p50,risk_sum_p90,risk_sum_p95,risk_sum_max,risk_max_mean,risk_max_p50,risk_max_p90,risk_max_p95,risk_max_max,applied_cost_mean
0.46000000834465027,0.0,3.036473274230957,0.03999999910593033,28.959999084472656,14.245919227600098,0.0014362400397658348,0.0,0.0,1.898976188385859e-05,1.495252251625061,0.0008541568531654775,5.276550748526017e-14,1.0939892490569036e-05,0.0001898210175568238,0.85603928565979,0.0008541567367501557,5.218885761916481e-14,1.0939887943095528e-05,0.0001898209739010781,0.85603928565979,0.0
