success_rate,collision_rate,mean_min_distance,near_miss_rate,mean_time,mean_episode_reward,distance_warning_cost_mean,distance_warning_cost_p50,distance_warning_cost_p90,distance_warning_cost_p95,distance_warning_cost_max,risk_sum_mean,risk_sum_p50,risk_sum_p90,risk_sum_p95,risk_sum_max,risk_max_mean,risk_max_p50,risk_max_p90,risk_max_p95,risk_max_max,applied_cost_mean,mean_reaction_eval_style,mean_reaction_nan_style,nan_reaction_rate,no_response_count,total_episodes,reaction_time,mean_risk_rise_time,mean_min_distance_after_turn
1.0,0.0,2.3106582164764404,0.0,9.319999694824219,22.321880340576172,0.00048356581828556955,0.0,0.0,0.003501327009871602,0.19887462258338928,6.431977089960128e-05,1.1087183615643426e-08,6.970678805373609e-05,0.00019927308312617242,0.04514751955866814,6.405224849004298e-05,1.1087183615643426e-08,6.907912757014856e-05,0.00019691966008394957,0.04514751955866814,0.0,0.20000000298023224,0.20000000298023224,0.0,0.0,50.0,0.20000000298023224,37.0,3.4173495769500732
