success_rate,collision_rate,mean_min_distance,near_miss_rate,mean_time,mean_episode_reward,distance_warning_cost_mean,distance_warning_cost_p50,distance_warning_cost_p90,distance_warning_cost_p95,distance_warning_cost_max,risk_sum_mean,risk_sum_p50,risk_sum_p90,risk_sum_p95,risk_sum_max,risk_max_mean,risk_max_p50,risk_max_p90,risk_max_p95,risk_max_max,applied_cost_mean
1.0,0.0,2.2181169986724854,0.0,8.307999610900879,22.156822204589844,0.0010774515103548765,0.0,0.0010696579702198505,0.00658827181905508,0.2842057943344116,0.0006405214080587029,1.6420541726347437e-07,0.0018789715832099319,0.00443040207028389,0.13102132081985474,0.0006404859595932066,1.6420452197962732e-07,0.0018789556343108416,0.0044303457252681255,0.13102132081985474,0.0
