success_rate,collision_rate,mean_min_distance,near_miss_rate,mean_time,mean_episode_reward,distance_warning_cost_mean,distance_warning_cost_p50,distance_warning_cost_p90,distance_warning_cost_p95,distance_warning_cost_max,risk_sum_mean,risk_sum_p50,risk_sum_p90,risk_sum_p95,risk_sum_max,risk_max_mean,risk_max_p50,risk_max_p90,risk_max_p95,risk_max_max,applied_cost_mean
1.0,0.0,1.7474616765975952,0.0,9.2160005569458,21.85821533203125,0.012067035771906376,0.0,0.031110404059290886,0.07914572954177856,0.6242208480834961,0.0033337764907628298,0.00018865862512029707,0.010163065046072006,0.014947277493774891,0.2420281171798706,0.0033120047301054,0.0001761062885634601,0.010096651501953602,0.014749668538570404,0.2420281171798706,0.0
