success_rate,collision_rate,mean_min_distance,near_miss_rate,mean_time,mean_episode_reward,distance_warning_cost_mean,distance_warning_cost_p50,distance_warning_cost_p90,distance_warning_cost_p95,distance_warning_cost_max,risk_sum_mean,risk_sum_p50,risk_sum_p90,risk_sum_p95,risk_sum_max,risk_max_mean,risk_max_p50,risk_max_p90,risk_max_p95,risk_max_max,applied_cost_mean,mean_reaction_eval_style,mean_reaction_nan_style,nan_reaction_rate,no_response_count,total_episodes,reaction_time,mean_risk_rise_time,mean_min_distance_after_turn
0.800000011920929,0.20000000298023224,1.0234439373016357,0.5400000214576721,9.312000274658203,18.30901336669922,0.07461591064929962,0.0,0.14302098751068115,0.4892071485519409,3.2968382835388184,0.043360572308301926,7.653837822861262e-14,0.11890479922294617,0.36290469765663147,1.7299997806549072,0.04127149656414986,7.653837822861262e-14,0.11880122870206833,0.3562734127044678,0.9638148546218872,0.0,0.20000000298023224,0.20000000298023224,0.0,0.0,50.0,0.20000000298023224,37.0,1.0234439373016357
