success_rate,collision_rate,mean_min_distance,near_miss_rate,mean_time,mean_episode_reward,distance_warning_cost_mean,distance_warning_cost_p50,distance_warning_cost_p90,distance_warning_cost_p95,distance_warning_cost_max,risk_sum_mean,risk_sum_p50,risk_sum_p90,risk_sum_p95,risk_sum_max,risk_max_mean,risk_max_p50,risk_max_p90,risk_max_p95,risk_max_max,applied_cost_mean,mean_reaction_eval_style,mean_reaction_nan_style,nan_reaction_rate,no_response_count,total_episodes,reaction_time,mean_risk_rise_time,mean_min_distance_after_turn
0.9599999785423279,0.03999999910593033,1.1952933073043823,0.3799999952316284,7.771999359130859,21.367603302001953,0.018267083913087845,0.0,0.05775287002325058,0.12808027863502502,1.140192985534668,0.03276190161705017,1.7812867270095012e-07,0.09350229054689407,0.2587040662765503,1.1335879564285278,0.03247935697436333,1.7811109387366741e-07,0.09308647364377975,0.2577613592147827,0.9171902537345886,0.0,0.2879999876022339,0.2879999876022339,0.0,0.0,50.0,0.2879999876022339,37.0,1.195828914642334
