success_rate,collision_rate,mean_min_distance,near_miss_rate,mean_time,mean_episode_reward,distance_warning_cost_mean,distance_warning_cost_p50,distance_warning_cost_p90,distance_warning_cost_p95,distance_warning_cost_max,risk_sum_mean,risk_sum_p50,risk_sum_p90,risk_sum_p95,risk_sum_max,risk_max_mean,risk_max_p50,risk_max_p90,risk_max_p95,risk_max_max,applied_cost_mean,mean_reaction_eval_style,mean_reaction_nan_style,nan_reaction_rate,no_response_count,total_episodes,reaction_time,mean_risk_rise_time,mean_min_distance_after_turn
1.0,0.0,2.0608789920806885,0.0,8.403999328613281,22.226377487182617,0.0014398987405002117,0.0,0.002999182092025876,0.008970953524112701,0.5095428824424744,0.0008475854992866516,6.894388207001612e-07,0.0007001032936386764,0.0019788709469139576,0.6505672335624695,0.0008469552267342806,6.889188739478413e-07,0.0006996791344136,0.001978756859898567,0.6505672335624695,0.0,0.2160000056028366,0.2160000056028366,0.0,0.0,50.0,0.2160000056028366,37.0,2.615525484085083
