success_rate,collision_rate,mean_min_distance,near_miss_rate,mean_time,mean_episode_reward,distance_warning_cost_mean,distance_warning_cost_p50,distance_warning_cost_p90,distance_warning_cost_p95,distance_warning_cost_max,risk_sum_mean,risk_sum_p50,risk_sum_p90,risk_sum_p95,risk_sum_max,risk_max_mean,risk_max_p50,risk_max_p90,risk_max_p95,risk_max_max,applied_cost_mean,mean_reaction_eval_style,mean_reaction_nan_style,nan_reaction_rate,no_response_count,total_episodes,reaction_time,mean_risk_rise_time,mean_min_distance_after_turn
0.8199999928474426,0.0,2.683014154434204,0.0,20.876001358032227,19.219959259033203,0.00014182383893057704,0.0,0.0,0.00013517560728359967,0.19898787140846252,0.0005501160630956292,5.111118750456001e-10,0.00013622570259030908,0.0016427852679044008,0.4832514822483063,0.0005500553525052965,4.4345718763771913e-10,0.00013622510596178472,0.0016427852679044008,0.4832514822483063,0.0,0.20000000298023224,0.20000000298023224,0.0,0.0,50.0,0.20000000298023224,37.0,3.576478958129883
