success_rate,collision_rate,mean_min_distance,near_miss_rate,mean_time,mean_episode_reward,distance_warning_cost_mean,distance_warning_cost_p50,distance_warning_cost_p90,distance_warning_cost_p95,distance_warning_cost_max,risk_sum_mean,risk_sum_p50,risk_sum_p90,risk_sum_p95,risk_sum_max,risk_max_mean,risk_max_p50,risk_max_p90,risk_max_p95,risk_max_max,applied_cost_mean
0.05999999865889549,0.0,2.2136192321777344,0.0,38.24799728393555,4.199594497680664,0.0011813364690169692,0.0,0.0,2.1883925001020543e-05,0.5101278424263,0.00030816136859357357,4.701091599335072e-11,6.027478229952976e-05,0.0003264247498009354,0.27471527457237244,0.0003081128525082022,4.617927221173268e-11,6.0165944887558e-05,0.0003263563266955316,0.27471527457237244,0.0
