success_rate,collision_rate,mean_min_distance,near_miss_rate,mean_time,mean_episode_reward,distance_warning_cost_mean,distance_warning_cost_p50,distance_warning_cost_p90,distance_warning_cost_p95,distance_warning_cost_max,risk_sum_mean,risk_sum_p50,risk_sum_p90,risk_sum_p95,risk_sum_max,risk_max_mean,risk_max_p50,risk_max_p90,risk_max_p95,risk_max_max,applied_cost_mean
1.0,0.0,1.8538554906845093,0.0,9.90000057220459,21.97625160217285,0.011308926157653332,0.0,0.028484301641583443,0.07974600046873093,0.7921755313873291,0.0017569739138707519,4.212957719573751e-06,0.0048964014276862144,0.008433353155851364,0.2836495339870453,0.0017459344817325473,4.192071628494887e-06,0.004815814550966024,0.008378286845982075,0.2836495339870453,0.0
