success_rate,collision_rate,mean_min_distance,near_miss_rate,mean_time,mean_episode_reward,distance_warning_cost_mean,distance_warning_cost_p50,distance_warning_cost_p90,distance_warning_cost_p95,distance_warning_cost_max,risk_sum_mean,risk_sum_p50,risk_sum_p90,risk_sum_p95,risk_sum_max,risk_max_mean,risk_max_p50,risk_max_p90,risk_max_p95,risk_max_max,applied_cost_mean
1.0,0.0,2.310892343521118,0.0,8.692000389099121,22.18255043029785,0.0022786171175539494,0.0,0.005370732396841049,0.017914725467562675,0.32193487882614136,0.0004211304767522961,4.0284948710223034e-08,0.000825136958155781,0.0016495506279170513,0.23701190948486328,0.00042112867231480777,3.953555705038525e-08,0.0008251348044723272,0.0016495404997840524,0.23701190948486328,0.0
