success_rate,collision_rate,mean_min_distance,near_miss_rate,mean_time,mean_episode_reward,distance_warning_cost_mean,distance_warning_cost_p50,distance_warning_cost_p90,distance_warning_cost_p95,distance_warning_cost_max,risk_sum_mean,risk_sum_p50,risk_sum_p90,risk_sum_p95,risk_sum_max,risk_max_mean,risk_max_p50,risk_max_p90,risk_max_p95,risk_max_max,applied_cost_mean,mean_reaction_eval_style,mean_reaction_nan_style,nan_reaction_rate,no_response_count,total_episodes,reaction_time,mean_risk_rise_time,mean_min_distance_after_turn
1.0,0.0,1.9668021202087402,0.0,8.215999603271484,22.356216430664062,0.0023812700528651476,0.0,0.002320860978215933,0.018643487244844437,0.9995718598365784,0.001797546399757266,7.716302206972614e-06,0.0036516436375677586,0.012799020856618881,0.7304793000221252,0.0017974756192415953,7.691575774515513e-06,0.0036516410764306784,0.012799011543393135,0.7304793000221252,0.0,0.20000000298023224,0.20000000298023224,0.0,0.0,50.0,0.20000000298023224,37.0,2.5403547286987305
