success_rate,collision_rate,mean_min_distance,near_miss_rate,mean_time,mean_episode_reward,distance_warning_cost_mean,distance_warning_cost_p50,distance_warning_cost_p90,distance_warning_cost_p95,distance_warning_cost_max,risk_sum_mean,risk_sum_p50,risk_sum_p90,risk_sum_p95,risk_sum_max,risk_max_mean,risk_max_p50,risk_max_p90,risk_max_p95,risk_max_max,applied_cost_mean
1.0,0.0,1.25043523311615,0.11999999731779099,7.416000843048096,22.049972534179688,0.009178885258734226,0.0,0.029859965667128563,0.05775471776723862,0.6311242580413818,0.013016974553465843,0.003848694497719407,0.03959338366985321,0.061226293444633484,0.6327853202819824,0.012727332301437855,0.0035543828271329403,0.03901093080639839,0.05978900566697121,0.6327853202819824,0.0
