success_rate,collision_rate,mean_min_distance,near_miss_rate,mean_time,mean_episode_reward,distance_warning_cost_mean,distance_warning_cost_p50,distance_warning_cost_p90,distance_warning_cost_p95,distance_warning_cost_max,risk_sum_mean,risk_sum_p50,risk_sum_p90,risk_sum_p95,risk_sum_max,risk_max_mean,risk_max_p50,risk_max_p90,risk_max_p95,risk_max_max,applied_cost_mean
1.0,0.0,1.3242287635803223,0.05999999865889549,7.416000843048096,22.075899124145508,0.007372318301349878,3.2906540582189336e-05,0.026820702478289604,0.04378403723239899,0.5642034411430359,0.01287561934441328,0.004077030345797539,0.03563407436013222,0.05042394995689392,0.4394499361515045,0.012408923357725143,0.004016847815364599,0.034680962562561035,0.049380697309970856,0.4394499361515045,0.0
