success_rate,collision_rate,mean_min_distance,near_miss_rate,mean_time,mean_episode_reward,distance_warning_cost_mean,distance_warning_cost_p50,distance_warning_cost_p90,distance_warning_cost_p95,distance_warning_cost_max,risk_sum_mean,risk_sum_p50,risk_sum_p90,risk_sum_p95,risk_sum_max,risk_max_mean,risk_max_p50,risk_max_p90,risk_max_p95,risk_max_max,applied_cost_mean,mean_reaction_eval_style,mean_reaction_nan_style,nan_reaction_rate,no_response_count,total_episodes,reaction_time,mean_risk_rise_time,mean_min_distance_after_turn
1.0,0.0,2.1959519386291504,0.0,10.164000511169434,22.099645614624023,9.005729953059927e-05,0.0,0.0,0.0005287374369800091,0.06915722042322159,0.002295649843290448,1.0651087650748181e-11,0.0016650690231472254,0.012023430317640305,0.676408588886261,0.002295649843290448,1.036600839887658e-11,0.0016650690231472254,0.012023430317640305,0.676408588886261,0.0,0.20000000298023224,0.20000000298023224,0.0,0.0,50.0,0.20000000298023224,37.0,3.418386220932007
