success_rate,collision_rate,mean_min_distance,near_miss_rate,mean_time,mean_episode_reward,distance_warning_cost_mean,distance_warning_cost_p50,distance_warning_cost_p90,distance_warning_cost_p95,distance_warning_cost_max,risk_sum_mean,risk_sum_p50,risk_sum_p90,risk_sum_p95,risk_sum_max,risk_max_mean,risk_max_p50,risk_max_p90,risk_max_p95,risk_max_max,applied_cost_mean,mean_reaction_eval_style,mean_reaction_nan_style,nan_reaction_rate,no_response_count,total_episodes,reaction_time,mean_risk_rise_time,mean_min_distance_after_turn
0.9800000190734863,0.019999999552965164,1.3335366249084473,0.2199999988079071,9.035999298095703,21.80614471435547,0.010255090892314911,0.0,0.02856593392789364,0.05806155130267143,0.9792755842208862,0.036733221262693405,8.414135816044166e-13,0.14179037511348724,0.26292654871940613,1.4599227905273438,0.035786233842372894,8.414135816044166e-13,0.1395680457353592,0.2548127770423889,0.9029543399810791,0.0,0.20799998939037323,0.20799998939037323,0.0,0.0,50.0,0.20799998939037323,37.0,1.3426299095153809
