success_rate,collision_rate,mean_min_distance,near_miss_rate,mean_time,mean_episode_reward,distance_warning_cost_mean,distance_warning_cost_p50,distance_warning_cost_p90,distance_warning_cost_p95,distance_warning_cost_max,risk_sum_mean,risk_sum_p50,risk_sum_p90,risk_sum_p95,risk_sum_max,risk_max_mean,risk_max_p50,risk_max_p90,risk_max_p95,risk_max_max,applied_cost_mean
1.0,0.0,2.257570743560791,0.0,8.680000305175781,22.133529663085938,0.0023194453679025173,0.0,0.004087401553988457,0.01570289582014084,0.7733974456787109,0.0010975172044709325,1.10707309985969e-08,0.0036189428064972162,0.006789080332964659,0.3438571095466614,0.0010788824874907732,1.1054267723409339e-08,0.003603932447731495,0.006681516300886869,0.3438571095466614,0.0
