success_rate,collision_rate,mean_min_distance,near_miss_rate,mean_time,mean_episode_reward,distance_warning_cost_mean,distance_warning_cost_p50,distance_warning_cost_p90,distance_warning_cost_p95,distance_warning_cost_max,risk_sum_mean,risk_sum_p50,risk_sum_p90,risk_sum_p95,risk_sum_max,risk_max_mean,risk_max_p50,risk_max_p90,risk_max_p95,risk_max_max,applied_cost_mean
1.0,0.0,2.488283157348633,0.0,9.892000198364258,22.269298553466797,2.417692303424701e-05,0.0,0.0,3.4580134524730965e-05,0.020402047783136368,0.00040286395233124495,1.4955603422350805e-10,9.858019620878622e-05,0.002217040164396167,0.23766735196113586,0.00040286395233124495,1.495554236008445e-10,9.858019620878622e-05,0.002217040164396167,0.23766735196113586,0.0
