success_rate,collision_rate,mean_min_distance,near_miss_rate,mean_time,mean_episode_reward,distance_warning_cost_mean,distance_warning_cost_p50,distance_warning_cost_p90,distance_warning_cost_p95,distance_warning_cost_max,risk_sum_mean,risk_sum_p50,risk_sum_p90,risk_sum_p95,risk_sum_max,risk_max_mean,risk_max_p50,risk_max_p90,risk_max_p95,risk_max_max,applied_cost_mean,mean_reaction_eval_style,mean_reaction_nan_style,nan_reaction_rate,no_response_count,total_episodes,reaction_time,mean_risk_rise_time,mean_min_distance_after_turn
0.8199999928474426,0.18000000715255737,1.0189517736434937,0.5199999809265137,10.788000106811523,18.11017417907715,0.1046004518866539,6.671014125458896e-05,0.33912381529808044,0.6730437278747559,2.6791670322418213,0.038426097482442856,1.5299299327420357e-10,0.13495197892189026,0.3089140057563782,1.7292749881744385,0.03760240226984024,1.5299299327420357e-10,0.13493499159812927,0.3063521087169647,0.929938554763794,0.0,0.2240000218153,0.2240000218153,0.0,0.0,50.0,0.2240000218153,37.0,1.0189517736434937
