success_rate,collision_rate,mean_min_distance,near_miss_rate,mean_time,mean_episode_reward,distance_warning_cost_mean,distance_warning_cost_p50,distance_warning_cost_p90,distance_warning_cost_p95,distance_warning_cost_max,risk_sum_mean,risk_sum_p50,risk_sum_p90,risk_sum_p95,risk_sum_max,risk_max_mean,risk_max_p50,risk_max_p90,risk_max_p95,risk_max_max,applied_cost_mean
1.0,0.0,1.7523279190063477,0.0,9.584000587463379,21.819162368774414,0.010720602236688137,0.0,0.03089633397758007,0.0726512223482132,0.5227771401405334,0.002122504636645317,3.832202492048964e-05,0.004535485990345478,0.009395969100296497,0.4027525782585144,0.0021170927211642265,3.756251317099668e-05,0.0045318338088691235,0.009385106153786182,0.40273159742355347,0.0
