success_rate,collision_rate,mean_min_distance,near_miss_rate,mean_time,mean_episode_reward,distance_warning_cost_mean,distance_warning_cost_p50,distance_warning_cost_p90,distance_warning_cost_p95,distance_warning_cost_max,risk_sum_mean,risk_sum_p50,risk_sum_p90,risk_sum_p95,risk_sum_max,risk_max_mean,risk_max_p50,risk_max_p90,risk_max_p95,risk_max_max,applied_cost_mean
0.9200000166893005,0.0,2.5989670753479004,0.019999999552965164,19.303998947143555,20.555992126464844,0.001854612841270864,0.0,0.001512771239504218,0.008719312027096748,2.0128257274627686,0.0013232540804892778,5.752809253273261e-14,0.00036820126115344465,0.007318415213376284,0.8902510404586792,0.001323095872066915,5.752807220394188e-14,0.00036820126115344465,0.0073179816827178,0.8902510404586792,0.0
