success_rate,collision_rate,mean_min_distance,near_miss_rate,mean_time,mean_episode_reward,distance_warning_cost_mean,distance_warning_cost_p50,distance_warning_cost_p90,distance_warning_cost_p95,distance_warning_cost_max,risk_sum_mean,risk_sum_p50,risk_sum_p90,risk_sum_p95,risk_sum_max,risk_max_mean,risk_max_p50,risk_max_p90,risk_max_p95,risk_max_max,applied_cost_mean,mean_reaction_eval_style,mean_reaction_nan_style,nan_reaction_rate,no_response_count,total_episodes,reaction_time,mean_risk_rise_time,mean_min_distance_after_turn
0.9399999976158142,0.05999999865889549,1.117437720298767,0.46000000834465027,9.843999862670898,20.754379272460938,0.09082150459289551,8.644085937703494e-06,0.3335103690624237,0.5599573254585266,2.4917829036712646,0.023713067173957825,1.6829459070777375e-07,0.03497934341430664,0.14666800200939178,0.9191625118255615,0.023598192259669304,1.6743224762194586e-07,0.03497932851314545,0.14522697031497955,0.9191625118255615,0.0,0.20000000298023224,0.20000000298023224,0.0,0.0,50.0,0.20000000298023224,37.0,1.117437720298767
