success_rate,collision_rate,mean_min_distance,near_miss_rate,mean_time,mean_episode_reward,distance_warning_cost_mean,distance_warning_cost_p50,distance_warning_cost_p90,distance_warning_cost_p95,distance_warning_cost_max,risk_sum_mean,risk_sum_p50,risk_sum_p90,risk_sum_p95,risk_sum_max,risk_max_mean,risk_max_p50,risk_max_p90,risk_max_p95,risk_max_max,applied_cost_mean
1.0,0.0,1.7572749853134155,0.0,7.227999687194824,22.402481079101562,4.0826409531291574e-05,0.0,1.8856524548027664e-05,9.90985645330511e-05,0.01444423757493496,0.0041361283510923386,5.0057020416716114e-05,0.010167748667299747,0.023348867893218994,0.26541149616241455,0.004075031261891127,4.965400148648769e-05,0.00977995153516531,0.02314850315451622,0.26541149616241455,0.0
