success_rate,collision_rate,mean_min_distance,near_miss_rate,mean_time,mean_episode_reward,distance_warning_cost_mean,distance_warning_cost_p50,distance_warning_cost_p90,distance_warning_cost_p95,distance_warning_cost_max,risk_sum_mean,risk_sum_p50,risk_sum_p90,risk_sum_p95,risk_sum_max,risk_max_mean,risk_max_p50,risk_max_p90,risk_max_p95,risk_max_max,applied_cost_mean,mean_reaction_eval_style,mean_reaction_nan_style,nan_reaction_rate,no_response_count,total_episodes,reaction_time,mean_risk_rise_time,mean_min_distance_after_turn
1.0,0.0,1.7966443300247192,0.019999999552965164,7.971999645233154,22.226112365722656,0.0006726565770804882,0.0,0.0001655646483413875,0.004305276554077864,0.4013393819332123,0.0031184584368020296,4.793009793502279e-06,0.011839448474347591,0.017809836193919182,0.8268999457359314,0.0031177734490484,4.785218607139541e-06,0.01183940377086401,0.017807306721806526,0.8268999457359314,0.0,0.20000000298023224,0.20000000298023224,0.0,0.0,50.0,0.20000000298023224,37.0,2.8459951877593994
