success_rate,collision_rate,mean_min_distance,near_miss_rate,mean_time,mean_episode_reward,distance_warning_cost_mean,distance_warning_cost_p50,distance_warning_cost_p90,distance_warning_cost_p95,distance_warning_cost_max,risk_sum_mean,risk_sum_p50,risk_sum_p90,risk_sum_p95,risk_sum_max,risk_max_mean,risk_max_p50,risk_max_p90,risk_max_p95,risk_max_max,applied_cost_mean,mean_reaction_eval_style,mean_reaction_nan_style,nan_reaction_rate,no_response_count,total_episodes,reaction_time,mean_risk_rise_time,mean_min_distance_after_turn
0.47999998927116394,0.0,2.5480573177337646,0.03999999910593033,34.80799865722656,14.743962287902832,0.0041206227615475655,0.0,0.002527372445911169,0.020574770867824554,1.7804927825927734,0.0009428407065570354,1.2129939291622148e-16,2.1755129637313075e-05,0.000693280017003417,0.8753514885902405,0.0009428407065570354,1.2129939291622148e-16,2.1755129637313075e-05,0.000693280017003417,0.8753514885902405,0.0,0.20000000298023224,0.20000000298023224,0.0,0.0,50.0,0.20000000298023224,37.0,2.8057620525360107
