success_rate,collision_rate,mean_min_distance,near_miss_rate,mean_time,mean_episode_reward,distance_warning_cost_mean,distance_warning_cost_p50,distance_warning_cost_p90,distance_warning_cost_p95,distance_warning_cost_max,risk_sum_mean,risk_sum_p50,risk_sum_p90,risk_sum_p95,risk_sum_max,risk_max_mean,risk_max_p50,risk_max_p90,risk_max_p95,risk_max_max,applied_cost_mean,mean_reaction_eval_style,mean_reaction_nan_style,nan_reaction_rate,no_response_count,total_episodes,reaction_time,mean_risk_rise_time,mean_min_distance_after_turn
0.8199999928474426,0.18000000715255737,1.0321232080459595,0.5199999809265137,8.67599868774414,18.516042709350586,0.07884598523378372,0.0,0.21516023576259613,0.5695085525512695,3.1385855674743652,0.04639047756791115,4.447521517736419e-10,0.13511063158512115,0.3653703033924103,1.723057746887207,0.04514225572347641,4.447521517736419e-10,0.13490889966487885,0.3641447126865387,0.9553486704826355,0.0,0.20000000298023224,0.20000000298023224,0.0,0.0,50.0,0.20000000298023224,37.0,1.0321232080459595
