success_rate,collision_rate,mean_min_distance,near_miss_rate,mean_time,mean_episode_reward,distance_warning_cost_mean,distance_warning_cost_p50,distance_warning_cost_p90,distance_warning_cost_p95,distance_warning_cost_max,risk_sum_mean,risk_sum_p50,risk_sum_p90,risk_sum_p95,risk_sum_max,risk_max_mean,risk_max_p50,risk_max_p90,risk_max_p95,risk_max_max,applied_cost_mean
1.0,0.0,1.3441035747528076,0.10000000149011612,8.232000350952148,22.018957138061523,0.006729509215801954,0.0,0.021268945187330246,0.048579588532447815,0.7415066957473755,0.008921811357140541,0.0004770266532432288,0.03513897582888603,0.053266286849975586,0.8655482530593872,0.008909822441637516,0.00046069640666246414,0.03509321063756943,0.05319763720035553,0.8655482530593872,0.0
