success_rate,collision_rate,mean_min_distance,near_miss_rate,mean_time,mean_episode_reward,distance_warning_cost_mean,distance_warning_cost_p50,distance_warning_cost_p90,distance_warning_cost_p95,distance_warning_cost_max,risk_sum_mean,risk_sum_p50,risk_sum_p90,risk_sum_p95,risk_sum_max,risk_max_mean,risk_max_p50,risk_max_p90,risk_max_p95,risk_max_max,applied_cost_mean
1.0,0.0,2.4336185455322266,0.0,8.100000381469727,22.309579849243164,0.0017389985732734203,0.0,0.0060563660226762295,0.011965167708694935,0.27064886689186096,0.0007898164330981672,1.7206205882303038e-07,0.0021210506092756987,0.005059035494923592,0.301968514919281,0.0007887316751293838,1.718296829267274e-07,0.002104708459228277,0.005058690439909697,0.301968514919281,0.0
