success_rate,collision_rate,mean_min_distance,near_miss_rate,mean_time,mean_episode_reward,distance_warning_cost_mean,distance_warning_cost_p50,distance_warning_cost_p90,distance_warning_cost_p95,distance_warning_cost_max,risk_sum_mean,risk_sum_p50,risk_sum_p90,risk_sum_p95,risk_sum_max,risk_max_mean,risk_max_p50,risk_max_p90,risk_max_p95,risk_max_max,applied_cost_mean
1.0,0.0,2.79556941986084,0.0,9.04800033569336,22.26898956298828,0.00023586690076626837,0.0,0.0,0.00026306373183615506,0.25865638256073,6.632978329434991e-05,7.692987913365812e-10,3.753431883524172e-05,0.00010856118751689792,0.038113389164209366,6.609923730138689e-05,7.689849312875197e-10,3.547227242961526e-05,0.00010441819176776335,0.038113389164209366,0.0
