success_rate,collision_rate,mean_min_distance,near_miss_rate,mean_time,mean_episode_reward,distance_warning_cost_mean,distance_warning_cost_p50,distance_warning_cost_p90,distance_warning_cost_p95,distance_warning_cost_max,risk_sum_mean,risk_sum_p50,risk_sum_p90,risk_sum_p95,risk_sum_max,risk_max_mean,risk_max_p50,risk_max_p90,risk_max_p95,risk_max_max,applied_cost_mean
1.0,0.0,1.636544942855835,0.05999999865889549,9.539999961853027,21.902965545654297,0.030241981148719788,0.0,0.11227824538946152,0.19452959299087524,1.5798203945159912,0.0107105802744627,0.00011150276259286329,0.032986052334308624,0.06465090066194534,0.8537478446960449,0.010643849149346352,0.0001114236656576395,0.03289913013577461,0.06457271426916122,0.8537478446960449,0.0
