success_rate,collision_rate,mean_min_distance,near_miss_rate,mean_time,mean_episode_reward,distance_warning_cost_mean,distance_warning_cost_p50,distance_warning_cost_p90,distance_warning_cost_p95,distance_warning_cost_max,risk_sum_mean,risk_sum_p50,risk_sum_p90,risk_sum_p95,risk_sum_max,risk_max_mean,risk_max_p50,risk_max_p90,risk_max_p95,risk_max_max,applied_cost_mean,mean_reaction_eval_style,mean_reaction_nan_style,nan_reaction_rate,no_response_count,total_episodes,reaction_time,mean_risk_rise_time,mean_min_distance_after_turn
0.8600000143051147,0.0,1.883150577545166,0.019999999552965164,25.7239990234375,19.669492721557617,0.005835713818669319,0.0,0.008691159076988697,0.033002421259880066,1.9161241054534912,0.0027049733325839043,7.418897714385012e-18,0.005848227068781853,0.019853699952363968,0.884129524230957,0.0027038678526878357,7.418897714385012e-18,0.005842609331011772,0.019852368161082268,0.884129524230957,0.0,0.20000000298023224,0.20000000298023224,0.0,0.0,50.0,0.20000000298023224,37.0,1.8856570720672607
