success_rate,collision_rate,mean_min_distance,near_miss_rate,mean_time,mean_episode_reward,distance_warning_cost_mean,distance_warning_cost_p50,distance_warning_cost_p90,distance_warning_cost_p95,distance_warning_cost_max,risk_sum_mean,risk_sum_p50,risk_sum_p90,risk_sum_p95,risk_sum_max,risk_max_mean,risk_max_p50,risk_max_p90,risk_max_p95,risk_max_max,applied_cost_mean
1.0,0.0,2.555093288421631,0.0,8.65999984741211,22.27968978881836,0.0012738846708089113,0.0,0.00392879219725728,0.008757135830819607,0.43623101711273193,0.00041067280108109117,1.3908061369249936e-08,0.0011654412373900414,0.002573243109509349,0.10093266516923904,0.0004074239986948669,1.363019919153885e-08,0.0011654362315312028,0.0025275181978940964,0.10093266516923904,0.0
