success_rate,collision_rate,mean_min_distance,near_miss_rate,mean_time,mean_episode_reward,distance_warning_cost_mean,distance_warning_cost_p50,distance_warning_cost_p90,distance_warning_cost_p95,distance_warning_cost_max,risk_sum_mean,risk_sum_p50,risk_sum_p90,risk_sum_p95,risk_sum_max,risk_max_mean,risk_max_p50,risk_max_p90,risk_max_p95,risk_max_max,applied_cost_mean
1.0,0.0,1.7653247117996216,0.0,7.328000068664551,22.397262573242188,0.00016485917149111629,0.0,1.9866176444338635e-05,0.0009393802029080689,0.0545436330139637,0.003694169456139207,3.632779043982737e-05,0.010817606002092361,0.022111473605036736,0.2784547507762909,0.003690816229209304,3.5972538171336055e-05,0.010796917602419853,0.022108782082796097,0.2784547507762909,0.0
