success_rate,collision_rate,mean_min_distance,near_miss_rate,mean_time,mean_episode_reward,distance_warning_cost_mean,distance_warning_cost_p50,distance_warning_cost_p90,distance_warning_cost_p95,distance_warning_cost_max,risk_sum_mean,risk_sum_p50,risk_sum_p90,risk_sum_p95,risk_sum_max,risk_max_mean,risk_max_p50,risk_max_p90,risk_max_p95,risk_max_max,applied_cost_mean,mean_reaction_eval_style,mean_reaction_nan_style,nan_reaction_rate,no_response_count,total_episodes,reaction_time,mean_risk_rise_time,mean_min_distance_after_turn
0.4000000059604645,0.0,2.7992868423461914,0.0,31.280000686645508,13.109872817993164,9.004329331219196e-05,0.0,0.0,2.013413904933259e-06,0.14314332604408264,7.872437709011137e-05,1.0252073712538334e-12,6.172993494146795e-07,5.4435473430203274e-05,0.10894061625003815,7.872437709011137e-05,1.0242301798357722e-12,6.172993494146795e-07,5.4435473430203274e-05,0.10894061625003815,0.0,0.20000000298023224,0.20000000298023224,0.0,0.0,50.0,0.20000000298023224,37.0,3.4738004207611084
