success_rate,collision_rate,mean_min_distance,near_miss_rate,mean_time,mean_episode_reward,distance_warning_cost_mean,distance_warning_cost_p50,distance_warning_cost_p90,distance_warning_cost_p95,distance_warning_cost_max,risk_sum_mean,risk_sum_p50,risk_sum_p90,risk_sum_p95,risk_sum_max,risk_max_mean,risk_max_p50,risk_max_p90,risk_max_p95,risk_max_max,applied_cost_mean
1.0,0.0,1.6682713031768799,0.0,8.48799991607666,22.016761779785156,0.0154122831299901,0.0006918769795447588,0.03828014060854912,0.10737459361553192,0.7712910175323486,0.003265731269493699,0.0004127838765271008,0.009437068365514278,0.013076335191726685,0.4142267107963562,0.003238025354221463,0.0004096413031220436,0.009369549341499805,0.012945804744958878,0.4142267107963562,0.0
