success_rate,collision_rate,mean_min_distance,near_miss_rate,mean_time,mean_episode_reward,distance_warning_cost_mean,distance_warning_cost_p50,distance_warning_cost_p90,distance_warning_cost_p95,distance_warning_cost_max,risk_sum_mean,risk_sum_p50,risk_sum_p90,risk_sum_p95,risk_sum_max,risk_max_mean,risk_max_p50,risk_max_p90,risk_max_p95,risk_max_max,applied_cost_mean
1.0,0.0,2.0277390480041504,0.0,8.027999877929688,22.381505966186523,0.00015154942229855806,0.0,3.5549259337130934e-05,0.0012168943649157882,0.12628312408924103,0.0009303846745751798,9.11237748368876e-06,0.0013414901914075017,0.005221995525062084,0.1795370876789093,0.0009302350226789713,9.112301995628513e-06,0.0013414776185527444,0.005221937783062458,0.1795370876789093,0.0
