success_rate,collision_rate,mean_min_distance,near_miss_rate,mean_time,mean_episode_reward,distance_warning_cost_mean,distance_warning_cost_p50,distance_warning_cost_p90,distance_warning_cost_p95,distance_warning_cost_max,risk_sum_mean,risk_sum_p50,risk_sum_p90,risk_sum_p95,risk_sum_max,risk_max_mean,risk_max_p50,risk_max_p90,risk_max_p95,risk_max_max,applied_cost_mean,mean_reaction_eval_style,mean_reaction_nan_style,nan_reaction_rate,no_response_count,total_episodes,reaction_time,mean_risk_rise_time,mean_min_distance_after_turn
1.0,0.0,1.5413485765457153,0.019999999552965164,7.280000686645508,22.334060668945312,0.0010446057422086596,0.0,0.00046840085997246206,0.006639503873884678,0.25165730714797974,0.0072060804814100266,9.165811206912622e-05,0.02494962140917778,0.040489312261343,0.5770392417907715,0.007180286105722189,9.158552711596712e-05,0.024893583729863167,0.04031934216618538,0.5770392417907715,0.0,2.7039999961853027,0.514893651008606,0.06,3.0,50.0,2.7039999961853027,37.0,2.0296685695648193
