success_rate,collision_rate,mean_min_distance,near_miss_rate,mean_time,mean_episode_reward,distance_warning_cost_mean,distance_warning_cost_p50,distance_warning_cost_p90,distance_warning_cost_p95,distance_warning_cost_max,risk_sum_mean,risk_sum_p50,risk_sum_p90,risk_sum_p95,risk_sum_max,risk_max_mean,risk_max_p50,risk_max_p90,risk_max_p95,risk_max_max,applied_cost_mean,mean_reaction_eval_style,mean_reaction_nan_style,nan_reaction_rate,no_response_count,total_episodes,reaction_time,mean_risk_rise_time,mean_min_distance_after_turn
1.0,0.0,2.0372328758239746,0.0,8.916000366210938,22.336284637451172,0.0010073159355670214,0.0,0.0009054536349140108,0.008279399015009403,0.19998128712177277,0.000618793535977602,1.0140427093574544e-06,0.0012638121843338013,0.00449067959561944,0.1957274079322815,0.0006186983664520085,1.0140415724890772e-06,0.0012634238228201866,0.004490679129958153,0.1957274079322815,0.0,0.20000000298023224,0.20000000298023224,0.0,0.0,50.0,0.20000000298023224,37.0,2.9071249961853027
