success_rate,collision_rate,mean_min_distance,near_miss_rate,mean_time,mean_episode_reward,distance_warning_cost_mean,distance_warning_cost_p50,distance_warning_cost_p90,distance_warning_cost_p95,distance_warning_cost_max,risk_sum_mean,risk_sum_p50,risk_sum_p90,risk_sum_p95,risk_sum_max,risk_max_mean,risk_max_p50,risk_max_p90,risk_max_p95,risk_max_max,applied_cost_mean,mean_reaction_eval_style,mean_reaction_nan_style,nan_reaction_rate,no_response_count,total_episodes,reaction_time,mean_risk_rise_time,mean_min_distance_after_turn
0.9599999785423279,0.03999999910593033,1.180930733680725,0.41999998688697815,7.408000469207764,21.366188049316406,0.019026460126042366,0.0,0.05198892578482628,0.12479183822870255,1.292178750038147,0.03446323797106743,2.088424480461981e-06,0.12267803400754929,0.2553131878376007,0.929924488067627,0.03446296602487564,2.0756210687977728e-06,0.12267796695232391,0.25531280040740967,0.929924488067627,0.0,0.23200000822544098,0.23200000822544098,0.0,0.0,50.0,0.23200000822544098,37.0,1.185227394104004
