success_rate,collision_rate,mean_min_distance,near_miss_rate,mean_time,mean_episode_reward,distance_warning_cost_mean,distance_warning_cost_p50,distance_warning_cost_p90,distance_warning_cost_p95,distance_warning_cost_max,risk_sum_mean,risk_sum_p50,risk_sum_p90,risk_sum_p95,risk_sum_max,risk_max_mean,risk_max_p50,risk_max_p90,risk_max_p95,risk_max_max,applied_cost_mean,distance_warning_cost_nonzero_rate,scenario_valid_rate,planned_threat_valid_rate,threat_valid_rate,realized_near_miss_rate,predicted_cpa_to_nominal_path_mean,mean_reaction_eval_style,mean_reaction_nan_style,nan_reaction_rate,no_response_count,total_episodes,reaction_time,mean_risk_rise_time,mean_min_distance_after_turn
0.9599999785423279,0.03999999910593033,1.9738785028457642,0.18000000715255737,8.027999877929688,21.299461364746094,0.0006924648769199848,0.0,3.663138272713695e-07,0.0016554580070078373,0.27334335446357727,0.0143559779971838,6.265238761821168e-12,0.05358698219060898,0.1047733724117279,0.9089769721031189,0.0143559779971838,6.265238761821168e-12,0.05358698219060898,0.1047733724117279,0.9089769721031189,0.0,0.18,1.0,1.0,1.0,0.2800000011920929,2.388965469890536e-07,0.2800000011920929,0.2800000011920929,0.0,0.0,50.0,0.2800000011920929,30.756000518798828,2.10312557220459
