success_rate,collision_rate,mean_min_distance,near_miss_rate,mean_time,mean_episode_reward,distance_warning_cost_mean,distance_warning_cost_p50,distance_warning_cost_p90,distance_warning_cost_p95,distance_warning_cost_max,risk_sum_mean,risk_sum_p50,risk_sum_p90,risk_sum_p95,risk_sum_max,risk_max_mean,risk_max_p50,risk_max_p90,risk_max_p95,risk_max_max,applied_cost_mean,distance_warning_cost_nonzero_rate,scenario_valid_rate,planned_threat_valid_rate,threat_valid_rate,realized_near_miss_rate,predicted_cpa_to_nominal_path_mean
1.0,0.0,2.1785998344421387,0.019999999552965164,8.092000007629395,22.373018264770508,0.0023699256125837564,0.0,0.008555126376450062,0.016221342608332634,1.0054168701171875,0.00023471351596526802,5.1246978925265316e-17,0.000293107790639624,0.0019373315153643489,0.1328769326210022,0.00023471351596526802,5.1246978925265316e-17,0.000293107790639624,0.0019373315153643489,0.1328769326210022,0.0,0.28,1.0,1.0,1.0,0.019999999552965164,nan
