success_rate,collision_rate,mean_min_distance,near_miss_rate,mean_time,mean_episode_reward,distance_warning_cost_mean,distance_warning_cost_p50,distance_warning_cost_p90,distance_warning_cost_p95,distance_warning_cost_max,risk_sum_mean,risk_sum_p50,risk_sum_p90,risk_sum_p95,risk_sum_max,risk_max_mean,risk_max_p50,risk_max_p90,risk_max_p95,risk_max_max,applied_cost_mean,distance_warning_cost_nonzero_rate,scenario_valid_rate,planned_threat_valid_rate,threat_valid_rate,realized_near_miss_rate,predicted_cpa_to_nominal_path_mean,mean_reaction_eval_style,mean_reaction_nan_style,nan_reaction_rate,no_response_count,total_episodes,reaction_time,mean_risk_rise_time,mean_min_distance_after_turn
0.9800000190734863,0.019999999552965164,2.1485776901245117,0.05999999865889549,8.160000801086426,21.724321365356445,0.015386948361992836,0.0,0.03116939589381218,0.12570226192474365,2.2006051540374756,0.0070013320073485374,2.0080059509141983e-16,0.023691268637776375,0.05200643837451935,0.9018462300300598,0.0070013320073485374,1.5572627943376407e-16,0.023691268637776375,0.05200643837451935,0.9018462300300598,0.0,0.4,1.0,1.0,1.0,0.2199999988079071,2.388965469890536e-07,0.20000000298023224,0.20000000298023224,0.0,0.0,50.0,0.20000000298023224,34.90800094604492,2.3717234134674072
