success_rate,collision_rate,mean_min_distance,near_miss_rate,mean_time,mean_episode_reward,distance_warning_cost_mean,distance_warning_cost_p50,distance_warning_cost_p90,distance_warning_cost_p95,distance_warning_cost_max,risk_sum_mean,risk_sum_p50,risk_sum_p90,risk_sum_p95,risk_sum_max,risk_max_mean,risk_max_p50,risk_max_p90,risk_max_p95,risk_max_max,applied_cost_mean,distance_warning_cost_nonzero_rate,scenario_valid_rate,planned_threat_valid_rate,threat_valid_rate,realized_near_miss_rate,predicted_cpa_to_nominal_path_mean
0.8999999761581421,0.03999999910593033,1.5701419115066528,0.03999999910593033,12.151998519897461,19.891098022460938,0.021005500108003616,0.0,0.0700063407421112,0.13423867523670197,2.899492025375366,0.006213964894413948,6.763021519873291e-05,0.015476834028959274,0.0346318781375885,0.9422900676727295,0.006150770932435989,6.526441575260833e-05,0.015453542582690716,0.03390093520283699,0.9422900676727295,0.0,0.98,1.0,1.0,1.0,0.4000000059604645,nan
