success_rate,collision_rate,mean_min_distance,near_miss_rate,mean_time,mean_episode_reward,distance_warning_cost_mean,distance_warning_cost_p50,distance_warning_cost_p90,distance_warning_cost_p95,distance_warning_cost_max,risk_sum_mean,risk_sum_p50,risk_sum_p90,risk_sum_p95,risk_sum_max,risk_max_mean,risk_max_p50,risk_max_p90,risk_max_p95,risk_max_max,applied_cost_mean,distance_warning_cost_nonzero_rate,scenario_valid_rate,planned_threat_valid_rate,threat_valid_rate,realized_near_miss_rate,predicted_cpa_to_nominal_path_mean
0.9800000190734863,0.019999999552965164,1.7403230667114258,0.03999999910593033,9.940000534057617,21.417396545410156,0.00013666403538081795,0.0,0.0,0.0005546513712033629,0.24378268420696259,0.007585018873214722,0.00010859440953936428,0.02405354008078575,0.039561688899993896,1.0780707597732544,0.007092988584190607,0.00010858326277229935,0.022353170439600945,0.03582492470741272,0.903705894947052,0.0,0.04,1.0,1.0,1.0,0.30000001192092896,nan
