success_rate,collision_rate,mean_min_distance,near_miss_rate,mean_time,mean_episode_reward,distance_warning_cost_mean,distance_warning_cost_p50,distance_warning_cost_p90,distance_warning_cost_p95,distance_warning_cost_max,risk_sum_mean,risk_sum_p50,risk_sum_p90,risk_sum_p95,risk_sum_max,risk_max_mean,risk_max_p50,risk_max_p90,risk_max_p95,risk_max_max,applied_cost_mean,distance_warning_cost_nonzero_rate,scenario_valid_rate,planned_threat_valid_rate,threat_valid_rate,realized_near_miss_rate,predicted_cpa_to_nominal_path_mean
0.9800000190734863,0.019999999552965164,1.3070168495178223,0.07999999821186066,8.308000564575195,21.468385696411133,0.0002911345800384879,0.0,2.8198977815918624e-05,0.0016189474845305085,0.28810614347457886,0.012656373903155327,0.00037748608156107366,0.0351935476064682,0.07893115282058716,0.977368175983429,0.012385512702167034,0.0003563834761735052,0.034286752343177795,0.07680127024650574,0.9115134477615356,0.0,0.08,1.0,1.0,1.0,0.7799999713897705,nan
