success_rate,collision_rate,mean_min_distance,near_miss_rate,mean_time,mean_episode_reward,distance_warning_cost_mean,distance_warning_cost_p50,distance_warning_cost_p90,distance_warning_cost_p95,distance_warning_cost_max,risk_sum_mean,risk_sum_p50,risk_sum_p90,risk_sum_p95,risk_sum_max,risk_max_mean,risk_max_p50,risk_max_p90,risk_max_p95,risk_max_max,applied_cost_mean,distance_warning_cost_nonzero_rate,scenario_valid_rate,planned_threat_valid_rate,threat_valid_rate,realized_near_miss_rate,predicted_cpa_to_nominal_path_mean,mean_reaction_eval_style,mean_reaction_nan_style,nan_reaction_rate,no_response_count,total_episodes,reaction_time,mean_risk_rise_time,mean_min_distance_after_turn
0.9800000190734863,0.019999999552965164,1.94060480594635,0.11999999731779099,7.9720001220703125,21.730510711669922,0.0005590406944975257,0.0,3.970317266066559e-06,0.002581463661044836,0.26010245084762573,0.007876981049776077,1.5876569503525673e-10,0.035736601799726486,0.05129777267575264,0.9066493511199951,0.007876981049776077,1.5869811020863267e-10,0.035736601799726486,0.05129777267575264,0.9066493511199951,0.0,0.12,1.0,1.0,1.0,0.30000001192092896,2.388965469890536e-07,0.5120000243186951,0.5120000243186951,0.0,0.0,50.0,0.5120000243186951,34.268001556396484,2.110067844390869
