success_rate,collision_rate,mean_min_distance,near_miss_rate,mean_time,mean_episode_reward,distance_warning_cost_mean,distance_warning_cost_p50,distance_warning_cost_p90,distance_warning_cost_p95,distance_warning_cost_max,risk_sum_mean,risk_sum_p50,risk_sum_p90,risk_sum_p95,risk_sum_max,risk_max_mean,risk_max_p50,risk_max_p90,risk_max_p95,risk_max_max,applied_cost_mean,distance_warning_cost_nonzero_rate,scenario_valid_rate,planned_threat_valid_rate,threat_valid_rate,realized_near_miss_rate,predicted_cpa_to_nominal_path_mean,mean_reaction_eval_style,mean_reaction_nan_style,nan_reaction_rate,no_response_count,total_episodes,reaction_time,mean_risk_rise_time,mean_min_distance_after_turn
0.9800000190734863,0.019999999552965164,2.053837776184082,0.10000000149011612,8.204000473022461,21.960142135620117,0.00036814436316490173,0.0,0.0,0.0016025906661525369,0.25848206877708435,0.007146600633859634,9.767671697510916e-13,0.02494598925113678,0.05495550110936165,0.8900929689407349,0.007146600633859634,9.767671697510916e-13,0.02494598925113678,0.05495550110936165,0.8900929689407349,0.0,0.1,1.0,1.0,1.0,0.25999999046325684,3.4775345625348564e-07,0.20000000298023224,0.20000000298023224,0.0,0.0,50.0,0.20000000298023224,34.268001556396484,2.2030391693115234
