success_rate,collision_rate,mean_min_distance,near_miss_rate,mean_time,mean_episode_reward,distance_warning_cost_mean,distance_warning_cost_p50,distance_warning_cost_p90,distance_warning_cost_p95,distance_warning_cost_max,risk_sum_mean,risk_sum_p50,risk_sum_p90,risk_sum_p95,risk_sum_max,risk_max_mean,risk_max_p50,risk_max_p90,risk_max_p95,risk_max_max,applied_cost_mean,distance_warning_cost_nonzero_rate,scenario_valid_rate,planned_threat_valid_rate,threat_valid_rate,realized_near_miss_rate,predicted_cpa_to_nominal_path_mean
0.9599999785423279,0.03999999910593033,2.339580535888672,0.03999999910593033,8.315999984741211,21.112377166748047,0.002224816009402275,4.478391929296777e-06,0.005925020202994347,0.008522188290953636,0.419080525636673,0.020250415429472923,0.015831846743822098,0.0361621230840683,0.04332651197910309,0.9319024682044983,0.02024911716580391,0.015831846743822098,0.03615717589855194,0.04329861328005791,0.9319024682044983,0.0,0.04,1.0,1.0,1.0,0.18000000715255737,nan
