success_rate,collision_rate,mean_min_distance,near_miss_rate,mean_time,mean_episode_reward,distance_warning_cost_mean,distance_warning_cost_p50,distance_warning_cost_p90,distance_warning_cost_p95,distance_warning_cost_max,risk_sum_mean,risk_sum_p50,risk_sum_p90,risk_sum_p95,risk_sum_max,risk_max_mean,risk_max_p50,risk_max_p90,risk_max_p95,risk_max_max,applied_cost_mean,distance_warning_cost_nonzero_rate,scenario_valid_rate,planned_threat_valid_rate,threat_valid_rate,realized_near_miss_rate,predicted_cpa_to_nominal_path_mean
1.0,0.0,2.177393674850464,0.019999999552965164,8.555999755859375,22.129539489746094,0.004059724509716034,0.0,0.014416822232306004,0.031368255615234375,1.6233282089233398,0.0022360573057085276,3.863225472855447e-08,0.011333915404975414,0.01826593279838562,0.8393061757087708,0.0022355213295668364,3.8324920126342477e-08,0.011333305388689041,0.018265897408127785,0.8393061757087708,0.0,0.36,1.0,1.0,1.0,0.019999999552965164,nan
