success_rate,collision_rate,mean_min_distance,near_miss_rate,mean_time,mean_episode_reward,distance_warning_cost_mean,distance_warning_cost_p50,distance_warning_cost_p90,distance_warning_cost_p95,distance_warning_cost_max,risk_sum_mean,risk_sum_p50,risk_sum_p90,risk_sum_p95,risk_sum_max,risk_max_mean,risk_max_p50,risk_max_p90,risk_max_p95,risk_max_max,applied_cost_mean,distance_warning_cost_nonzero_rate,scenario_valid_rate,planned_threat_valid_rate,threat_valid_rate,realized_near_miss_rate,predicted_cpa_to_nominal_path_mean,mean_reaction_eval_style,mean_reaction_nan_style,nan_reaction_rate,no_response_count,total_episodes,reaction_time,mean_risk_rise_time,mean_min_distance_after_turn
0.9800000190734863,0.019999999552965164,2.228428840637207,0.019999999552965164,8.184000015258789,21.743886947631836,0.00993262603878975,0.0,0.024934731423854828,0.06831428408622742,3.2074761390686035,0.0047403015196323395,5.071139457868412e-05,0.022445328533649445,0.029749225825071335,0.9590505957603455,0.004738531541079283,5.071131818112917e-05,0.022442666813731194,0.029739417135715485,0.9590505957603455,0.0,0.38,1.0,1.0,1.0,0.10000000149011612,2.388965469890536e-07,0.20799998939037323,0.20799998939037323,0.0,0.0,50.0,0.20799998939037323,36.30400085449219,2.368271827697754
