success_rate,collision_rate,mean_min_distance,near_miss_rate,mean_time,mean_episode_reward,distance_warning_cost_mean,distance_warning_cost_p50,distance_warning_cost_p90,distance_warning_cost_p95,distance_warning_cost_max,risk_sum_mean,risk_sum_p50,risk_sum_p90,risk_sum_p95,risk_sum_max,risk_max_mean,risk_max_p50,risk_max_p90,risk_max_p95,risk_max_max,applied_cost_mean,distance_warning_cost_nonzero_rate,scenario_valid_rate,planned_threat_valid_rate,threat_valid_rate,realized_near_miss_rate,predicted_cpa_to_nominal_path_mean
1.0,0.0,1.3568284511566162,0.07999999821186066,8.116000175476074,22.06122398376465,7.173273479565978e-05,0.0,6.791986379539594e-05,0.0005992391961626709,0.041000645607709885,0.006518742069602013,0.0003664616378955543,0.018484091386198997,0.03420254960656166,0.43585389852523804,0.006399058271199465,0.0003534146526362747,0.017929086461663246,0.03376969322562218,0.43585389852523804,0.0,0.08,1.0,1.0,1.0,0.6600000262260437,nan
