success_rate,collision_rate,mean_min_distance,near_miss_rate,mean_time,mean_episode_reward,distance_warning_cost_mean,distance_warning_cost_p50,distance_warning_cost_p90,distance_warning_cost_p95,distance_warning_cost_max,risk_sum_mean,risk_sum_p50,risk_sum_p90,risk_sum_p95,risk_sum_max,risk_max_mean,risk_max_p50,risk_max_p90,risk_max_p95,risk_max_max,applied_cost_mean,distance_warning_cost_nonzero_rate,scenario_valid_rate,planned_threat_valid_rate,threat_valid_rate,realized_near_miss_rate,predicted_cpa_to_nominal_path_mean
0.9800000190734863,0.019999999552965164,1.825761318206787,0.019999999552965164,7.755999565124512,22.042421340942383,0.00032535643549636006,0.0,0.0,0.0009190022246912122,0.4103596806526184,0.0030480725690722466,5.123206303636607e-09,0.0161933284252882,0.020522132515907288,0.9306412935256958,0.003047259757295251,5.123206303636607e-09,0.01619144342839718,0.02051740325987339,0.9306412935256958,0.0,0.02,1.0,1.0,1.0,0.1599999964237213,nan
