success_rate,collision_rate,mean_min_distance,near_miss_rate,mean_time,mean_episode_reward,distance_warning_cost_mean,distance_warning_cost_p50,distance_warning_cost_p90,distance_warning_cost_p95,distance_warning_cost_max,risk_sum_mean,risk_sum_p50,risk_sum_p90,risk_sum_p95,risk_sum_max,risk_max_mean,risk_max_p50,risk_max_p90,risk_max_p95,risk_max_max,applied_cost_mean,distance_warning_cost_nonzero_rate,scenario_valid_rate,planned_threat_valid_rate,threat_valid_rate,realized_near_miss_rate,predicted_cpa_to_nominal_path_mean
0.9800000190734863,0.019999999552965164,1.7857117652893066,0.019999999552965164,7.496000289916992,22.049419403076172,0.00021470738283824176,0.0,0.0,0.00026267694192938507,0.3206911087036133,0.0024800817482173443,3.082063770865062e-11,0.015134538523852825,0.01799791119992733,0.916914701461792,0.002479612361639738,3.082063770865062e-11,0.015134334564208984,0.01799536496400833,0.916914701461792,0.0,0.02,1.0,1.0,1.0,0.1599999964237213,nan
