success_rate,collision_rate,mean_min_distance,near_miss_rate,mean_time,mean_episode_reward,distance_warning_cost_mean,distance_warning_cost_p50,distance_warning_cost_p90,distance_warning_cost_p95,distance_warning_cost_max,risk_sum_mean,risk_sum_p50,risk_sum_p90,risk_sum_p95,risk_sum_max,risk_max_mean,risk_max_p50,risk_max_p90,risk_max_p95,risk_max_max,applied_cost_mean,distance_warning_cost_nonzero_rate,scenario_valid_rate,planned_threat_valid_rate,threat_valid_rate,realized_near_miss_rate,predicted_cpa_to_nominal_path_mean
0.800000011920929,0.07999999821186066,1.4901760816574097,0.30000001192092896,17.615999221801758,18.091995239257812,0.04426486790180206,4.319168056099443e-06,0.14287596940994263,0.2890387177467346,2.7282164096832275,0.035095423460006714,0.0012772177578881383,0.12883251905441284,0.22120141983032227,1.6399880647659302,0.03249787911772728,0.0012517679715529084,0.12012135237455368,0.2123662829399109,0.9327167272567749,0.0,0.82,1.0,1.0,1.0,0.41999998688697815,nan
