success_rate,collision_rate,mean_min_distance,near_miss_rate,mean_time,mean_episode_reward,distance_warning_cost_mean,distance_warning_cost_p50,distance_warning_cost_p90,distance_warning_cost_p95,distance_warning_cost_max,risk_sum_mean,risk_sum_p50,risk_sum_p90,risk_sum_p95,risk_sum_max,risk_max_mean,risk_max_p50,risk_max_p90,risk_max_p95,risk_max_max,applied_cost_mean,distance_warning_cost_nonzero_rate,scenario_valid_rate,planned_threat_valid_rate,threat_valid_rate,realized_near_miss_rate,predicted_cpa_to_nominal_path_mean,mean_reaction_eval_style,mean_reaction_nan_style,nan_reaction_rate,no_response_count,total_episodes,reaction_time,mean_risk_rise_time,mean_min_distance_after_turn
0.9800000190734863,0.019999999552965164,1.8955345153808594,0.05999999865889549,8.076000213623047,21.774211883544922,0.0003290864697191864,0.0,0.0,0.0014040974201634526,0.33698129653930664,0.0042585511691868305,0.00010900945198955014,0.011886614374816418,0.02755526825785637,0.9195233583450317,0.004257525317370892,0.00010900942288571969,0.011877138167619705,0.02754184417426586,0.9195233583450317,0.0,0.06,1.0,1.0,1.0,0.25999999046325684,2.388965469890536e-07,0.24400000274181366,0.24400000274181366,0.0,0.0,50.0,0.24400000274181366,35.652000427246094,2.0082807540893555
