success_rate,collision_rate,mean_min_distance,near_miss_rate,mean_time,mean_episode_reward,distance_warning_cost_mean,distance_warning_cost_p50,distance_warning_cost_p90,distance_warning_cost_p95,distance_warning_cost_max,risk_sum_mean,risk_sum_p50,risk_sum_p90,risk_sum_p95,risk_sum_max,risk_max_mean,risk_max_p50,risk_max_p90,risk_max_p95,risk_max_max,applied_cost_mean,distance_warning_cost_nonzero_rate,scenario_valid_rate,planned_threat_valid_rate,threat_valid_rate,realized_near_miss_rate,predicted_cpa_to_nominal_path_mean
0.8199999928474426,0.18000000715255737,1.6043788194656372,0.2199999988079071,11.520001411437988,18.15826416015625,0.03943977504968643,0.0,0.1258009672164917,0.25940415263175964,2.7338509559631348,0.03316990286111832,5.267888354865136e-06,0.12347842007875443,0.22491490840911865,2.028679132461548,0.026854699477553368,5.213189979258459e-06,0.1110728457570076,0.19155991077423096,0.9330347776412964,0.0,0.66,1.0,1.0,1.0,0.4000000059604645,nan
