success_rate,collision_rate,mean_min_distance,near_miss_rate,mean_time,mean_episode_reward,distance_warning_cost_mean,distance_warning_cost_p50,distance_warning_cost_p90,distance_warning_cost_p95,distance_warning_cost_max,risk_sum_mean,risk_sum_p50,risk_sum_p90,risk_sum_p95,risk_sum_max,risk_max_mean,risk_max_p50,risk_max_p90,risk_max_p95,risk_max_max,applied_cost_mean,distance_warning_cost_nonzero_rate,scenario_valid_rate,planned_threat_valid_rate,threat_valid_rate,realized_near_miss_rate,predicted_cpa_to_nominal_path_mean
1.0,0.0,1.6727720499038696,0.019999999552965164,9.483999252319336,21.803964614868164,0.02281714417040348,2.102992220898159e-05,0.0819128230214119,0.14270630478858948,2.0080504417419434,0.007029135711491108,0.0004141680838074535,0.021750424057245255,0.035660937428474426,2.191711902618408,0.006200558040291071,0.0004138153453823179,0.02173328399658203,0.034035734832286835,0.889951229095459,0.0,0.82,1.0,1.0,1.0,0.36000001430511475,nan
