success_rate,collision_rate,mean_min_distance,near_miss_rate,mean_time,mean_episode_reward,distance_warning_cost_mean,distance_warning_cost_p50,distance_warning_cost_p90,distance_warning_cost_p95,distance_warning_cost_max,risk_sum_mean,risk_sum_p50,risk_sum_p90,risk_sum_p95,risk_sum_max,risk_max_mean,risk_max_p50,risk_max_p90,risk_max_p95,risk_max_max,applied_cost_mean,distance_warning_cost_nonzero_rate,scenario_valid_rate,planned_threat_valid_rate,threat_valid_rate,realized_near_miss_rate,predicted_cpa_to_nominal_path_mean
0.9800000190734863,0.019999999552965164,3.001845121383667,0.019999999552965164,9.779999732971191,21.811351776123047,0.003207705682143569,0.0,0.00488444697111845,0.022992612794041634,2.2907440662384033,0.001890415558591485,2.3685384764604578e-09,0.006105365697294474,0.017699414864182472,0.9072874784469604,0.0018904046155512333,2.368298224197929e-09,0.006105275824666023,0.017699403688311577,0.9072874784469604,0.0,0.12,1.0,1.0,1.0,0.05999999865889549,nan
