success_rate,collision_rate,mean_min_distance,near_miss_rate,mean_time,mean_episode_reward,distance_warning_cost_mean,distance_warning_cost_p50,distance_warning_cost_p90,distance_warning_cost_p95,distance_warning_cost_max,risk_sum_mean,risk_sum_p50,risk_sum_p90,risk_sum_p95,risk_sum_max,risk_max_mean,risk_max_p50,risk_max_p90,risk_max_p95,risk_max_max,applied_cost_mean,distance_warning_cost_nonzero_rate,scenario_valid_rate,planned_threat_valid_rate,threat_valid_rate,realized_near_miss_rate,predicted_cpa_to_nominal_path_mean
0.9800000190734863,0.019999999552965164,1.3188437223434448,0.07999999821186066,8.279999732971191,21.382471084594727,0.0003716462233569473,0.0,0.0,0.0006726596038788557,0.5028146505355835,0.009054438211023808,0.00046236804337240756,0.033928412944078445,0.05436528101563454,0.9434790015220642,0.009000547230243683,0.0004430685949046165,0.0337541326880455,0.053739067167043686,0.9434790015220642,0.0,0.08,1.0,1.0,1.0,0.7400000095367432,nan
