success_rate,collision_rate,mean_min_distance,near_miss_rate,mean_time,mean_episode_reward,distance_warning_cost_mean,distance_warning_cost_p50,distance_warning_cost_p90,distance_warning_cost_p95,distance_warning_cost_max,risk_sum_mean,risk_sum_p50,risk_sum_p90,risk_sum_p95,risk_sum_max,risk_max_mean,risk_max_p50,risk_max_p90,risk_max_p95,risk_max_max,applied_cost_mean,distance_warning_cost_nonzero_rate,scenario_valid_rate,planned_threat_valid_rate,threat_valid_rate,realized_near_miss_rate,predicted_cpa_to_nominal_path_mean,mean_reaction_eval_style,mean_reaction_nan_style,nan_reaction_rate,no_response_count,total_episodes,reaction_time,mean_risk_rise_time,mean_min_distance_after_turn
0.9800000190734863,0.019999999552965164,1.9386727809906006,0.11999999731779099,8.324000358581543,21.81342124938965,0.00026235447148792446,0.0,0.0,0.0011550807394087315,0.2509561777114868,0.00634863181039691,1.576279146320303e-06,0.01758512482047081,0.049795180559158325,0.9050102829933167,0.006348624359816313,1.5755655340399244e-06,0.017585108056664467,0.04979509860277176,0.9050102829933167,0.0,0.12,1.0,1.0,1.0,0.2800000011920929,3.4775345625348564e-07,0.20000000298023224,0.20000000298023224,0.0,0.0,50.0,0.20000000298023224,35.63199996948242,2.0375702381134033
