success_rate,collision_rate,mean_min_distance,near_miss_rate,mean_time,mean_episode_reward,distance_warning_cost_mean,distance_warning_cost_p50,distance_warning_cost_p90,distance_warning_cost_p95,distance_warning_cost_max,risk_sum_mean,risk_sum_p50,risk_sum_p90,risk_sum_p95,risk_sum_max,risk_max_mean,risk_max_p50,risk_max_p90,risk_max_p95,risk_max_max,applied_cost_mean,distance_warning_cost_nonzero_rate,scenario_valid_rate,planned_threat_valid_rate,threat_valid_rate,realized_near_miss_rate,predicted_cpa_to_nominal_path_mean
0.9599999785423279,0.03999999910593033,2.0193214416503906,0.03999999910593033,8.14799976348877,21.454660415649414,0.00043736034422181547,0.0,0.0,0.0016416290309280157,0.3099501430988312,0.0056956978514790535,6.294038640969335e-13,0.030035557225346565,0.03417179733514786,0.9151624441146851,0.0056956978514790535,6.294038640969335e-13,0.030035553500056267,0.03417179733514786,0.9151624441146851,0.0,0.04,1.0,1.0,1.0,0.11999999731779099,nan
