success_rate,collision_rate,mean_min_distance,near_miss_rate,mean_time,mean_episode_reward,distance_warning_cost_mean,distance_warning_cost_p50,distance_warning_cost_p90,distance_warning_cost_p95,distance_warning_cost_max,risk_sum_mean,risk_sum_p50,risk_sum_p90,risk_sum_p95,risk_sum_max,risk_max_mean,risk_max_p50,risk_max_p90,risk_max_p95,risk_max_max,applied_cost_mean,distance_warning_cost_nonzero_rate,scenario_valid_rate,planned_threat_valid_rate,threat_valid_rate,realized_near_miss_rate,predicted_cpa_to_nominal_path_mean,mean_reaction_eval_style,mean_reaction_nan_style,nan_reaction_rate,no_response_count,total_episodes,reaction_time,mean_risk_rise_time,mean_min_distance_after_turn
0.9800000190734863,0.019999999552965164,2.243138313293457,0.019999999552965164,8.32800006866455,21.864580154418945,0.008342040702700615,0.0,0.02461598441004753,0.061542805284261703,2.289461135864258,0.002297316212207079,1.541284473205451e-05,0.0032583794090896845,0.01618175581097603,0.9072105884552002,0.002297316212207079,1.541284473205451e-05,0.0032583794090896845,0.01618175581097603,0.9072105884552002,0.0,0.32,1.0,1.0,1.0,0.14000000059604645,3.4775345625348564e-07,0.23999999463558197,0.23999999463558197,0.0,0.0,50.0,0.23999999463558197,36.3120002746582,2.3651747703552246
