success_rate,collision_rate,mean_min_distance,near_miss_rate,mean_time,mean_episode_reward,distance_warning_cost_mean,distance_warning_cost_p50,distance_warning_cost_p90,distance_warning_cost_p95,distance_warning_cost_max,risk_sum_mean,risk_sum_p50,risk_sum_p90,risk_sum_p95,risk_sum_max,risk_max_mean,risk_max_p50,risk_max_p90,risk_max_p95,risk_max_max,applied_cost_mean,mean_reaction_eval_style,mean_reaction_nan_style,nan_reaction_rate,no_response_count,total_episodes,reaction_time,mean_risk_rise_time,mean_min_distance_after_turn
1.0,0.0,1.3045780658721924,0.11999999731779099,7.291999340057373,22.323009490966797,5.93271033721976e-06,0.0,0.0,5.8286454986955505e-06,0.004674275405704975,0.025045542046427727,0.0005315379821695387,0.06900536268949509,0.12544314563274384,0.6677379608154297,0.024608902633190155,0.00051662209443748,0.06789574772119522,0.1243000477552414,0.6670383810997009,0.0,0.2160000056028366,0.2160000056028366,0.0,0.0,50.0,0.2160000056028366,36.263999938964844,1.8523221015930176
