success_rate,collision_rate,mean_min_distance,near_miss_rate,mean_time,mean_episode_reward,distance_warning_cost_mean,distance_warning_cost_p50,distance_warning_cost_p90,distance_warning_cost_p95,distance_warning_cost_max,risk_sum_mean,risk_sum_p50,risk_sum_p90,risk_sum_p95,risk_sum_max,risk_max_mean,risk_max_p50,risk_max_p90,risk_max_p95,risk_max_max,applied_cost_mean,mean_reaction_eval_style,mean_reaction_nan_style,nan_reaction_rate,no_response_count,total_episodes,reaction_time,mean_risk_rise_time,mean_min_distance_after_turn
0.9200000166893005,0.07999999821186066,0.8767104148864746,0.7400000095367432,7.347999095916748,20.58551025390625,0.003807647153735161,0.0,0.008623318746685982,0.020177938044071198,0.44910091161727905,0.08711349219083786,0.00015161636110860854,0.37863627076148987,0.5062925815582275,0.955262303352356,0.08679789304733276,0.00015151299885474145,0.37504279613494873,0.5055801272392273,0.9361589550971985,0.0,0.20000000298023224,0.20000000298023224,0.0,0.0,50.0,0.20000000298023224,37.0,0.8856424689292908
