success_rate,collision_rate,mean_min_distance,near_miss_rate,mean_time,mean_episode_reward,distance_warning_cost_mean,distance_warning_cost_p50,distance_warning_cost_p90,distance_warning_cost_p95,distance_warning_cost_max,risk_sum_mean,risk_sum_p50,risk_sum_p90,risk_sum_p95,risk_sum_max,risk_max_mean,risk_max_p50,risk_max_p90,risk_max_p95,risk_max_max,applied_cost_mean
1.0,0.0,1.3609111309051514,0.30000001192092896,6.931999683380127,22.28626251220703,0.0004902899381704628,0.0,0.00025937636382877827,0.0018700436921790242,0.1459175944328308,0.040222782641649246,0.0009721655515022576,0.12264402210712433,0.23451514542102814,0.8837317824363708,0.0398232601583004,0.0009720191592350602,0.12133760750293732,0.2330760955810547,0.8837317824363708,0.0
