success_rate,collision_rate,mean_min_distance,near_miss_rate,mean_time,mean_episode_reward,distance_warning_cost_mean,distance_warning_cost_p50,distance_warning_cost_p90,distance_warning_cost_p95,distance_warning_cost_max,risk_sum_mean,risk_sum_p50,risk_sum_p90,risk_sum_p95,risk_sum_max,risk_max_mean,risk_max_p50,risk_max_p90,risk_max_p95,risk_max_max,applied_cost_mean
0.9800000190734863,0.019999999552965164,1.5225021839141846,0.14000000059604645,7.164000034332275,21.751598358154297,0.0003845011524390429,0.0,0.0,0.002860286273062229,0.28932371735572815,0.021650247275829315,0.0004628192400559783,0.06033213436603546,0.11358124762773514,0.9117199778556824,0.021593382582068443,0.0004617997328750789,0.05989235267043114,0.11339408904314041,0.9117199778556824,0.0
