success_rate,collision_rate,mean_min_distance,near_miss_rate,mean_time,mean_episode_reward,distance_warning_cost_mean,distance_warning_cost_p50,distance_warning_cost_p90,distance_warning_cost_p95,distance_warning_cost_max,risk_sum_mean,risk_sum_p50,risk_sum_p90,risk_sum_p95,risk_sum_max,risk_max_mean,risk_max_p50,risk_max_p90,risk_max_p95,risk_max_max,applied_cost_mean
0.9800000190734863,0.019999999552965164,0.8751556873321533,0.800000011920929,6.768000602722168,21.489877700805664,0.003627379424870014,0.0009622553479857743,0.008153586648404598,0.016060635447502136,0.21072110533714294,0.09014241397380829,0.033441606909036636,0.16590076684951782,0.40101689100265503,1.3801076412200928,0.08360788971185684,0.032093197107315063,0.1526433825492859,0.3721325695514679,0.8920519351959229,0.0
