success_rate,collision_rate,mean_min_distance,near_miss_rate,mean_time,mean_episode_reward,distance_warning_cost_mean,distance_warning_cost_p50,distance_warning_cost_p90,distance_warning_cost_p95,distance_warning_cost_max,risk_sum_mean,risk_sum_p50,risk_sum_p90,risk_sum_p95,risk_sum_max,risk_max_mean,risk_max_p50,risk_max_p90,risk_max_p95,risk_max_max,applied_cost_mean
0.9800000190734863,0.019999999552965164,1.2440760135650635,0.46000000834465027,6.684000015258789,21.777433395385742,0.001033202512189746,0.0,0.0013778568245470524,0.004692654125392437,0.3265284597873688,0.06631949543952942,0.004343572538346052,0.22219333052635193,0.34297430515289307,0.9178945422172546,0.0645919218659401,0.004318326245993376,0.21579325199127197,0.33527642488479614,0.9178560972213745,0.0
