success_rate,collision_rate,mean_min_distance,near_miss_rate,mean_time,mean_episode_reward,distance_warning_cost_mean,distance_warning_cost_p50,distance_warning_cost_p90,distance_warning_cost_p95,distance_warning_cost_max,risk_sum_mean,risk_sum_p50,risk_sum_p90,risk_sum_p95,risk_sum_max,risk_max_mean,risk_max_p50,risk_max_p90,risk_max_p95,risk_max_max,applied_cost_mean,mean_reaction_eval_style,mean_reaction_nan_style,nan_reaction_rate,no_response_count,total_episodes,reaction_time,mean_risk_rise_time,mean_min_distance_after_turn
0.800000011920929,0.20000000298023224,0.8446306586265564,0.800000011920929,6.9720001220703125,18.29143714904785,0.004674926400184631,0.0,0.01004749909043312,0.025411318987607956,0.4166642129421234,0.126459538936615,0.016080547124147415,0.45126697421073914,0.5413805246353149,1.1105680465698242,0.12544625997543335,0.015357201918959618,0.44979506731033325,0.540488600730896,0.9315541982650757,0.0,1.2999998331069946,0.5714285969734192,0.02,1.0,50.0,1.2999998331069946,37.0,0.8491253852844238
