success_rate,collision_rate,mean_min_distance,near_miss_rate,mean_time,mean_episode_reward,distance_warning_cost_mean,distance_warning_cost_p50,distance_warning_cost_p90,distance_warning_cost_p95,distance_warning_cost_max,risk_sum_mean,risk_sum_p50,risk_sum_p90,risk_sum_p95,risk_sum_max,risk_max_mean,risk_max_p50,risk_max_p90,risk_max_p95,risk_max_max,applied_cost_mean,mean_reaction_eval_style,mean_reaction_nan_style,nan_reaction_rate,no_response_count,total_episodes,reaction_time,mean_risk_rise_time,mean_min_distance_after_turn
0.8799999952316284,0.11999999731779099,0.888641893863678,0.699999988079071,7.051999568939209,19.846586227416992,0.0035578173119574785,0.0,0.006708014756441116,0.01679949089884758,0.46079984307289124,0.10251227021217346,0.008612112142145634,0.40121224522590637,0.5032506585121155,1.3374996185302734,0.10205545276403427,0.008340990170836449,0.40108177065849304,0.5032280683517456,0.9377840757369995,0.0,0.30399999022483826,0.30399999022483826,0.0,0.0,50.0,0.30399999022483826,37.0,0.9037905931472778
